<?xml version="1.0"?>
<COLLADA xmlns="http://www.collada.org/2005/11/COLLADASchema" version="1.4.1">
  <asset>
    <contributor>
      <author>Assimp</author>
      <authoring_tool>Assimp Exporter</authoring_tool>
    </contributor>
    <created>2017-10-18T22:58:29</created>
    <modified>2017-10-18T22:58:29</modified>
    <unit name="meter" meter="1" />
    <up_axis>Y_UP</up_axis>
  </asset>
  <library_effects>
    <effect id="lambert17SG-fx" name="lambert17SG">
      <profile_COMMON>
        <technique sid="standard">
          <phong>
            <emission>
              <color sid="emission">0   0   0   1</color>
            </emission>
            <ambient>
              <color sid="ambient">0   0   0   1</color>
            </ambient>
            <diffuse>
              <color sid="diffuse">0.5   0   0   1</color>
            </diffuse>
            <specular>
              <color sid="specular">0   0   0   1</color>
            </specular>
            <shininess>
              <float sid="shininess">0</float>
            </shininess>
            <transparency>
              <float sid="transparency">0</float>
            </transparency>
            <index_of_refraction>
              <float sid="index_of_refraction">1</float>
            </index_of_refraction>
          </phong>
        </technique>
      </profile_COMMON>
    </effect>
  </library_effects>
  <library_materials>
    <material id="lambert17SG" name="lambert17SG">
      <instance_effect url="#lambert17SG-fx"/>
    </material>
  </library_materials>
  <library_geometries>
    <geometry id="meshId0" name="meshId0_name" >
      <mesh>
        <source id="meshId0-positions" name="meshId0-positions">
          <float_array id="meshId0-positions-array" count="24"> -0.71291 -0.171016 0.362587 0.71291 -0.171016 0.362587 0.71291 0.84785 0.362587 -0.71291 0.84785 0.362587 -0.71291 0.84785 0.350147 0.71291 0.84785 0.350147 0.71291 -0.171016 0.350147 -0.71291 -0.171016 0.350147 </float_array>
          <technique_common>
            <accessor count="8" offset="0" source="#meshId0-positions-array" stride="3">
              <param name="X" type="float" />
              <param name="Y" type="float" />
              <param name="Z" type="float" />
            </accessor>
          </technique_common>
        </source>
        <source id="meshId0-normals" name="meshId0-normals">
          <float_array id="meshId0-normals-array" count="24"> 0 0 1 0 0 1 0 0 1 0 0 1 0 0 -1 0 0 -1 0 0 -1 0 0 -1 </float_array>
          <technique_common>
            <accessor count="8" offset="0" source="#meshId0-normals-array" stride="3">
              <param name="X" type="float" />
              <param name="Y" type="float" />
              <param name="Z" type="float" />
            </accessor>
          </technique_common>
        </source>
        <source id="meshId0-tangents" name="meshId0-tangents">
          <float_array id="meshId0-tangents-array" count="24"> 1 0 0 1 0 0 1 0 0 1 0 0 -1 0 0 -1 0 0 -1 0 0 -1 0 0 </float_array>
          <technique_common>
            <accessor count="8" offset="0" source="#meshId0-tangents-array" stride="3">
              <param name="X" type="float" />
              <param name="Y" type="float" />
              <param name="Z" type="float" />
            </accessor>
          </technique_common>
        </source>
        <source id="meshId0-bitangents" name="meshId0-bitangents">
          <float_array id="meshId0-bitangents-array" count="24"> 0 1 0 0 1 0 0 1 0 0 1 0 0 1 0 0 1 0 0 1 0 0 1 0 </float_array>
          <technique_common>
            <accessor count="8" offset="0" source="#meshId0-bitangents-array" stride="3">
              <param name="X" type="float" />
              <param name="Y" type="float" />
              <param name="Z" type="float" />
            </accessor>
          </technique_common>
        </source>
        <source id="meshId0-tex0" name="meshId0-tex0">
          <float_array id="meshId0-tex0-array" count="16"> 0.509372 0.373475 0.812541 0.373475 0.812541 0.590114 0.509372 0.590114 0.812534 0.369548 0.509365 0.369548 0.509365 0.152909 0.812533 0.152909 </float_array>
          <technique_common>
            <accessor count="8" offset="0" source="#meshId0-tex0-array" stride="2">
              <param name="S" type="float" />
              <param name="T" type="float" />
            </accessor>
          </technique_common>
        </source>
        <vertices id="meshId0-vertices">
          <input semantic="POSITION" source="#meshId0-positions" />
          <input semantic="NORMAL" source="#meshId0-normals" />
          <input semantic="TANGENT" source="#meshId0-tangents" />
          <input semantic="BINORMAL" source="#meshId0-bitangents" />
          <input semantic="TEXCOORD" source="#meshId0-tex0"  />
        </vertices>
        <polylist count="4" material="defaultMaterial">
          <input offset="0" semantic="VERTEX" source="#meshId0-vertices" />
          <vcount>3 3 3 3 </vcount>
          <p>3 0 1 1 2 3 7 4 5 5 6 7 </p>
        </polylist>
      </mesh>
    </geometry>
    <geometry id="meshId1" name="meshId1_name" >
      <mesh>
        <source id="meshId1-positions" name="meshId1-positions">
          <float_array id="meshId1-positions-array" count="24"> -0.733389 -0.180954 -0.339334 -0.733389 -0.180954 0.339157 -0.733389 0.829271 0.339157 -0.733389 0.829271 -0.339334 -0.720949 0.829271 -0.339334 -0.720949 0.829271 0.339157 -0.720949 -0.180954 0.339157 -0.720949 -0.180954 -0.339334 </float_array>
          <technique_common>
            <accessor count="8" offset="0" source="#meshId1-positions-array" stride="3">
              <param name="X" type="float" />
              <param name="Y" type="float" />
              <param name="Z" type="float" />
            </accessor>
          </technique_common>
        </source>
        <source id="meshId1-normals" name="meshId1-normals">
          <float_array id="meshId1-normals-array" count="24"> -1 0 0 -1 0 0 -1 0 0 -1 0 0 1 0 0 1 0 0 1 0 0 1 0 0 </float_array>
          <technique_common>
            <accessor count="8" offset="0" source="#meshId1-normals-array" stride="3">
              <param name="X" type="float" />
              <param name="Y" type="float" />
              <param name="Z" type="float" />
            </accessor>
          </technique_common>
        </source>
        <source id="meshId1-tangents" name="meshId1-tangents">
          <float_array id="meshId1-tangents-array" count="24"> 0 0 1 0 0 1 0 0 1 0 0 1 0 0 -1 0 0 -1 0 0 -1 0 0 -1 </float_array>
          <technique_common>
            <accessor count="8" offset="0" source="#meshId1-tangents-array" stride="3">
              <param name="X" type="float" />
              <param name="Y" type="float" />
              <param name="Z" type="float" />
            </accessor>
          </technique_common>
        </source>
        <source id="meshId1-bitangents" name="meshId1-bitangents">
          <float_array id="meshId1-bitangents-array" count="24"> 0 1 -0 0 1 -0 0 1 -0 0 1 -0 -0 1 0 -0 1 0 -0 1 0 -0 1 0 </float_array>
          <technique_common>
            <accessor count="8" offset="0" source="#meshId1-bitangents-array" stride="3">
              <param name="X" type="float" />
              <param name="Y" type="float" />
              <param name="Z" type="float" />
            </accessor>
          </technique_common>
        </source>
        <source id="meshId1-tex0" name="meshId1-tex0">
          <float_array id="meshId1-tex0-array" count="16"> 0.350176 0.361366 0.486416 0.361366 0.486416 0.564216 0.350176 0.564216 0.486835 0.356468 0.350595 0.356468 0.350595 0.153618 0.486835 0.153618 </float_array>
          <technique_common>
            <accessor count="8" offset="0" source="#meshId1-tex0-array" stride="2">
              <param name="S" type="float" />
              <param name="T" type="float" />
            </accessor>
          </technique_common>
        </source>
        <vertices id="meshId1-vertices">
          <input semantic="POSITION" source="#meshId1-positions" />
          <input semantic="NORMAL" source="#meshId1-normals" />
          <input semantic="TANGENT" source="#meshId1-tangents" />
          <input semantic="BINORMAL" source="#meshId1-bitangents" />
          <input semantic="TEXCOORD" source="#meshId1-tex0"  />
        </vertices>
        <polylist count="4" material="defaultMaterial">
          <input offset="0" semantic="VERTEX" source="#meshId1-vertices" />
          <vcount>3 3 3 3 </vcount>
          <p>3 0 1 1 2 3 7 4 5 5 6 7 </p>
        </polylist>
      </mesh>
    </geometry>
    <geometry id="meshId2" name="meshId2_name" >
      <mesh>
        <source id="meshId2-positions" name="meshId2-positions">
          <float_array id="meshId2-positions-array" count="186"> -0.35963 -0.176979 -0.198679 -0.365973 -0.173972 -0.203779 -0.364983 -0.171884 -0.203779 -0.358641 -0.174891 -0.198679 -0.365973 -0.173972 -0.203779 -0.373813 -0.170255 -0.203779 -0.372824 -0.168167 -0.203779 -0.364983 -0.171884 -0.203779 -0.373813 -0.170255 -0.203779 -0.380156 -0.167248 -0.198679 -0.379166 -0.16516 -0.198679 -0.372824 -0.168167 -0.203779 -0.380156 -0.167248 -0.198679 -0.382579 -0.166099 -0.190427 -0.381589 -0.164012 -0.190427 -0.379166 -0.16516 -0.198679 -0.382579 -0.166099 -0.190427 -0.380156 -0.167248 -0.182175 -0.379166 -0.16516 -0.182175 -0.381589 -0.164012 -0.190427 -0.380156 -0.167248 -0.182175 -0.373813 -0.170255 -0.177075 -0.372824 -0.168167 -0.177075 -0.379166 -0.16516 -0.182175 -0.373813 -0.170255 -0.177075 -0.365973 -0.173972 -0.177075 -0.364983 -0.171884 -0.177075 -0.372824 -0.168167 -0.177075 -0.365973 -0.173972 -0.177075 -0.35963 -0.176979 -0.182175 -0.358641 -0.174891 -0.182175 -0.364983 -0.171884 -0.177075 -0.35963 -0.176979 -0.182175 -0.357208 -0.178128 -0.190427 -0.356218 -0.17604 -0.190427 -0.358641 -0.174891 -0.182175 -0.357208 -0.178128 -0.190427 -0.35963 -0.176979 -0.198679 -0.358641 -0.174891 -0.198679 -0.356218 -0.17604 -0.190427 -0.365973 -0.173972 -0.203779 -0.35963 -0.176979 -0.198679 -0.369893 -0.172113 -0.190427 -0.373813 -0.170255 -0.203779 -0.380156 -0.167248 -0.198679 -0.382579 -0.166099 -0.190427 -0.380156 -0.167248 -0.182175 -0.373813 -0.170255 -0.177075 -0.365973 -0.173972 -0.177075 -0.35963 -0.176979 -0.182175 -0.357208 -0.178128 -0.190427 -0.358641 -0.174891 -0.198679 -0.364983 -0.171884 -0.203779 -0.368904 -0.170026 -0.190427 -0.372824 -0.168167 -0.203779 -0.379166 -0.16516 -0.198679 -0.381589 -0.164012 -0.190427 -0.379166 -0.16516 -0.182175 -0.372824 -0.168167 -0.177075 -0.364983 -0.171884 -0.177075 -0.358641 -0.174891 -0.182175 -0.356218 -0.17604 -0.190427 </float_array>
          <technique_common>
            <accessor count="62" offset="0" source="#meshId2-positions-array" stride="3">
              <param name="X" type="float" />
              <param name="Y" type="float" />
              <param name="Z" type="float" />
            </accessor>
          </technique_common>
        </source>
        <source id="meshId2-normals" name="meshId2-normals">
          <float_array id="meshId2-normals-array" count="186"> 0.531119 -0.251801 -0.809017 0.531119 -0.251801 -0.809017 0.531119 -0.251801 -0.809017 0.531119 -0.251801 -0.809017 -0 0 -1 -0 0 -1 -0 0 -1 -0 0 -1 -0.531119 0.251801 -0.809017 -0.531119 0.251801 -0.809017 -0.531119 0.251801 -0.809017 -0.531119 0.251801 -0.809017 -0.859369 0.407423 -0.309017 -0.859369 0.407423 -0.309017 -0.859369 0.407423 -0.309017 -0.859369 0.407423 -0.309017 -0.859369 0.407423 0.309017 -0.859369 0.407423 0.309017 -0.859369 0.407423 0.309017 -0.859369 0.407423 0.309017 -0.531119 0.251801 0.809017 -0.531119 0.251801 0.809017 -0.531119 0.251801 0.809017 -0.531119 0.251801 0.809017 0 -0 1 0 -0 1 0 -0 1 0 -0 1 0.531119 -0.251801 0.809017 0.531119 -0.251801 0.809017 0.531119 -0.251801 0.809017 0.531119 -0.251801 0.809017 0.859369 -0.407423 0.309017 0.859369 -0.407423 0.309017 0.859369 -0.407423 0.309017 0.859369 -0.407423 0.309017 0.859369 -0.407423 -0.309017 0.859369 -0.407423 -0.309017 0.859369 -0.407423 -0.309017 0.859369 -0.407423 -0.309017 -0.42839 -0.903594 0 -0.42839 -0.903594 0 -0.42839 -0.903594 0 -0.42839 -0.903594 0 -0.42839 -0.903594 0 -0.42839 -0.903594 0 -0.42839 -0.903594 0 -0.42839 -0.903594 0 -0.42839 -0.903594 0 -0.42839 -0.903594 0 -0.42839 -0.903594 0 0.42839 0.903594 0 0.42839 0.903594 0 0.42839 0.903594 0 0.42839 0.903594 0 0.42839 0.903594 0 0.42839 0.903594 0 0.42839 0.903594 0 0.42839 0.903594 0 0.42839 0.903594 0 0.42839 0.903594 0 0.42839 0.903594 0 </float_array>
          <technique_common>
            <accessor count="62" offset="0" source="#meshId2-normals-array" stride="3">
              <param name="X" type="float" />
              <param name="Y" type="float" />
              <param name="Z" type="float" />
            </accessor>
          </technique_common>
        </source>
        <source id="meshId2-tangents" name="meshId2-tangents">
          <float_array id="meshId2-tangents-array" count="186"> 0.731021 -0.346578 0.587785 0.731024 -0.346573 0.587785 0.731024 -0.346572 0.587785 0.731022 -0.346577 0.587785 0.903678 -0.428212 0 0.903607 -0.428363 0 0.903592 -0.428393 0 0.903664 -0.428242 0 0.731021 -0.346578 -0.587785 0.731026 -0.346569 -0.587785 0.731027 -0.346567 -0.587785 0.731022 -0.346576 -0.587785 0.279227 -0.132377 -0.951056 0.279225 -0.132382 -0.951056 0.279224 -0.132384 -0.951057 0.279227 -0.132378 -0.951056 -0.279227 0.132377 -0.951056 -0.279225 0.132382 -0.951057 -0.279224 0.132384 -0.951057 -0.279227 0.132378 -0.951056 -0.731021 0.346578 -0.587785 -0.731026 0.346569 -0.587785 -0.731027 0.346567 -0.587785 -0.731022 0.346576 -0.587785 -0.903594 0.428389 0 -0.903593 0.428393 0 -0.903592 0.428393 0 -0.903594 0.42839 0 -0.731021 0.346578 0.587785 -0.731024 0.346573 0.587785 -0.731024 0.346572 0.587785 -0.731022 0.346577 0.587785 -0.279227 0.132378 0.951056 -0.279225 0.132383 0.951057 -0.279224 0.132384 0.951057 -0.279226 0.132379 0.951056 0.279227 -0.132378 0.951056 0.279225 -0.132383 0.951057 0.279224 -0.132384 0.951056 0.279226 -0.132379 0.951057 -1.3155e-05 6.23675e-06 1 6.69289e-06 -3.17307e-06 1 1.01239e-09 -4.80138e-10 1 1.31567e-05 -6.23755e-06 1 4.23693e-05 -2.00871e-05 1 1.62121e-09 -7.68626e-10 1 -4.2366e-05 2.00856e-05 1 -1.31551e-05 6.23676e-06 1 1.31568e-05 -6.23757e-06 1 -6.6913e-06 3.17231e-06 1 -5.50051e-11 2.60551e-11 1 4.25943e-05 -2.01938e-05 -1 1.27045e-05 -6.02313e-06 -1 -1.38968e-05 6.58841e-06 -1 -1.63424e-05 7.74784e-06 -1 -4.47488e-05 2.12152e-05 -1 -5.39341e-09 2.5563e-09 -1 -5.53275e-06 2.62305e-06 -1 -5.31325e-05 2.51899e-05 -1 -3.19015e-05 1.51244e-05 -1 -4.25983e-05 2.01956e-05 -1 -5.55553e-09 2.63591e-09 -1 </float_array>
          <technique_common>
            <accessor count="62" offset="0" source="#meshId2-tangents-array" stride="3">
              <param name="X" type="float" />
              <param name="Y" type="float" />
              <param name="Z" type="float" />
            </accessor>
          </technique_common>
        </source>
        <source id="meshId2-bitangents" name="meshId2-bitangents">
          <float_array id="meshId2-bitangents-array" count="186"> -0.428392 -0.903593 -2.25008e-06 -0.428389 -0.903594 7.89762e-07 -0.428388 -0.903595 1.37091e-06 -0.428392 -0.903593 -1.63913e-06 -0.428212 -0.903678 0 -0.428363 -0.903607 0 -0.428393 -0.903592 0 -0.428242 -0.903664 0 -0.428392 -0.903593 2.27988e-06 -0.428385 -0.903596 -3.78489e-06 -0.428383 -0.903597 -5.02169e-06 -0.428391 -0.903593 1.05798e-06 -0.428389 -0.903594 -3.30061e-06 -0.428391 -0.903594 2.80887e-06 -0.428391 -0.903593 4.01586e-06 -0.428389 -0.903594 -2.07871e-06 -0.428389 -0.903594 3.33786e-06 -0.428391 -0.903594 -2.74926e-06 -0.428391 -0.903593 -3.96371e-06 -0.428389 -0.903594 2.13832e-06 -0.428392 -0.903593 -2.22027e-06 -0.428385 -0.903596 3.8147e-06 -0.428383 -0.903597 5.03659e-06 -0.428391 -0.903593 -1.02818e-06 -0.428389 -0.903594 0 -0.428393 -0.903593 0 -0.428393 -0.903592 0 -0.42839 -0.903594 0 -0.428392 -0.903593 2.25008e-06 -0.428389 -0.903595 -7.7486e-07 -0.428388 -0.903595 -1.38581e-06 -0.428392 -0.903593 1.62423e-06 -0.428389 -0.903594 -1.8999e-06 -0.428391 -0.903594 3.00258e-06 -0.428391 -0.903593 3.97861e-06 -0.42839 -0.903594 -9.16421e-07 -0.428389 -0.903594 1.90735e-06 -0.428391 -0.903594 -3.01749e-06 -0.428391 -0.903593 -3.98606e-06 -0.42839 -0.903594 9.31323e-07 -0.903594 0.42839 -1.45586e-05 -0.903594 0.42839 7.40697e-06 -0.903594 0.42839 1.12047e-09 -0.903594 0.42839 1.45605e-05 -0.903594 0.42839 4.68897e-05 -0.903594 0.42839 1.79419e-09 -0.903594 0.42839 -4.68861e-05 -0.903594 0.42839 -1.45586e-05 -0.903594 0.42839 1.45605e-05 -0.903594 0.42839 -7.4052e-06 -0.903594 0.42839 -6.0864e-11 -0.903594 0.42839 -4.71388e-05 -0.903594 0.42839 -1.40599e-05 -0.903594 0.42839 1.53795e-05 -0.903594 0.42839 1.8086e-05 -0.903594 0.42839 4.95231e-05 -0.903594 0.42839 5.96855e-09 -0.903594 0.42839 6.12305e-06 -0.903594 0.42839 5.88013e-05 -0.903594 0.42839 3.53052e-05 -0.903594 0.42839 4.71431e-05 -0.903594 0.42839 6.14914e-09 </float_array>
          <technique_common>
            <accessor count="62" offset="0" source="#meshId2-bitangents-array" stride="3">
              <param name="X" type="float" />
              <param name="Y" type="float" />
              <param name="Z" type="float" />
            </accessor>
          </technique_common>
        </source>
        <source id="meshId2-tex0" name="meshId2-tex0">
          <float_array id="meshId2-tex0-array" count="124"> 0.926678 0.648511 0.921647 0.648511 0.921647 0.647134 0.926678 0.647134 0.921647 0.648511 0.916615 0.64851 0.916615 0.647134 0.921647 0.647134 0.916615 0.64851 0.911584 0.64851 0.911584 0.647134 0.916615 0.647134 0.911584 0.64851 0.906553 0.64851 0.906552 0.647134 0.911584 0.647134 0.906553 0.64851 0.901521 0.64851 0.901521 0.647134 0.906552 0.647134 0.901521 0.64851 0.89649 0.64851 0.89649 0.647134 0.901521 0.647134 0.89649 0.64851 0.891458 0.64851 0.891458 0.647134 0.89649 0.647134 0.891458 0.64851 0.886427 0.64851 0.886427 0.647134 0.891458 0.647134 0.886427 0.64851 0.881396 0.64851 0.881396 0.647134 0.886427 0.647134 0.881396 0.64851 0.876364 0.64851 0.876364 0.647134 0.881396 0.647134 0.877286 0.684192 0.881841 0.677923 0.888709 0.688066 0.877286 0.69194 0.881841 0.698209 0.88921 0.700604 0.89658 0.698209 0.901134 0.69194 0.901134 0.684192 0.89658 0.677923 0.88921 0.675529 0.921126 0.677923 0.92568 0.684192 0.913255 0.688066 0.92568 0.69194 0.921126 0.698209 0.913756 0.700604 0.906387 0.698209 0.901832 0.691941 0.901832 0.684192 0.906387 0.677923 0.913756 0.675528 </float_array>
          <technique_common>
            <accessor count="62" offset="0" source="#meshId2-tex0-array" stride="2">
              <param name="S" type="float" />
              <param name="T" type="float" />
            </accessor>
          </technique_common>
        </source>
        <vertices id="meshId2-vertices">
          <input semantic="POSITION" source="#meshId2-positions" />
          <input semantic="NORMAL" source="#meshId2-normals" />
          <input semantic="TANGENT" source="#meshId2-tangents" />
          <input semantic="BINORMAL" source="#meshId2-bitangents" />
          <input semantic="TEXCOORD" source="#meshId2-tex0"  />
        </vertices>
        <polylist count="40" material="defaultMaterial">
          <input offset="0" semantic="VERTEX" source="#meshId2-vertices" />
          <vcount>3 3 3 3 3 3 3 3 3 3 3 3 3 3 3 3 3 3 3 3 3 3 3 3 3 3 3 3 3 3 3 3 3 3 3 3 3 3 3 3 </vcount>
          <p>3 0 1 1 2 3 7 4 5 5 6 7 11 8 9 9 10 11 15 12 13 13 14 15 19 16 17 17 18 19 23 20 21 21 22 23 27 24 25 25 26 27 31 28 29 29 30 31 35 32 33 33 34 35 39 36 37 37 38 39 40 41 42 43 40 42 44 43 42 45 44 42 46 45 42 47 46 42 48 47 42 49 48 42 50 49 42 41 50 42 51 52 53 52 54 53 54 55 53 55 56 53 56 57 53 57 58 53 58 59 53 59 60 53 60 61 53 61 51 53 </p>
        </polylist>
      </mesh>
    </geometry>
    <geometry id="meshId3" name="meshId3_name" >
      <mesh>
        <source id="meshId3-positions" name="meshId3-positions">
          <float_array id="meshId3-positions-array" count="186"> -0.365839 -0.176654 -0.196009 -0.370588 -0.176654 -0.199459 -0.370588 -0.174344 -0.199459 -0.365839 -0.174344 -0.196009 -0.370588 -0.176654 -0.199459 -0.376457 -0.176654 -0.199459 -0.376457 -0.174344 -0.199459 -0.370588 -0.174344 -0.199459 -0.376457 -0.176654 -0.199459 -0.381205 -0.176654 -0.196009 -0.381205 -0.174344 -0.196009 -0.376457 -0.174344 -0.199459 -0.381205 -0.176654 -0.196009 -0.383019 -0.176654 -0.190427 -0.383019 -0.174344 -0.190427 -0.381205 -0.174344 -0.196009 -0.383019 -0.176654 -0.190427 -0.381205 -0.176654 -0.184845 -0.381205 -0.174344 -0.184845 -0.383019 -0.174344 -0.190427 -0.381205 -0.176654 -0.184845 -0.376457 -0.176654 -0.181396 -0.376457 -0.174344 -0.181396 -0.381205 -0.174344 -0.184845 -0.376457 -0.176654 -0.181396 -0.370588 -0.176654 -0.181396 -0.370588 -0.174344 -0.181396 -0.376457 -0.174344 -0.181396 -0.370588 -0.176654 -0.181396 -0.365839 -0.176654 -0.184845 -0.365839 -0.174344 -0.184845 -0.370588 -0.174344 -0.181396 -0.365839 -0.176654 -0.184845 -0.364026 -0.176654 -0.190427 -0.364026 -0.174344 -0.190427 -0.365839 -0.174344 -0.184845 -0.364026 -0.176654 -0.190427 -0.365839 -0.176654 -0.196009 -0.365839 -0.174344 -0.196009 -0.364026 -0.174344 -0.190427 -0.370588 -0.176654 -0.199459 -0.365839 -0.176654 -0.196009 -0.373522 -0.176654 -0.190427 -0.376457 -0.176654 -0.199459 -0.381205 -0.176654 -0.196009 -0.383019 -0.176654 -0.190427 -0.381205 -0.176654 -0.184845 -0.376457 -0.176654 -0.181396 -0.370588 -0.176654 -0.181396 -0.365839 -0.176654 -0.184845 -0.364026 -0.176654 -0.190427 -0.365839 -0.174344 -0.196009 -0.370588 -0.174344 -0.199459 -0.373522 -0.174344 -0.190427 -0.376457 -0.174344 -0.199459 -0.381205 -0.174344 -0.196009 -0.383019 -0.174344 -0.190427 -0.381205 -0.174344 -0.184845 -0.376457 -0.174344 -0.181396 -0.370588 -0.174344 -0.181396 -0.365839 -0.174344 -0.184845 -0.364026 -0.174344 -0.190427 </float_array>
          <technique_common>
            <accessor count="62" offset="0" source="#meshId3-positions-array" stride="3">
              <param name="X" type="float" />
              <param name="Y" type="float" />
              <param name="Z" type="float" />
            </accessor>
          </technique_common>
        </source>
        <source id="meshId3-normals" name="meshId3-normals">
          <float_array id="meshId3-normals-array" count="186"> 0.587785 0 -0.809017 0.587785 0 -0.809017 0.587785 0 -0.809017 0.587785 0 -0.809017 -0 0 -1 -0 0 -1 -0 0 -1 -0 0 -1 -0.587785 0 -0.809017 -0.587785 0 -0.809017 -0.587785 0 -0.809017 -0.587785 0 -0.809017 -0.951057 0 -0.309017 -0.951057 0 -0.309017 -0.951057 0 -0.309017 -0.951057 0 -0.309017 -0.951056 0 0.309017 -0.951056 0 0.309017 -0.951056 0 0.309017 -0.951056 0 0.309017 -0.587785 0 0.809017 -0.587785 0 0.809017 -0.587785 0 0.809017 -0.587785 0 0.809017 0 0 1 0 0 1 0 0 1 0 0 1 0.587785 0 0.809017 0.587785 0 0.809017 0.587785 0 0.809017 0.587785 0 0.809017 0.951057 0 0.309017 0.951057 0 0.309017 0.951057 0 0.309017 0.951057 0 0.309017 0.951057 0 -0.309017 0.951057 0 -0.309017 0.951057 0 -0.309017 0.951057 0 -0.309017 0 -1 0 0 -1 0 0 -1 0 0 -1 0 0 -1 0 0 -1 0 0 -1 0 0 -1 0 0 -1 0 0 -1 0 0 -1 0 0 1 0 0 1 0 0 1 0 0 1 0 0 1 0 0 1 0 0 1 0 0 1 0 0 1 0 0 1 0 0 1 0 </float_array>
          <technique_common>
            <accessor count="62" offset="0" source="#meshId3-normals-array" stride="3">
              <param name="X" type="float" />
              <param name="Y" type="float" />
              <param name="Z" type="float" />
            </accessor>
          </technique_common>
        </source>
        <source id="meshId3-tangents" name="meshId3-tangents">
          <float_array id="meshId3-tangents-array" count="186"> 0.809017 0 0.587785 0.809017 0 0.587785 0.809017 0 0.587785 0.809017 0 0.587785 1 0 0 1 0 0 1 0 0 1 0 0 0.809017 0 -0.587785 0.809017 0 -0.587785 0.809017 0 -0.587785 0.809017 0 -0.587785 0.309017 0 -0.951057 0.309017 0 -0.951057 0.309017 0 -0.951057 0.309017 0 -0.951057 -0.309017 0 -0.951057 -0.309017 0 -0.951056 -0.309017 0 -0.951057 -0.309017 0 -0.951056 -0.809017 0 -0.587785 -0.809017 0 -0.587785 -0.809017 0 -0.587785 -0.809017 0 -0.587785 -1 0 0 -1 0 0 -1 0 0 -1 0 0 -0.809017 0 0.587785 -0.809017 0 0.587785 -0.809017 0 0.587785 -0.809017 0 0.587785 -0.309017 0 0.951057 -0.309017 0 0.951057 -0.309017 0 0.951057 -0.309017 0 0.951057 0.309017 0 0.951057 0.309017 0 0.951057 0.309017 0 0.951057 0.309017 0 0.951057 -3.87263e-05 0 1 4.86147e-06 0 1 -2.52184e-09 0 1 -6.5371e-05 0 1 -1.07259e-05 0 1 1.28683e-08 0 1 1.07257e-05 0 1 6.53452e-05 0 1 3.87134e-05 0 1 -4.86164e-06 0 1 -8.54026e-11 0 1 -4.86147e-06 0 -1 3.87133e-05 0 -1 -2.67528e-09 0 -1 6.5345e-05 0 -1 1.07259e-05 0 -1 1.3126e-08 0 -1 -1.07257e-05 0 -1 -6.53712e-05 0 -1 -3.87264e-05 0 -1 4.86164e-06 0 -1 8.54026e-11 0 -1 </float_array>
          <technique_common>
            <accessor count="62" offset="0" source="#meshId3-tangents-array" stride="3">
              <param name="X" type="float" />
              <param name="Y" type="float" />
              <param name="Z" type="float" />
            </accessor>
          </technique_common>
        </source>
        <source id="meshId3-bitangents" name="meshId3-bitangents">
          <float_array id="meshId3-bitangents-array" count="186"> 0 -1 0 0 -1 0 0 -1 0 0 -1 0 0 -1 -0 0 -1 -0 0 -1 -0 0 -1 -0 0 -1 -0 0 -1 -0 0 -1 -0 0 -1 -0 0 -1 -0 0 -1 -0 0 -1 -0 0 -1 -0 -0 -1 0 -0 -1 0 -0 -1 0 -0 -1 0 -0 -1 0 -0 -1 0 -0 -1 0 -0 -1 0 0 -1 0 0 -1 0 0 -1 0 0 -1 0 0 -1 0 0 -1 0 0 -1 0 0 -1 0 0 -1 0 0 -1 0 0 -1 0 0 -1 0 0 -1 0 0 -1 0 0 -1 0 0 -1 0 -1 -0 -3.87263e-05 -1 0 4.86147e-06 -1 -0 -2.52184e-09 -1 -0 -6.5371e-05 -1 -0 -1.07259e-05 -1 0 1.28683e-08 -1 0 1.07257e-05 -1 0 6.53452e-05 -1 0 3.87134e-05 -1 -0 -4.86164e-06 -1 -0 -8.54026e-11 -1 0 4.86147e-06 -1 0 -3.87133e-05 -1 0 2.67528e-09 -1 0 -6.5345e-05 -1 0 -1.07259e-05 -1 0 -1.3126e-08 -1 0 1.07257e-05 -1 0 6.53712e-05 -1 0 3.87264e-05 -1 0 -4.86164e-06 -1 0 -8.54026e-11 </float_array>
          <technique_common>
            <accessor count="62" offset="0" source="#meshId3-bitangents-array" stride="3">
              <param name="X" type="float" />
              <param name="Y" type="float" />
              <param name="Z" type="float" />
            </accessor>
          </technique_common>
        </source>
        <source id="meshId3-tex0" name="meshId3-tex0">
          <float_array id="meshId3-tex0-array" count="124"> 0.926678 0.64681 0.921647 0.64681 0.921647 0.645433 0.926678 0.645433 0.921647 0.64681 0.916615 0.64681 0.916615 0.645433 0.921647 0.645433 0.916615 0.64681 0.911584 0.64681 0.911584 0.645433 0.916615 0.645433 0.911584 0.64681 0.906552 0.64681 0.906553 0.645433 0.911584 0.645433 0.906552 0.64681 0.901521 0.64681 0.901521 0.645433 0.906553 0.645433 0.901521 0.64681 0.89649 0.64681 0.89649 0.645433 0.901521 0.645433 0.89649 0.64681 0.891458 0.64681 0.891458 0.645433 0.89649 0.645433 0.891458 0.64681 0.886427 0.64681 0.886427 0.645433 0.891458 0.645433 0.886427 0.64681 0.881396 0.64681 0.881396 0.645433 0.886427 0.645433 0.881396 0.64681 0.876364 0.64681 0.876364 0.645433 0.881396 0.645433 0.877286 0.658387 0.881841 0.652118 0.888709 0.662261 0.877286 0.666136 0.881841 0.672404 0.88921 0.674799 0.89658 0.672404 0.901134 0.666136 0.901134 0.658387 0.89658 0.652118 0.88921 0.649724 0.921126 0.652118 0.92568 0.658387 0.913255 0.662261 0.92568 0.666136 0.921126 0.672404 0.913756 0.674799 0.906387 0.672404 0.901832 0.666136 0.901832 0.658387 0.906387 0.652118 0.913756 0.649724 </float_array>
          <technique_common>
            <accessor count="62" offset="0" source="#meshId3-tex0-array" stride="2">
              <param name="S" type="float" />
              <param name="T" type="float" />
            </accessor>
          </technique_common>
        </source>
        <vertices id="meshId3-vertices">
          <input semantic="POSITION" source="#meshId3-positions" />
          <input semantic="NORMAL" source="#meshId3-normals" />
          <input semantic="TANGENT" source="#meshId3-tangents" />
          <input semantic="BINORMAL" source="#meshId3-bitangents" />
          <input semantic="TEXCOORD" source="#meshId3-tex0"  />
        </vertices>
        <polylist count="40" material="defaultMaterial">
          <input offset="0" semantic="VERTEX" source="#meshId3-vertices" />
          <vcount>3 3 3 3 3 3 3 3 3 3 3 3 3 3 3 3 3 3 3 3 3 3 3 3 3 3 3 3 3 3 3 3 3 3 3 3 3 3 3 3 </vcount>
          <p>3 0 1 1 2 3 7 4 5 5 6 7 11 8 9 9 10 11 15 12 13 13 14 15 19 16 17 17 18 19 23 20 21 21 22 23 27 24 25 25 26 27 31 28 29 29 30 31 35 32 33 33 34 35 39 36 37 37 38 39 40 41 42 43 40 42 44 43 42 45 44 42 46 45 42 47 46 42 48 47 42 49 48 42 50 49 42 41 50 42 51 52 53 52 54 53 54 55 53 55 56 53 56 57 53 57 58 53 58 59 53 59 60 53 60 61 53 61 51 53 </p>
        </polylist>
      </mesh>
    </geometry>
    <geometry id="meshId4" name="meshId4_name" >
      <mesh>
        <source id="meshId4-positions" name="meshId4-positions">
          <float_array id="meshId4-positions-array" count="123"> -0.217059 -0.159052 -0.176408 -0.218274 -0.172219 -0.169292 -0.236771 -0.177644 -0.175927 -0.235053 -0.159023 -0.18599 -0.220881 -0.172288 -0.154021 -0.240458 -0.177742 -0.15433 -0.222274 -0.15919 -0.145864 -0.242428 -0.159218 -0.142795 -0.221059 -0.146023 -0.15298 -0.24071 -0.140597 -0.152858 -0.218452 -0.145954 -0.168251 -0.237022 -0.1405 -0.174455 -0.235053 -0.159023 -0.18599 -0.236771 -0.177644 -0.175927 -0.290721 -0.177644 -0.185138 -0.289003 -0.159023 -0.1952 -0.240458 -0.177742 -0.15433 -0.294408 -0.177742 -0.16354 -0.290721 -0.177644 -0.185138 -0.242428 -0.159218 -0.142795 -0.296377 -0.159218 -0.152006 -0.294408 -0.177742 -0.16354 -0.24071 -0.140597 -0.152858 -0.294659 -0.140597 -0.162068 -0.296377 -0.159218 -0.152006 -0.24071 -0.140597 -0.152858 -0.237022 -0.1405 -0.174455 -0.290972 -0.1405 -0.183666 -0.294659 -0.140597 -0.162068 -0.237022 -0.1405 -0.174455 -0.235053 -0.159023 -0.18599 -0.289003 -0.159023 -0.1952 -0.290972 -0.1405 -0.183666 -0.211766 -0.159121 -0.159787 -0.29269 -0.159121 -0.173603 -0.294408 -0.177742 -0.16354 -0.296377 -0.159218 -0.152006 -0.290972 -0.1405 -0.183666 -0.294659 -0.140597 -0.162068 -0.290721 -0.177644 -0.185138 -0.289003 -0.159023 -0.1952 </float_array>
          <technique_common>
            <accessor count="41" offset="0" source="#meshId4-positions-array" stride="3">
              <param name="X" type="float" />
              <param name="Y" type="float" />
              <param name="Z" type="float" />
            </accessor>
          </technique_common>
        </source>
        <source id="meshId4-normals" name="meshId4-normals">
          <float_array id="meshId4-normals-array" count="123"> 0.58416 0.037016 -0.810794 0.509099 -0.776583 -0.37113 0.154102 -0.861505 -0.483799 0.237221 0.039421 -0.970656 0.352551 -0.790966 0.50008 -0.012885 -0.874798 0.484316 0.282064 -0.037016 0.958681 -0.098264 -0.039422 0.994379 0.357125 0.776583 0.519018 -0.015144 0.861505 0.507523 0.498498 0.790966 -0.354785 0.148532 0.874798 -0.461158 0.237221 0.039421 -0.970656 0.154102 -0.861505 -0.483799 0.147571 -0.480716 -0.86437 0.147571 -0.480716 -0.86437 -0.012885 -0.874798 0.484316 0.000748 -0.99999 -0.004383 0.000748 -0.99999 -0.004383 -0.098264 -0.039422 0.994379 -0.142281 -0.534071 0.833381 -0.142281 -0.534071 0.833381 -0.015144 0.861505 0.507523 -0.147571 0.480716 0.86437 -0.147571 0.480716 0.86437 -0.015144 0.861505 0.507523 0.148532 0.874798 -0.461158 -0.000749 0.99999 0.004381 -0.000749 0.99999 0.004381 0.148532 0.874798 -0.461158 0.237221 0.039421 -0.970656 0.14228 0.534071 -0.833382 0.14228 0.534071 -0.833382 0.985737 0 0.168292 -0.985737 0 -0.168292 -0.985737 1e-06 -0.168293 -0.985737 1e-06 -0.168292 -0.985737 0 -0.168292 -0.985737 0 -0.168292 -0.985737 0 -0.168292 -0.985737 0 -0.168291 </float_array>
          <technique_common>
            <accessor count="41" offset="0" source="#meshId4-normals-array" stride="3">
              <param name="X" type="float" />
              <param name="Y" type="float" />
              <param name="Z" type="float" />
            </accessor>
          </technique_common>
        </source>
        <source id="meshId4-tangents" name="meshId4-tangents">
          <float_array id="meshId4-tangents-array" count="123"> -0.325441 -0.904457 -0.275765 -0.856643 -0.415311 -0.306073 -0.956522 -0.00736101 -0.291568 -0.543422 -0.822838 -0.166226 -0.458229 -0.611857 -0.644715 -0.396233 -0.440237 -0.805723 0.398447 -0.904483 -0.152155 0.567756 -0.822862 0.0234831 0.90966 -0.415329 -0.00447864 0.999077 -0.00736427 0.0423121 0.646159 -0.611857 -0.45619 0.641087 -0.440245 -0.628643 0.971433 -0.00278546 0.237298 0.977306 0.0608742 0.202897 0.985737 -2.86529e-08 0.168292 0.985737 4.9821e-09 0.168292 0.988968 0.0603335 0.135289 0.985737 -2.89826e-07 0.168291 0.985737 -2.90105e-07 0.168291 0.995138 0.00278419 0.0984494 0.985737 -1.84389e-06 0.168291 0.985737 -1.68984e-06 0.168291 0.989265 -0.0608722 0.132847 0.985739 1.91511e-05 0.168281 0.985738 1.42334e-05 0.168284 0.989268 -0.0608639 0.132833 0.977837 -0.06034 0.200484 0.985737 1.03232e-06 0.168291 0.985738 1.05546e-06 0.168286 0.977835 -0.0603328 0.200497 0.971433 -0.00278463 0.237298 0.985737 5.49121e-07 0.168291 0.985737 6.53005e-07 0.168291 0.0757061 -0.893104 -0.443433 -0.142753 -0.529605 0.836146 -0.143197 -0.525369 0.838738 -0.142239 -0.534467 0.833134 -0.142319 -0.533715 0.833603 -0.141806 -0.538514 0.830598 -0.143677 -0.520706 0.841559 -0.143255 -0.524792 0.83909 </float_array>
          <technique_common>
            <accessor count="41" offset="0" source="#meshId4-tangents-array" stride="3">
              <param name="X" type="float" />
              <param name="Y" type="float" />
              <param name="Z" type="float" />
            </accessor>
          </technique_common>
        </source>
        <source id="meshId4-bitangents" name="meshId4-bitangents">
          <float_array id="meshId4-bitangents-array" count="123"> -0.743536 0.424956 -0.516301 0.0835569 0.473747 -0.876688 0.247626 0.507696 -0.825183 -0.805245 0.566907 -0.173772 0.815925 -0.00185639 -0.578155 0.918059 -0.202284 -0.340952 0.872743 0.424901 -0.240373 0.817311 0.566872 0.10324 0.212086 0.47373 -0.854751 0.0401896 0.507695 -0.860599 -0.577908 -0.00183797 -0.8161 -0.752958 -0.202269 -0.626212 0.00665078 -0.999219 -0.0389556 -0.145346 -0.504087 0.851335 -0.0809005 -0.876876 0.473859 -0.0809006 -0.876876 0.47386 -0.147571 0.480716 0.86437 -0.16829 -0.00444637 0.985727 -0.16829 -0.00444637 0.985728 -0.00664962 0.999219 0.0389568 -0.0898779 0.84544 0.526454 -0.0898781 0.84544 0.526454 0.145343 0.504087 -0.851335 0.0808789 0.876876 -0.473863 0.0808844 0.876876 -0.473862 0.145326 0.504088 -0.851338 0.147557 -0.480716 -0.864372 0.16829 0.00444457 -0.985728 0.168285 0.00444457 -0.985728 0.147571 -0.480717 -0.864369 0.0066516 -0.999219 -0.0389554 0.0898799 -0.84544 -0.526453 0.0898801 -0.84544 -0.526453 0.150302 0.449849 -0.880366 -0.0891283 0.848244 0.522052 -0.0884152 0.850874 0.517876 -0.0899458 0.845189 0.526845 -0.0898201 0.845664 0.526103 -0.0906276 0.842616 0.530833 -0.0876307 0.853736 0.513279 -0.0883177 0.851231 0.517307 </float_array>
          <technique_common>
            <accessor count="41" offset="0" source="#meshId4-bitangents-array" stride="3">
              <param name="X" type="float" />
              <param name="Y" type="float" />
              <param name="Z" type="float" />
            </accessor>
          </technique_common>
        </source>
        <source id="meshId4-tex0" name="meshId4-tex0">
          <float_array id="meshId4-tex0-array" count="82"> 0.031611 0.985716 0.038051 0.977005 0.049967 0.976855 0.038684 0.996993 0.031784 0.968385 0.03909 0.955226 0.021595 0.966863 0.014522 0.955586 0.015154 0.975574 0.003238 0.975724 0.021422 0.984195 0.014117 0.997354 0.700767 0.602382 0.700767 0.621288 0.655144 0.621288 0.655144 0.602382 0.700767 0.640195 0.655144 0.640195 0.655144 0.621288 0.700767 0.659101 0.655144 0.659101 0.655144 0.640195 0.700767 0.678007 0.655144 0.678008 0.655144 0.659101 0.700767 0.678007 0.700767 0.696914 0.655144 0.696914 0.655144 0.678008 0.700767 0.696914 0.700767 0.71582 0.655144 0.71582 0.655144 0.696914 0.026603 0.97629 0.31836 0.932376 0.33222 0.924541 0.332116 0.940896 0.305221 0.939803 0.318522 0.948154 0.318191 0.915975 0.304805 0.92398 </float_array>
          <technique_common>
            <accessor count="41" offset="0" source="#meshId4-tex0-array" stride="2">
              <param name="S" type="float" />
              <param name="T" type="float" />
            </accessor>
          </technique_common>
        </source>
        <vertices id="meshId4-vertices">
          <input semantic="POSITION" source="#meshId4-positions" />
          <input semantic="NORMAL" source="#meshId4-normals" />
          <input semantic="TANGENT" source="#meshId4-tangents" />
          <input semantic="BINORMAL" source="#meshId4-bitangents" />
          <input semantic="TEXCOORD" source="#meshId4-tex0"  />
        </vertices>
        <polylist count="36" material="defaultMaterial">
          <input offset="0" semantic="VERTEX" source="#meshId4-vertices" />
          <vcount>3 3 3 3 3 3 3 3 3 3 3 3 3 3 3 3 3 3 3 3 3 3 3 3 3 3 3 3 3 3 3 3 3 3 3 3 </vcount>
          <p>3 0 1 1 2 3 2 1 4 4 5 2 5 4 6 6 7 5 7 6 8 8 9 7 9 8 10 10 11 9 11 10 0 0 3 11 15 12 13 13 14 15 18 13 16 16 17 18 21 16 19 19 20 21 24 19 22 22 23 24 28 25 26 26 27 28 32 29 30 30 31 32 1 0 33 4 1 33 6 4 33 8 6 33 10 8 33 0 10 33 34 35 36 37 34 38 39 34 40 39 35 34 34 36 38 40 34 37 </p>
        </polylist>
      </mesh>
    </geometry>
    <geometry id="meshId5" name="meshId5_name" >
      <mesh>
        <source id="meshId5-positions" name="meshId5-positions">
          <float_array id="meshId5-positions-array" count="186"> -0.323271 -0.176276 -0.20232 -0.333069 -0.173756 -0.20967 -0.332494 -0.171519 -0.20967 -0.322696 -0.174039 -0.20232 -0.333069 -0.173756 -0.20967 -0.34518 -0.170641 -0.20967 -0.344604 -0.168403 -0.20967 -0.332494 -0.171519 -0.20967 -0.34518 -0.170641 -0.20967 -0.354977 -0.16812 -0.20232 -0.354402 -0.165883 -0.20232 -0.344604 -0.168403 -0.20967 -0.354977 -0.16812 -0.20232 -0.35872 -0.167158 -0.190427 -0.358144 -0.16492 -0.190427 -0.354402 -0.165883 -0.20232 -0.35872 -0.167158 -0.190427 -0.354977 -0.16812 -0.178535 -0.354402 -0.165883 -0.178535 -0.358144 -0.16492 -0.190427 -0.354977 -0.16812 -0.178535 -0.34518 -0.170641 -0.171184 -0.344604 -0.168403 -0.171184 -0.354402 -0.165883 -0.178535 -0.34518 -0.170641 -0.171184 -0.333069 -0.173756 -0.171184 -0.332494 -0.171519 -0.171184 -0.344604 -0.168403 -0.171184 -0.333069 -0.173756 -0.171184 -0.323271 -0.176276 -0.178535 -0.322696 -0.174039 -0.178535 -0.332494 -0.171519 -0.171184 -0.323271 -0.176276 -0.178535 -0.319529 -0.177239 -0.190427 -0.318954 -0.175002 -0.190427 -0.322696 -0.174039 -0.178535 -0.319529 -0.177239 -0.190427 -0.323271 -0.176276 -0.20232 -0.322696 -0.174039 -0.20232 -0.318954 -0.175002 -0.190427 -0.333069 -0.173756 -0.20967 -0.323271 -0.176276 -0.20232 -0.339124 -0.172198 -0.190427 -0.34518 -0.170641 -0.20967 -0.354977 -0.16812 -0.20232 -0.35872 -0.167158 -0.190427 -0.354977 -0.16812 -0.178535 -0.34518 -0.170641 -0.171184 -0.333069 -0.173756 -0.171184 -0.323271 -0.176276 -0.178535 -0.319529 -0.177239 -0.190427 -0.322696 -0.174039 -0.20232 -0.332494 -0.171519 -0.20967 -0.338549 -0.169961 -0.190427 -0.344604 -0.168403 -0.20967 -0.354402 -0.165883 -0.20232 -0.358144 -0.16492 -0.190427 -0.354402 -0.165883 -0.178535 -0.344604 -0.168403 -0.171184 -0.332494 -0.171519 -0.171184 -0.322696 -0.174039 -0.178535 -0.318954 -0.175002 -0.190427 </float_array>
          <technique_common>
            <accessor count="62" offset="0" source="#meshId5-positions-array" stride="3">
              <param name="X" type="float" />
              <param name="Y" type="float" />
              <param name="Z" type="float" />
            </accessor>
          </technique_common>
        </source>
        <source id="meshId5-normals" name="meshId5-normals">
          <float_array id="meshId5-normals-array" count="186"> 0.569253 -0.146433 -0.809017 0.569253 -0.146433 -0.809017 0.569253 -0.146433 -0.809017 0.569253 -0.146433 -0.809017 -0 0 -1 -0 0 -1 -0 0 -1 -0 0 -1 -0.569253 0.146433 -0.809017 -0.569253 0.146433 -0.809017 -0.569253 0.146433 -0.809017 -0.569253 0.146433 -0.809017 -0.921071 0.236933 -0.309017 -0.921071 0.236933 -0.309017 -0.921071 0.236933 -0.309017 -0.921071 0.236933 -0.309017 -0.921071 0.236933 0.309017 -0.921071 0.236933 0.309017 -0.921071 0.236933 0.309017 -0.921071 0.236933 0.309017 -0.569253 0.146433 0.809017 -0.569253 0.146433 0.809017 -0.569253 0.146433 0.809017 -0.569253 0.146433 0.809017 0 -0 1 0 -0 1 0 -0 1 0 -0 1 0.569253 -0.146433 0.809017 0.569253 -0.146433 0.809017 0.569253 -0.146433 0.809017 0.569253 -0.146433 0.809017 0.921071 -0.236933 0.309017 0.921071 -0.236933 0.309017 0.921071 -0.236933 0.309017 0.921071 -0.236933 0.309017 0.921071 -0.236933 -0.309017 0.921071 -0.236933 -0.309017 0.921071 -0.236933 -0.309017 0.921071 -0.236933 -0.309017 -0.249126 -0.968471 0 -0.249126 -0.968471 0 -0.249126 -0.968471 0 -0.249126 -0.968471 0 -0.249126 -0.968471 0 -0.249126 -0.968471 0 -0.249126 -0.968471 0 -0.249126 -0.968471 0 -0.249126 -0.968471 0 -0.249126 -0.968471 0 -0.249126 -0.968471 0 0.249126 0.968471 0 0.249126 0.968471 0 0.249126 0.968471 0 0.249126 0.968471 0 0.249126 0.968471 0 0.249126 0.968471 0 0.249126 0.968471 0 0.249126 0.968471 0 0.249126 0.968471 0 0.249126 0.968471 0 0.249126 0.968471 0 </float_array>
          <technique_common>
            <accessor count="62" offset="0" source="#meshId5-normals-array" stride="3">
              <param name="X" type="float" />
              <param name="Y" type="float" />
              <param name="Z" type="float" />
            </accessor>
          </technique_common>
        </source>
        <source id="meshId5-tangents" name="meshId5-tangents">
          <float_array id="meshId5-tangents-array" count="186"> 0.783509 -0.201548 0.587785 0.78351 -0.201544 0.587785 0.783511 -0.201543 0.587785 0.78351 -0.201547 0.587785 0.968471 -0.249127 0 0.968471 -0.249127 0 0.968471 -0.249127 0 0.968471 -0.249127 0 0.783509 -0.201548 -0.587785 0.783508 -0.201551 -0.587785 0.783508 -0.201552 -0.587785 0.783509 -0.201548 -0.587785 0.299274 -0.0769843 -0.951057 0.299274 -0.0769848 -0.951056 0.299274 -0.0769849 -0.951057 0.299274 -0.0769844 -0.951057 -0.299274 0.0769843 -0.951056 -0.299274 0.0769848 -0.951057 -0.299274 0.0769849 -0.951057 -0.299274 0.0769844 -0.951057 -0.783509 0.201548 -0.587785 -0.783509 0.201551 -0.587785 -0.783509 0.201551 -0.587785 -0.783509 0.201548 -0.587785 -0.968471 0.249127 0 -0.968471 0.249127 0 -0.968471 0.249127 0 -0.968471 0.249127 0 -0.783509 0.201548 0.587785 -0.78351 0.201544 0.587785 -0.783511 0.201543 0.587785 -0.783509 0.201547 0.587785 -0.299274 0.0769837 0.951057 -0.299274 0.0769837 0.951057 -0.299274 0.0769837 0.951057 -0.299274 0.0769837 0.951057 0.299274 -0.0769837 0.951056 0.299274 -0.0769837 0.951056 0.299274 -0.0769837 0.951056 0.299274 -0.0769837 0.951056 5.86987e-05 -1.50994e-05 1 1.07556e-05 -2.76674e-06 1 -9.19745e-09 2.36609e-09 1 3.50902e-05 -9.02648e-06 1 -7.11854e-06 1.83115e-06 1 -1.06667e-08 2.74338e-09 1 7.095e-06 -1.82509e-06 1 -3.51139e-05 9.03257e-06 1 -5.87095e-05 1.51022e-05 1 -1.07669e-05 2.76965e-06 1 -1.13658e-08 2.92252e-09 1 4.23545e-05 -1.08951e-05 -1 1.46026e-05 -3.75633e-06 -1 -2.69897e-07 6.94274e-08 -1 -1.52983e-05 3.93527e-06 -1 5.55295e-06 -1.42842e-06 -1 6.94801e-10 -1.78767e-10 -1 -6.51343e-06 1.67549e-06 -1 1.3971e-05 -3.59385e-06 -1 -1.49803e-05 3.85347e-06 -1 -4.23775e-05 1.0901e-05 -1 -1.15193e-08 2.96305e-09 -1 </float_array>
          <technique_common>
            <accessor count="62" offset="0" source="#meshId5-tangents-array" stride="3">
              <param name="X" type="float" />
              <param name="Y" type="float" />
              <param name="Z" type="float" />
            </accessor>
          </technique_common>
        </source>
        <source id="meshId5-bitangents" name="meshId5-bitangents">
          <float_array id="meshId5-bitangents-array" count="186"> -0.249127 -0.968471 -2.23517e-08 -0.249123 -0.968472 2.36183e-06 -0.249123 -0.968472 2.70456e-06 -0.249126 -0.968471 2.98023e-07 -0.249127 -0.968471 0 -0.249127 -0.968471 0 -0.249127 -0.968471 0 -0.249127 -0.968471 0 -0.249127 -0.968471 2.98023e-08 -0.249129 -0.96847 2.10106e-06 -0.24913 -0.96847 2.37674e-06 -0.249127 -0.968471 3.05474e-07 -0.249126 -0.968471 1.19209e-07 -0.249126 -0.968471 6.10948e-07 -0.249126 -0.968471 6.78003e-07 -0.249126 -0.968471 1.93715e-07 -0.249126 -0.968471 -1.19209e-07 -0.249126 -0.968471 -6.10948e-07 -0.249126 -0.968471 -6.78003e-07 -0.249126 -0.968471 -1.86265e-07 -0.249127 -0.968471 -1.49012e-08 -0.249129 -0.96847 -1.81049e-06 -0.249129 -0.96847 -2.02656e-06 -0.249127 -0.968471 -2.68221e-07 -0.249127 -0.968471 0 -0.249127 -0.968471 0 -0.249127 -0.968471 0 -0.249127 -0.968471 0 -0.249127 -0.968471 1.49012e-08 -0.249123 -0.968472 -2.38419e-06 -0.249123 -0.968472 -2.68966e-06 -0.249126 -0.968471 -2.98023e-07 -0.249126 -0.968471 -4.47035e-07 -0.249126 -0.968471 -4.54485e-07 -0.249126 -0.968471 -4.47035e-07 -0.249126 -0.968471 -4.54485e-07 -0.249126 -0.968471 4.61936e-07 -0.249126 -0.968471 4.61936e-07 -0.249126 -0.968471 4.61936e-07 -0.249126 -0.968471 4.61936e-07 -0.968471 0.249126 6.06096e-05 -0.968471 0.249126 1.11058e-05 -0.968471 0.249126 -9.49692e-09 -0.968471 0.249126 3.62326e-05 -0.968471 0.249126 -7.35029e-06 -0.968471 0.249126 -1.10138e-08 -0.968471 0.249126 7.32598e-06 -0.968471 0.249126 -3.6257e-05 -0.968471 0.249126 -6.06208e-05 -0.968471 0.249126 -1.11174e-05 -0.968471 0.249126 -1.17356e-08 -0.968471 0.249126 -4.37334e-05 -0.968471 0.249126 -1.5078e-05 -0.968471 0.249126 2.78684e-07 -0.968471 0.249126 1.57963e-05 -0.968471 0.249126 -5.73373e-06 -0.968471 0.249126 -7.1743e-10 -0.968471 0.249126 6.72548e-06 -0.968471 0.249126 -1.44258e-05 -0.968471 0.249126 1.5468e-05 -0.968471 0.249126 4.37572e-05 -0.968471 0.249126 1.18942e-08 </float_array>
          <technique_common>
            <accessor count="62" offset="0" source="#meshId5-bitangents-array" stride="3">
              <param name="X" type="float" />
              <param name="Y" type="float" />
              <param name="Z" type="float" />
            </accessor>
          </technique_common>
        </source>
        <source id="meshId5-tex0" name="meshId5-tex0">
          <float_array id="meshId5-tex0-array" count="124"> 0.926678 0.645188 0.921647 0.645188 0.921647 0.643811 0.926678 0.643811 0.921647 0.645188 0.916615 0.645188 0.916615 0.643811 0.921647 0.643811 0.916615 0.645188 0.911584 0.645188 0.911584 0.643811 0.916615 0.643811 0.911584 0.645188 0.906553 0.645188 0.906553 0.643811 0.911584 0.643811 0.906553 0.645188 0.901521 0.645188 0.901521 0.643811 0.906553 0.643811 0.901521 0.645188 0.89649 0.645188 0.89649 0.643811 0.901521 0.643811 0.89649 0.645188 0.891458 0.645188 0.891458 0.643811 0.89649 0.643811 0.891458 0.645188 0.886427 0.645188 0.886427 0.643811 0.891458 0.643811 0.886427 0.645188 0.881396 0.645188 0.881396 0.643811 0.886427 0.643811 0.881396 0.645188 0.876364 0.645188 0.876364 0.643811 0.881396 0.643811 0.877286 0.761159 0.881841 0.754891 0.888709 0.765034 0.877286 0.768908 0.881841 0.775177 0.88921 0.777571 0.89658 0.775177 0.901134 0.768908 0.901134 0.761159 0.89658 0.754891 0.88921 0.752496 0.921126 0.754891 0.92568 0.76116 0.913255 0.765034 0.92568 0.768908 0.921126 0.775177 0.913756 0.777571 0.906387 0.775177 0.901832 0.768908 0.901832 0.76116 0.906387 0.754891 0.913756 0.752496 </float_array>
          <technique_common>
            <accessor count="62" offset="0" source="#meshId5-tex0-array" stride="2">
              <param name="S" type="float" />
              <param name="T" type="float" />
            </accessor>
          </technique_common>
        </source>
        <vertices id="meshId5-vertices">
          <input semantic="POSITION" source="#meshId5-positions" />
          <input semantic="NORMAL" source="#meshId5-normals" />
          <input semantic="TANGENT" source="#meshId5-tangents" />
          <input semantic="BINORMAL" source="#meshId5-bitangents" />
          <input semantic="TEXCOORD" source="#meshId5-tex0"  />
        </vertices>
        <polylist count="40" material="defaultMaterial">
          <input offset="0" semantic="VERTEX" source="#meshId5-vertices" />
          <vcount>3 3 3 3 3 3 3 3 3 3 3 3 3 3 3 3 3 3 3 3 3 3 3 3 3 3 3 3 3 3 3 3 3 3 3 3 3 3 3 3 </vcount>
          <p>3 0 1 1 2 3 7 4 5 5 6 7 11 8 9 9 10 11 15 12 13 13 14 15 19 16 17 17 18 19 23 20 21 21 22 23 27 24 25 25 26 27 31 28 29 29 30 31 35 32 33 33 34 35 39 36 37 37 38 39 40 41 42 43 40 42 44 43 42 45 44 42 46 45 42 47 46 42 48 47 42 49 48 42 50 49 42 41 50 42 51 52 53 52 54 53 54 55 53 55 56 53 56 57 53 57 58 53 58 59 53 59 60 53 60 61 53 61 51 53 </p>
        </polylist>
      </mesh>
    </geometry>
    <geometry id="meshId6" name="meshId6_name" >
      <mesh>
        <source id="meshId6-positions" name="meshId6-positions">
          <float_array id="meshId6-positions-array" count="186"> -0.334378 -0.176233 -0.202726 -0.343252 -0.17369 -0.209433 -0.342615 -0.171469 -0.209433 -0.333741 -0.174012 -0.202726 -0.343252 -0.17369 -0.209433 -0.35422 -0.170546 -0.209433 -0.353584 -0.168325 -0.209433 -0.342615 -0.171469 -0.209433 -0.35422 -0.170546 -0.209433 -0.363094 -0.168003 -0.202726 -0.362458 -0.165782 -0.202726 -0.353584 -0.168325 -0.209433 -0.363094 -0.168003 -0.202726 -0.366483 -0.167032 -0.191874 -0.365847 -0.164811 -0.191874 -0.362458 -0.165782 -0.202726 -0.366483 -0.167032 -0.191874 -0.363094 -0.168003 -0.181022 -0.362458 -0.165782 -0.181022 -0.365847 -0.164811 -0.191874 -0.363094 -0.168003 -0.181022 -0.35422 -0.170546 -0.174316 -0.353584 -0.168325 -0.174316 -0.362458 -0.165782 -0.181022 -0.35422 -0.170546 -0.174316 -0.343252 -0.17369 -0.174316 -0.342615 -0.171469 -0.174316 -0.353584 -0.168325 -0.174316 -0.343252 -0.17369 -0.174316 -0.334378 -0.176233 -0.181022 -0.333741 -0.174012 -0.181022 -0.342615 -0.171469 -0.174316 -0.334378 -0.176233 -0.181022 -0.330988 -0.177204 -0.191874 -0.330352 -0.174983 -0.191874 -0.333741 -0.174012 -0.181022 -0.330988 -0.177204 -0.191874 -0.334378 -0.176233 -0.202726 -0.333741 -0.174012 -0.202726 -0.330352 -0.174983 -0.191874 -0.343252 -0.17369 -0.209433 -0.334378 -0.176233 -0.202726 -0.348736 -0.172118 -0.191874 -0.35422 -0.170546 -0.209433 -0.363094 -0.168003 -0.202726 -0.366483 -0.167032 -0.191874 -0.363094 -0.168003 -0.181022 -0.35422 -0.170546 -0.174316 -0.343252 -0.17369 -0.174316 -0.334378 -0.176233 -0.181022 -0.330988 -0.177204 -0.191874 -0.333741 -0.174012 -0.202726 -0.342615 -0.171469 -0.209433 -0.348099 -0.169897 -0.191874 -0.353584 -0.168325 -0.209433 -0.362458 -0.165782 -0.202726 -0.365847 -0.164811 -0.191874 -0.362458 -0.165782 -0.181022 -0.353584 -0.168325 -0.174316 -0.342615 -0.171469 -0.174316 -0.333741 -0.174012 -0.181022 -0.330352 -0.174983 -0.191874 </float_array>
          <technique_common>
            <accessor count="62" offset="0" source="#meshId6-positions-array" stride="3">
              <param name="X" type="float" />
              <param name="Y" type="float" />
              <param name="Z" type="float" />
            </accessor>
          </technique_common>
        </source>
        <source id="meshId6-normals" name="meshId6-normals">
          <float_array id="meshId6-normals-array" count="186"> 0.565039 -0.161935 -0.809017 0.565039 -0.161935 -0.809017 0.565039 -0.161935 -0.809017 0.565039 -0.161935 -0.809017 -0 0 -1 -0 0 -1 -0 0 -1 -0 0 -1 -0.565039 0.161935 -0.809017 -0.565039 0.161935 -0.809017 -0.565039 0.161935 -0.809017 -0.565039 0.161935 -0.809017 -0.914252 0.262016 -0.309017 -0.914252 0.262016 -0.309017 -0.914252 0.262016 -0.309017 -0.914252 0.262016 -0.309017 -0.914252 0.262016 0.309017 -0.914252 0.262016 0.309017 -0.914252 0.262016 0.309017 -0.914252 0.262016 0.309017 -0.565039 0.161935 0.809017 -0.565039 0.161935 0.809017 -0.565039 0.161935 0.809017 -0.565039 0.161935 0.809017 0 -0 1 0 -0 1 0 -0 1 0 -0 1 0.565039 -0.161935 0.809017 0.565039 -0.161935 0.809017 0.565039 -0.161935 0.809017 0.565039 -0.161935 0.809017 0.914252 -0.262016 0.309017 0.914252 -0.262016 0.309017 0.914252 -0.262016 0.309017 0.914252 -0.262016 0.309017 0.914252 -0.262016 -0.309017 0.914252 -0.262016 -0.309017 0.914252 -0.262016 -0.309017 0.914252 -0.262016 -0.309017 -0.2755 -0.961301 0 -0.2755 -0.961301 0 -0.2755 -0.961301 0 -0.2755 -0.961301 0 -0.2755 -0.961301 0 -0.2755 -0.961301 0 -0.2755 -0.961301 0 -0.2755 -0.961301 0 -0.2755 -0.961301 0 -0.2755 -0.961301 0 -0.2755 -0.961301 0 0.2755 0.961301 0 0.2755 0.961301 0 0.2755 0.961301 0 0.2755 0.961301 0 0.2755 0.961301 0 0.2755 0.961301 0 0.2755 0.961301 0 0.2755 0.961301 0 0.2755 0.961301 0 0.2755 0.961301 0 0.2755 0.961301 0 </float_array>
          <technique_common>
            <accessor count="62" offset="0" source="#meshId6-normals-array" stride="3">
              <param name="X" type="float" />
              <param name="Y" type="float" />
              <param name="Z" type="float" />
            </accessor>
          </technique_common>
        </source>
        <source id="meshId6-tangents" name="meshId6-tangents">
          <float_array id="meshId6-tangents-array" count="186"> 0.777709 -0.222885 0.587785 0.777709 -0.222885 0.587785 0.777709 -0.222885 0.587785 0.777709 -0.222885 0.587785 0.961301 -0.275499 0 0.9613 -0.275503 0 0.9613 -0.275503 0 0.961301 -0.275499 0 0.777709 -0.222885 -0.587786 0.777709 -0.222885 -0.587785 0.777709 -0.222885 -0.587786 0.777709 -0.222885 -0.587785 0.297059 -0.0851328 -0.951057 0.297059 -0.0851323 -0.951057 0.297059 -0.0851322 -0.951057 0.297059 -0.0851328 -0.951056 -0.297059 0.0851329 -0.951057 -0.297059 0.0851323 -0.951057 -0.297059 0.0851322 -0.951056 -0.297059 0.0851328 -0.951056 -0.777709 0.222885 -0.587786 -0.777709 0.222884 -0.587785 -0.777709 0.222884 -0.587785 -0.777709 0.222884 -0.587786 -0.961301 0.275499 0 -0.9613 0.275503 0 -0.9613 0.275504 0 -0.961301 0.275499 0 -0.777709 0.222885 0.587785 -0.777709 0.222885 0.587786 -0.777709 0.222885 0.587785 -0.777709 0.222885 0.587786 -0.297057 0.085137 0.951057 -0.29706 0.0851286 0.951057 -0.29706 0.0851273 0.951057 -0.297058 0.0851358 0.951057 0.297057 -0.085137 0.951057 0.29706 -0.0851286 0.951057 0.29706 -0.0851273 0.951057 0.297058 -0.0851358 0.951056 -1.25789e-05 3.60499e-06 1 -4.38881e-05 1.25779e-05 1 3.53191e-10 -1.01181e-10 1 1.62227e-05 -4.64928e-06 1 -5.70525e-06 1.63507e-06 1 -9.09033e-10 2.60913e-10 1 5.7052e-06 -1.63506e-06 1 -1.62342e-05 4.65256e-06 1 1.25806e-05 -3.60549e-06 1 4.39022e-05 -1.2582e-05 1 0 0 1 4.64709e-05 -1.33181e-05 -1 1.46017e-05 -4.18471e-06 -1 -2.78864e-07 7.99198e-08 -1 -1.45761e-05 4.17737e-06 -1 7.60796e-06 -2.18037e-06 -1 -1.32157e-08 3.78813e-09 -1 -8.63337e-06 2.47425e-06 -1 1.31685e-05 -3.77396e-06 -1 -1.49715e-05 4.29068e-06 -1 -4.64444e-05 1.33105e-05 -1 8.82978e-10 -2.53313e-10 -1 </float_array>
          <technique_common>
            <accessor count="62" offset="0" source="#meshId6-tangents-array" stride="3">
              <param name="X" type="float" />
              <param name="Y" type="float" />
              <param name="Z" type="float" />
            </accessor>
          </technique_common>
        </source>
        <source id="meshId6-bitangents" name="meshId6-bitangents">
          <float_array id="meshId6-bitangents-array" count="186"> -0.2755 -0.961301 -2.08616e-07 -0.2755 -0.961301 -2.23517e-07 -0.2755 -0.961301 -2.08616e-07 -0.2755 -0.961301 -2.23517e-07 -0.275499 -0.961301 0 -0.275503 -0.9613 0 -0.275503 -0.9613 0 -0.275499 -0.961301 0 -0.2755 -0.961301 2.08616e-07 -0.2755 -0.961301 2.23517e-07 -0.2755 -0.961301 2.08616e-07 -0.2755 -0.961301 2.23517e-07 -0.275499 -0.961301 -1.2368e-06 -0.275499 -0.961301 -1.84029e-06 -0.275499 -0.961301 -1.9148e-06 -0.275499 -0.961301 -1.31875e-06 -0.275499 -0.961301 1.24425e-06 -0.275499 -0.961301 1.82539e-06 -0.275499 -0.961301 1.9148e-06 -0.275499 -0.961301 1.31875e-06 -0.2755 -0.961301 -2.08616e-07 -0.2755 -0.961301 1.3411e-07 -0.2755 -0.961301 1.93715e-07 -0.2755 -0.961301 -1.63913e-07 -0.275499 -0.961301 0 -0.275503 -0.9613 0 -0.275504 -0.9613 0 -0.275499 -0.961301 0 -0.2755 -0.961301 2.23517e-07 -0.2755 -0.961301 2.08616e-07 -0.2755 -0.961301 2.23517e-07 -0.2755 -0.961301 2.08616e-07 -0.275501 -0.961301 2.86847e-06 -0.275498 -0.961302 -5.48363e-06 -0.275498 -0.961302 -6.68317e-06 -0.2755 -0.961301 1.63913e-06 -0.275501 -0.961301 -2.85357e-06 -0.275498 -0.961302 5.48363e-06 -0.275498 -0.961302 6.69807e-06 -0.2755 -0.961301 -1.64658e-06 -0.961301 0.2755 -1.30853e-05 -0.961301 0.2755 -4.56549e-05 -0.961301 0.2755 3.67399e-10 -0.961301 0.2755 1.68758e-05 -0.961301 0.2755 -5.93492e-06 -0.961301 0.2755 -9.45736e-10 -0.961301 0.2755 5.93487e-06 -0.961301 0.2755 -1.68877e-05 -0.961301 0.2755 1.30871e-05 -0.961301 0.2755 4.56696e-05 -0.961301 0.2755 0 -0.961301 0.2755 -4.83417e-05 -0.961301 0.2755 -1.51895e-05 -0.961301 0.2755 2.9009e-07 -0.961301 0.2755 1.51629e-05 -0.961301 0.2755 -7.91423e-06 -0.961301 0.2755 1.37479e-08 -0.961301 0.2755 8.98092e-06 -0.961301 0.2755 -1.36986e-05 -0.961301 0.2755 1.55742e-05 -0.961301 0.2755 4.83141e-05 -0.961301 0.2755 -9.18596e-10 </float_array>
          <technique_common>
            <accessor count="62" offset="0" source="#meshId6-bitangents-array" stride="3">
              <param name="X" type="float" />
              <param name="Y" type="float" />
              <param name="Z" type="float" />
            </accessor>
          </technique_common>
        </source>
        <source id="meshId6-tex0" name="meshId6-tex0">
          <float_array id="meshId6-tex0-array" count="124"> 0.926678 0.643425 0.921647 0.643425 0.921647 0.642048 0.926678 0.642048 0.921647 0.643425 0.916615 0.643425 0.916615 0.642048 0.921647 0.642048 0.916615 0.643425 0.911584 0.643425 0.911584 0.642048 0.916615 0.642048 0.911584 0.643425 0.906552 0.643425 0.906553 0.642048 0.911584 0.642048 0.906552 0.643425 0.901521 0.643425 0.901521 0.642048 0.906553 0.642048 0.901521 0.643425 0.89649 0.643425 0.89649 0.642048 0.901521 0.642048 0.89649 0.643425 0.891458 0.643425 0.891458 0.642048 0.89649 0.642048 0.891458 0.643425 0.886427 0.643425 0.886427 0.642048 0.891458 0.642048 0.886427 0.643425 0.881396 0.643425 0.881396 0.642048 0.886427 0.642048 0.881396 0.643425 0.876364 0.643425 0.876364 0.642048 0.881396 0.642048 0.877286 0.735358 0.881841 0.729089 0.888709 0.739232 0.877286 0.743106 0.881841 0.749375 0.88921 0.751769 0.89658 0.749375 0.901134 0.743106 0.901134 0.735358 0.89658 0.729089 0.88921 0.726694 0.921126 0.729089 0.92568 0.735358 0.913255 0.739232 0.92568 0.743106 0.921126 0.749375 0.913756 0.751769 0.906387 0.749375 0.901832 0.743106 0.901832 0.735358 0.906387 0.729089 0.913756 0.726694 </float_array>
          <technique_common>
            <accessor count="62" offset="0" source="#meshId6-tex0-array" stride="2">
              <param name="S" type="float" />
              <param name="T" type="float" />
            </accessor>
          </technique_common>
        </source>
        <vertices id="meshId6-vertices">
          <input semantic="POSITION" source="#meshId6-positions" />
          <input semantic="NORMAL" source="#meshId6-normals" />
          <input semantic="TANGENT" source="#meshId6-tangents" />
          <input semantic="BINORMAL" source="#meshId6-bitangents" />
          <input semantic="TEXCOORD" source="#meshId6-tex0"  />
        </vertices>
        <polylist count="40" material="defaultMaterial">
          <input offset="0" semantic="VERTEX" source="#meshId6-vertices" />
          <vcount>3 3 3 3 3 3 3 3 3 3 3 3 3 3 3 3 3 3 3 3 3 3 3 3 3 3 3 3 3 3 3 3 3 3 3 3 3 3 3 3 </vcount>
          <p>3 0 1 1 2 3 7 4 5 5 6 7 11 8 9 9 10 11 15 12 13 13 14 15 19 16 17 17 18 19 23 20 21 21 22 23 27 24 25 25 26 27 31 28 29 29 30 31 35 32 33 33 34 35 39 36 37 37 38 39 40 41 42 43 40 42 44 43 42 45 44 42 46 45 42 47 46 42 48 47 42 49 48 42 50 49 42 41 50 42 51 52 53 52 54 53 54 55 53 55 56 53 56 57 53 57 58 53 58 59 53 59 60 53 60 61 53 61 51 53 </p>
        </polylist>
      </mesh>
    </geometry>
    <geometry id="meshId7" name="meshId7_name" >
      <mesh>
        <source id="meshId7-positions" name="meshId7-positions">
          <float_array id="meshId7-positions-array" count="186"> -0.347205 -0.177658 -0.200317 -0.355033 -0.174575 -0.20643 -0.354186 -0.172426 -0.20643 -0.346359 -0.175509 -0.200317 -0.355033 -0.174575 -0.20643 -0.364708 -0.170765 -0.20643 -0.363862 -0.168615 -0.20643 -0.354186 -0.172426 -0.20643 -0.364708 -0.170765 -0.20643 -0.372536 -0.167682 -0.200317 -0.371689 -0.165532 -0.200317 -0.363862 -0.168615 -0.20643 -0.372536 -0.167682 -0.200317 -0.375526 -0.166504 -0.190427 -0.374679 -0.164354 -0.190427 -0.371689 -0.165532 -0.200317 -0.375526 -0.166504 -0.190427 -0.372536 -0.167682 -0.180537 -0.371689 -0.165532 -0.180537 -0.374679 -0.164354 -0.190427 -0.372536 -0.167682 -0.180537 -0.364708 -0.170765 -0.174425 -0.363862 -0.168615 -0.174425 -0.371689 -0.165532 -0.180537 -0.364708 -0.170765 -0.174425 -0.355033 -0.174575 -0.174425 -0.354186 -0.172426 -0.174425 -0.363862 -0.168615 -0.174425 -0.355033 -0.174575 -0.174425 -0.347205 -0.177658 -0.180537 -0.346359 -0.175509 -0.180537 -0.354186 -0.172426 -0.174425 -0.347205 -0.177658 -0.180537 -0.344215 -0.178836 -0.190427 -0.343369 -0.176686 -0.190427 -0.346359 -0.175509 -0.180537 -0.344215 -0.178836 -0.190427 -0.347205 -0.177658 -0.200317 -0.346359 -0.175509 -0.200317 -0.343369 -0.176686 -0.190427 -0.355033 -0.174575 -0.20643 -0.347205 -0.177658 -0.200317 -0.359871 -0.17267 -0.190427 -0.364708 -0.170765 -0.20643 -0.372536 -0.167682 -0.200317 -0.375526 -0.166504 -0.190427 -0.372536 -0.167682 -0.180537 -0.364708 -0.170765 -0.174425 -0.355033 -0.174575 -0.174425 -0.347205 -0.177658 -0.180537 -0.344215 -0.178836 -0.190427 -0.346359 -0.175509 -0.200317 -0.354186 -0.172426 -0.20643 -0.359024 -0.17052 -0.190427 -0.363862 -0.168615 -0.20643 -0.371689 -0.165532 -0.200317 -0.374679 -0.164354 -0.190427 -0.371689 -0.165532 -0.180537 -0.363862 -0.168615 -0.174425 -0.354186 -0.172426 -0.174425 -0.346359 -0.175509 -0.180537 -0.343369 -0.176686 -0.190427 </float_array>
          <technique_common>
            <accessor count="62" offset="0" source="#meshId7-positions-array" stride="3">
              <param name="X" type="float" />
              <param name="Y" type="float" />
              <param name="Z" type="float" />
            </accessor>
          </technique_common>
        </source>
        <source id="meshId7-normals" name="meshId7-normals">
          <float_array id="meshId7-normals-array" count="186"> 0.546895 -0.215401 -0.809017 0.546895 -0.215401 -0.809017 0.546895 -0.215401 -0.809017 0.546895 -0.215401 -0.809017 -0 0 -1 -0 0 -1 -0 0 -1 -0 0 -1 -0.546895 0.215401 -0.809017 -0.546895 0.215401 -0.809017 -0.546895 0.215401 -0.809017 -0.546895 0.215401 -0.809017 -0.884894 0.348526 -0.309017 -0.884894 0.348526 -0.309017 -0.884894 0.348526 -0.309017 -0.884894 0.348526 -0.309017 -0.884894 0.348526 0.309017 -0.884894 0.348526 0.309017 -0.884894 0.348526 0.309017 -0.884894 0.348526 0.309017 -0.546895 0.215401 0.809017 -0.546895 0.215401 0.809017 -0.546895 0.215401 0.809017 -0.546895 0.215401 0.809017 0 -0 1 0 -0 1 0 -0 1 0 -0 1 0.546895 -0.215401 0.809017 0.546895 -0.215401 0.809017 0.546895 -0.215401 0.809017 0.546895 -0.215401 0.809017 0.884894 -0.348526 0.309017 0.884894 -0.348526 0.309017 0.884894 -0.348526 0.309017 0.884894 -0.348526 0.309017 0.884894 -0.348526 -0.309017 0.884894 -0.348526 -0.309017 0.884894 -0.348526 -0.309017 0.884894 -0.348526 -0.309017 -0.366462 -0.930433 0 -0.366462 -0.930433 0 -0.366462 -0.930433 0 -0.366462 -0.930433 0 -0.366462 -0.930433 0 -0.366462 -0.930433 0 -0.366462 -0.930433 0 -0.366462 -0.930433 0 -0.366462 -0.930433 0 -0.366462 -0.930433 0 -0.366462 -0.930433 0 0.366462 0.930433 0 0.366462 0.930433 0 0.366462 0.930433 0 0.366462 0.930433 0 0.366462 0.930433 0 0.366462 0.930433 0 0.366462 0.930433 0 0.366462 0.930433 0 0.366462 0.930433 0 0.366462 0.930433 0 0.366462 0.930433 0 </float_array>
          <technique_common>
            <accessor count="62" offset="0" source="#meshId7-normals-array" stride="3">
              <param name="X" type="float" />
              <param name="Y" type="float" />
              <param name="Z" type="float" />
            </accessor>
          </technique_common>
        </source>
        <source id="meshId7-tangents" name="meshId7-tangents">
          <float_array id="meshId7-tangents-array" count="186"> 0.752737 -0.296472 0.587785 0.752739 -0.296467 0.587785 0.752739 -0.296467 0.587785 0.752737 -0.296471 0.587785 0.930431 -0.366467 0 0.930431 -0.366467 0 0.930431 -0.366467 0 0.930431 -0.366467 0 0.752737 -0.296472 -0.587785 0.752737 -0.296472 -0.587785 0.752737 -0.296472 -0.587785 0.752737 -0.296472 -0.587785 0.287521 -0.113239 -0.951057 0.28752 -0.113243 -0.951056 0.28752 -0.113244 -0.951056 0.287521 -0.113239 -0.951057 -0.287521 0.113239 -0.951056 -0.28752 0.113243 -0.951056 -0.28752 0.113244 -0.951057 -0.287521 0.113239 -0.951056 -0.752737 0.296472 -0.587785 -0.752737 0.296472 -0.587785 -0.752737 0.296472 -0.587785 -0.752737 0.296472 -0.587785 -0.930431 0.366467 0 -0.930431 0.366467 0 -0.930431 0.366467 0 -0.930431 0.366467 0 -0.752737 0.296472 0.587785 -0.752739 0.296467 0.587785 -0.752739 0.296467 0.587785 -0.752737 0.296471 0.587785 -0.28752 0.113243 0.951056 -0.28752 0.113243 0.951056 -0.28752 0.113244 0.951057 -0.28752 0.113243 0.951056 0.28752 -0.113243 0.951056 0.28752 -0.113243 0.951056 0.28752 -0.113244 0.951056 0.28752 -0.113243 0.951056 -1.35226e-05 5.32602e-06 1 -4.09179e-05 1.6116e-05 1 -3.30726e-09 1.30261e-09 1 1.61336e-05 -6.35441e-06 1 -7.59319e-06 2.99067e-06 1 -1.22459e-09 4.82018e-10 1 7.6021e-06 -2.99418e-06 1 -1.61362e-05 6.35545e-06 1 1.34972e-05 -5.31603e-06 1 4.09053e-05 -1.6111e-05 1 3.18452e-11 -1.30276e-11 1 4.2078e-05 -1.65729e-05 -1 1.38123e-05 -5.44012e-06 -1 -2.28822e-09 9.01217e-10 -1 -1.61362e-05 6.35543e-06 -1 -4.33144e-05 1.70599e-05 -1 6.38349e-09 -2.51359e-09 -1 4.33309e-05 -1.70664e-05 -1 1.61336e-05 -6.35442e-06 -1 -1.38402e-05 5.45113e-06 -1 -4.20933e-05 1.6579e-05 -1 -3.76351e-11 1.30275e-11 -1 </float_array>
          <technique_common>
            <accessor count="62" offset="0" source="#meshId7-tangents-array" stride="3">
              <param name="X" type="float" />
              <param name="Y" type="float" />
              <param name="Z" type="float" />
            </accessor>
          </technique_common>
        </source>
        <source id="meshId7-bitangents" name="meshId7-bitangents">
          <float_array id="meshId7-bitangents-array" count="186"> -0.36646 -0.930434 1.49012e-06 -0.366457 -0.930435 4.20213e-06 -0.366456 -0.930435 4.64916e-06 -0.366459 -0.930434 1.92225e-06 -0.366467 -0.930431 0 -0.366467 -0.930431 0 -0.366467 -0.930431 0 -0.366467 -0.930431 0 -0.36646 -0.930434 -1.49012e-06 -0.36646 -0.930434 -1.49012e-06 -0.36646 -0.930434 -1.49012e-06 -0.36646 -0.930434 -1.49012e-06 -0.366461 -0.930434 -4.54485e-06 -0.366462 -0.930433 -1.78814e-07 -0.366462 -0.930433 5.1409e-07 -0.366461 -0.930433 -3.8445e-06 -0.366461 -0.930434 4.5523e-06 -0.366462 -0.930433 1.86265e-07 -0.366462 -0.930433 -5.21541e-07 -0.366461 -0.930433 3.8445e-06 -0.36646 -0.930434 1.49012e-06 -0.36646 -0.930434 1.50502e-06 -0.36646 -0.930434 1.49012e-06 -0.36646 -0.930434 1.50502e-06 -0.366467 -0.930431 0 -0.366467 -0.930431 0 -0.366467 -0.930431 0 -0.366467 -0.930431 0 -0.36646 -0.930434 -1.49012e-06 -0.366457 -0.930435 -4.20213e-06 -0.366456 -0.930435 -4.63426e-06 -0.366459 -0.930434 -1.92225e-06 -0.366462 -0.930433 -5.06639e-07 -0.366462 -0.930433 3.57628e-07 -0.366462 -0.930433 5.1409e-07 -0.366462 -0.930433 -3.72529e-07 -0.366462 -0.930433 4.91738e-07 -0.366462 -0.930433 -3.7998e-07 -0.366462 -0.930433 -5.1409e-07 -0.366462 -0.930433 3.42727e-07 -0.930433 0.366462 -1.45336e-05 -0.930433 0.366462 -4.39773e-05 -0.930433 0.366462 -3.55454e-09 -0.930433 0.366462 1.73399e-05 -0.930433 0.366462 -8.16092e-06 -0.930433 0.366462 -1.31604e-09 -0.930433 0.366462 8.17049e-06 -0.930433 0.366462 -1.73427e-05 -0.930433 0.366462 1.45064e-05 -0.930433 0.366462 4.39638e-05 -0.930433 0.366462 3.44039e-11 -0.930433 0.366462 -4.52242e-05 -0.930433 0.366462 -1.4845e-05 -0.930433 0.366462 2.45929e-09 -0.930433 0.366462 1.73427e-05 -0.930433 0.366462 4.65529e-05 -0.930433 0.366462 -6.86055e-09 -0.930433 0.366462 -4.65707e-05 -0.930433 0.366462 -1.73399e-05 -0.930433 0.366462 1.4875e-05 -0.930433 0.366462 4.52406e-05 -0.930433 0.366462 3.9791e-11 </float_array>
          <technique_common>
            <accessor count="62" offset="0" source="#meshId7-bitangents-array" stride="3">
              <param name="X" type="float" />
              <param name="Y" type="float" />
              <param name="Z" type="float" />
            </accessor>
          </technique_common>
        </source>
        <source id="meshId7-tex0" name="meshId7-tex0">
          <float_array id="meshId7-tex0-array" count="124"> 0.926678 0.641662 0.921647 0.641662 0.921647 0.640285 0.926678 0.640285 0.921647 0.641662 0.916615 0.641662 0.916615 0.640285 0.921647 0.640285 0.916615 0.641662 0.911584 0.641662 0.911584 0.640285 0.916615 0.640285 0.911584 0.641662 0.906553 0.641662 0.906552 0.640285 0.911584 0.640285 0.906553 0.641662 0.901521 0.641662 0.901521 0.640285 0.906552 0.640285 0.901521 0.641662 0.89649 0.641662 0.89649 0.640285 0.901521 0.640285 0.89649 0.641662 0.891458 0.641662 0.891458 0.640285 0.89649 0.640285 0.891458 0.641662 0.886427 0.641662 0.886427 0.640285 0.891458 0.640285 0.886427 0.641662 0.881396 0.641662 0.881396 0.640285 0.886427 0.640285 0.881396 0.641662 0.876364 0.641662 0.876364 0.640285 0.881396 0.640285 0.877286 0.709775 0.881841 0.703506 0.888709 0.713649 0.877286 0.717523 0.881841 0.723792 0.88921 0.726186 0.89658 0.723792 0.901134 0.717523 0.901134 0.709775 0.89658 0.703506 0.88921 0.701111 0.921126 0.703506 0.92568 0.709775 0.913255 0.713649 0.92568 0.717523 0.921126 0.723792 0.913756 0.726187 0.906387 0.723792 0.901832 0.717523 0.901832 0.709775 0.906387 0.703506 0.913756 0.701111 </float_array>
          <technique_common>
            <accessor count="62" offset="0" source="#meshId7-tex0-array" stride="2">
              <param name="S" type="float" />
              <param name="T" type="float" />
            </accessor>
          </technique_common>
        </source>
        <vertices id="meshId7-vertices">
          <input semantic="POSITION" source="#meshId7-positions" />
          <input semantic="NORMAL" source="#meshId7-normals" />
          <input semantic="TANGENT" source="#meshId7-tangents" />
          <input semantic="BINORMAL" source="#meshId7-bitangents" />
          <input semantic="TEXCOORD" source="#meshId7-tex0"  />
        </vertices>
        <polylist count="40" material="defaultMaterial">
          <input offset="0" semantic="VERTEX" source="#meshId7-vertices" />
          <vcount>3 3 3 3 3 3 3 3 3 3 3 3 3 3 3 3 3 3 3 3 3 3 3 3 3 3 3 3 3 3 3 3 3 3 3 3 3 3 3 3 </vcount>
          <p>3 0 1 1 2 3 7 4 5 5 6 7 11 8 9 9 10 11 15 12 13 13 14 15 19 16 17 17 18 19 23 20 21 21 22 23 27 24 25 25 26 27 31 28 29 29 30 31 35 32 33 33 34 35 39 36 37 37 38 39 40 41 42 43 40 42 44 43 42 45 44 42 46 45 42 47 46 42 48 47 42 49 48 42 50 49 42 41 50 42 51 52 53 52 54 53 54 55 53 55 56 53 56 57 53 57 58 53 58 59 53 59 60 53 60 61 53 61 51 53 </p>
        </polylist>
      </mesh>
    </geometry>
    <geometry id="meshId8" name="meshId8_name" >
      <mesh>
        <source id="meshId8-positions" name="meshId8-positions">
          <float_array id="meshId8-positions-array" count="366"> 0.64622 -0.183419 -0.064229 0.634834 -0.183419 -0.121707 0.634834 -0.177854 -0.121707 0.64622 -0.177854 -0.064229 0.623448 -0.183419 -0.179184 0.623448 -0.177854 -0.179184 0.612062 -0.183419 -0.236662 0.612062 -0.177854 -0.236662 0.600676 -0.183419 -0.294139 0.600676 -0.177854 -0.294139 0.64622 -0.177854 -0.064229 0.634834 -0.177854 -0.121707 0.62572 -0.190451 -0.0785472 0.591374 -0.177854 -0.0533642 0.623448 -0.177854 -0.179184 0.60634 -0.190451 -0.176379 0.612062 -0.177854 -0.236662 0.587728 -0.190779 -0.273779 0.600676 -0.177854 -0.294139 0.54583 -0.177854 -0.283274 0.532368 -0.190451 -0.0600545 0.536528 -0.177854 -0.0424994 0.58902 -0.170175 -0.104376 0.57595 -0.162013 -0.170358 0.512988 -0.155102 -0.157886 0.526059 -0.170853 -0.0919033 0.563647 -0.172745 -0.23591 0.500685 -0.16407 -0.223437 0.490984 -0.177854 -0.27241 0.494376 -0.190779 -0.255286 0.439016 -0.190451 -0.0415618 0.481682 -0.177854 -0.0316347 0.43968 -0.166232 -0.14278 0.463097 -0.171665 -0.0794309 0.437723 -0.17229 -0.210965 0.436138 -0.177854 -0.261545 0.401024 -0.190779 -0.236793 0.41545 -0.177854 -0.0782475 0.426836 -0.177854 -0.0207699 0.420404 -0.190779 -0.138962 0.404064 -0.177854 -0.135725 0.392678 -0.177854 -0.193203 0.381292 -0.177854 -0.25068 0.426836 -0.177854 -0.0207699 0.41545 -0.177854 -0.0782475 0.41545 -0.183419 -0.0782475 0.426836 -0.183419 -0.0207699 0.404064 -0.177854 -0.135725 0.404064 -0.183419 -0.135725 0.392678 -0.177854 -0.193203 0.392678 -0.183419 -0.193203 0.381292 -0.177854 -0.25068 0.381292 -0.183419 -0.25068 0.426836 -0.183419 -0.0207699 0.41545 -0.183419 -0.0782475 0.439784 -0.196343 -0.0411303 0.481682 -0.183419 -0.0316347 0.404064 -0.183419 -0.135725 0.420404 -0.196343 -0.138962 0.392678 -0.183419 -0.193203 0.401024 -0.196343 -0.236793 0.381292 -0.183419 -0.25068 0.436138 -0.183419 -0.261545 0.533136 -0.196343 -0.059623 0.536528 -0.183419 -0.0424994 0.513756 -0.196343 -0.157455 0.494376 -0.196343 -0.255286 0.490984 -0.183419 -0.27241 0.626488 -0.196343 -0.0781157 0.591374 -0.183419 -0.0533642 0.607108 -0.196343 -0.175947 0.587728 -0.196343 -0.273779 0.54583 -0.183419 -0.283274 0.634834 -0.183419 -0.121707 0.64622 -0.183419 -0.064229 0.623448 -0.183419 -0.179184 0.612062 -0.183419 -0.236662 0.600676 -0.183419 -0.294139 0.436138 -0.183419 -0.261545 0.381292 -0.183419 -0.25068 0.381292 -0.177854 -0.25068 0.436138 -0.177854 -0.261545 0.490984 -0.183419 -0.27241 0.490984 -0.177854 -0.27241 0.54583 -0.183419 -0.283274 0.54583 -0.177854 -0.283274 0.600676 -0.183419 -0.294139 0.600676 -0.177854 -0.294139 0.426836 -0.183419 -0.0207699 0.481682 -0.183419 -0.0316347 0.481682 -0.177854 -0.0316347 0.426836 -0.177854 -0.0207699 0.536528 -0.183419 -0.0424994 0.536528 -0.177854 -0.0424994 0.591374 -0.183419 -0.0533642 0.591374 -0.177854 -0.0533642 0.64622 -0.183419 -0.064229 0.64622 -0.177854 -0.064229 0.62572 -0.190451 -0.0785472 0.60634 -0.190451 -0.176379 0.57595 -0.162013 -0.170358 0.58902 -0.170175 -0.104376 0.532368 -0.190451 -0.0600545 0.62572 -0.190451 -0.0785472 0.58902 -0.170175 -0.104376 0.526059 -0.170853 -0.0919033 0.587728 -0.190779 -0.273779 0.563647 -0.172745 -0.23591 0.587728 -0.190779 -0.273779 0.494376 -0.190779 -0.255286 0.500685 -0.16407 -0.223437 0.563647 -0.172745 -0.23591 0.420404 -0.190779 -0.138962 0.439016 -0.190451 -0.0415618 0.463097 -0.171665 -0.0794309 0.43968 -0.166232 -0.14278 0.439016 -0.190451 -0.0415618 0.463097 -0.171665 -0.0794309 0.401024 -0.190779 -0.236793 0.437723 -0.17229 -0.210965 0.401024 -0.190779 -0.236793 0.437723 -0.17229 -0.210965 </float_array>
          <technique_common>
            <accessor count="122" offset="0" source="#meshId8-positions-array" stride="3">
              <param name="X" type="float" />
              <param name="Y" type="float" />
              <param name="Z" type="float" />
            </accessor>
          </technique_common>
        </source>
        <source id="meshId8-normals" name="meshId8-normals">
          <float_array id="meshId8-normals-array" count="366"> 0.980938 0 -0.19432 0.980938 0 -0.194319 0.980938 0 -0.194319 0.980938 0 -0.19432 0.980938 0 -0.19432 0.980938 0 -0.19432 0.980938 0 -0.194321 0.980938 0 -0.194321 0.980938 0 -0.19432 0.980938 0 -0.19432 -0.379933 0.892904 -0.241605 -0.513022 0.858131 -0.020465 -0.379913 0.892905 -0.241634 -0.218706 0.866325 -0.449054 -0.581718 0.805488 0.113106 -0.581931 0.805341 0.113055 -0.479019 0.849927 0.219464 -0.246648 0.885801 0.393091 -0.271993 0.881282 0.386474 -0.032462 0.853026 0.520858 -0.111298 0.819727 -0.561836 -0.111298 0.819727 -0.561837 0.080808 0.983444 0.162198 0.086088 0.996287 -0.001299 -0.006964 0.999957 0.006118 -0.005004 0.985238 0.171118 0.089046 0.982378 -0.164332 -0.039993 0.990891 -0.128594 0.115631 0.803686 0.583711 0.115631 0.803686 0.583711 0.286057 0.885582 -0.365944 0.031058 0.86282 -0.504556 -0.105882 0.993537 0.040894 -0.050674 0.983202 0.175347 -0.158503 0.982918 -0.093541 0.228578 0.853026 0.469146 0.398788 0.881282 0.253595 0.48768 0.844239 -0.222327 0.267365 0.885546 -0.3799 0.602426 0.789274 -0.118869 0.602478 0.789236 -0.118857 0.537166 0.843202 0.021531 0.398787 0.881283 0.253594 -0.980938 0 0.194321 -0.980938 0 0.19432 -0.980938 0 0.19432 -0.980938 0 0.194321 -0.980938 0 0.194319 -0.980938 0 0.194319 -0.980938 0 0.194321 -0.980938 0 0.194321 -0.980938 0 0.194322 -0.980938 0 0.194322 -0.271992 -0.881282 0.386474 -0.488391 -0.843202 0.22469 -0.066029 -0.993397 0.09382 -0.032463 -0.853025 0.520859 -0.601346 -0.790058 0.119124 -0.092435 -0.99555 0.018311 -0.537166 -0.843202 -0.021531 -0.096809 -0.993397 -0.061562 -0.398787 -0.881283 -0.253594 -0.228578 -0.853026 -0.469147 0.01748 -0.995946 0.088238 0.115631 -0.803685 0.583712 0 -1 0 -0.01748 -0.995946 -0.088238 -0.115631 -0.803686 -0.583711 0.096809 -0.993397 0.061562 0.228579 -0.853026 0.469147 0.092434 -0.99555 -0.018311 0.066028 -0.993397 -0.09382 0.032462 -0.853026 -0.520858 0.537165 -0.843202 0.021531 0.398787 -0.881282 0.253595 0.601345 -0.79006 -0.119124 0.488391 -0.843202 -0.224689 0.271993 -0.881282 -0.386474 -0.19432 0 -0.980938 -0.194319 0 -0.980938 -0.194319 0 -0.980938 -0.19432 0 -0.980938 -0.194321 0 -0.980938 -0.194321 0 -0.980938 -0.19432 0 -0.980938 -0.19432 0 -0.980938 -0.194319 0 -0.980938 -0.194319 0 -0.980938 0.19432 0 0.980938 0.19432 0 0.980938 0.19432 0 0.980938 0.19432 0 0.980938 0.19432 0 0.980938 0.19432 0 0.980938 0.19432 0 0.980938 0.19432 0 0.980938 0.19432 0 0.980938 0.19432 0 0.980938 0.600945 0.795335 -0.079421 0.581505 0.804378 -0.121771 0.584953 0.802947 -0.114483 0.600945 0.795335 -0.079421 0.096339 0.856581 0.506939 0.09837 0.851382 0.51524 0.09837 0.851382 0.51524 0.096918 0.855109 0.509308 0.561869 0.811276 -0.16166 0.561869 0.811276 -0.16166 -0.062812 0.832578 -0.550334 -0.106689 0.831826 -0.544686 -0.107813 0.831786 -0.544527 -0.062812 0.832578 -0.550334 -0.61346 0.781491 0.113749 -0.601976 0.777477 0.182085 -0.601976 0.777477 0.182085 -0.61257 0.78129 0.119768 0.094274 0.861757 0.498485 0.094274 0.861757 0.498485 -0.150193 0.829458 -0.537998 -0.150193 0.829458 -0.537998 -0.621317 0.781877 0.05132 -0.621317 0.781877 0.05132 </float_array>
          <technique_common>
            <accessor count="122" offset="0" source="#meshId8-normals-array" stride="3">
              <param name="X" type="float" />
              <param name="Y" type="float" />
              <param name="Z" type="float" />
            </accessor>
          </technique_common>
        </source>
        <source id="meshId8-tangents" name="meshId8-tangents">
          <float_array id="meshId8-tangents-array" count="366"> 0.19432 0 0.980938 0.194319 0 0.980938 0.194319 0 0.980938 0.19432 0 0.980938 0.19432 0 0.980938 0.19432 0 0.980938 0.194321 0 0.980938 0.194321 0 0.980938 0.19432 0 0.980938 0.19432 0 0.980938 -0.170886 -0.324447 -0.93034 -0.13384 -0.103519 -0.985581 -0.198656 -0.333881 -0.921444 -0.553434 -0.489145 -0.674127 -0.193105 -0.00168339 -0.981177 -0.192747 -0.00152833 -0.981247 -0.25224 0.106194 -0.96182 -0.184039 0.355428 -0.916407 -0.211904 0.336905 -0.917383 0.0314964 0.521747 -0.852519 -0.202543 -0.572193 -0.794715 -0.221564 -0.571587 -0.790062 -0.246279 0.177385 -0.952828 -0.174014 0.0137526 -0.984647 -0.194354 0.00464799 -0.98092 -0.203134 0.166551 -0.964882 -0.157481 -0.149026 -0.976213 -0.162077 -0.133426 -0.977716 -0.143083 0.595001 -0.790886 -0.125243 0.594759 -0.794088 -0.26767 -0.292849 -0.917928 -0.288288 -0.475614 -0.831073 -0.217116 0.0170338 -0.975997 -0.240471 0.158395 -0.957645 -0.0816087 -0.107456 -0.990855 -0.00623307 0.483177 -0.875501 -0.109949 0.320489 -0.94085 -0.251752 -0.107851 -0.961764 -0.274601 -0.307884 -0.910935 -0.193428 -0.0001243 -0.981114 -0.194029 0.000380245 -0.980996 -0.127915 0.106667 -0.986032 -0.107275 0.319466 -0.941506 0.194321 0 0.980938 0.19432 0 0.980938 0.19432 0 0.980938 0.194321 0 0.980938 0.194319 0 0.980938 0.194319 0 0.980938 0.194321 0 0.980938 0.194321 0 0.980938 0.194322 0 0.980938 0.194322 0 0.980938 0.143992 0.359821 0.921843 0.257651 0.106668 0.960332 0.14899 0.0831556 0.985336 0.22693 0.501232 0.835026 0.19432 -1.66748e-08 0.980938 0.19432 1.80752e-08 0.980938 0.127915 -0.106667 0.986032 0.237647 -0.0831342 0.967788 0.218321 -0.359821 0.907119 0.143361 -0.506145 0.85045 0.19856 0.0899516 0.975952 0.181462 0.594856 0.783082 0.19432 0 0.980938 0.177916 -0.0899414 0.979927 0.147078 -0.595029 0.790132 0.242468 0.0835278 0.966557 0.142605 0.506045 0.850636 0.194303 -1.79541e-06 0.980941 0.143717 -0.0835768 0.986083 0.260245 -0.495943 0.82844 0.127916 0.106667 0.986032 0.225836 0.362397 0.904249 0.1943 -1.61116e-05 0.980942 0.257652 -0.106666 0.960332 0.13601 -0.362377 0.922054 -0.00287674 -0.999996 0.000569871 0 -1 0 0 -1 0 0 -1 0 -0.0884525 -0.995926 0.0175222 -0.0884672 -0.995925 0.0175251 0 -1 0 -0.00289146 -0.999996 0.000572786 0 -1 0 0 -1 0 0 1 0 -0.000598666 1 0.000118593 0.00124057 0.999999 -0.000245752 -4.14416e-05 1 8.20942e-06 0.0567632 0.998324 -0.0112446 0.0567814 0.998323 -0.0112482 0.00248147 0.999997 -0.00049157 0.000639693 1 -0.000126721 0.000690905 1 -0.000136866 0.000690904 1 -0.000136865 -0.168394 0.0288462 -0.985298 -0.226018 0.0159461 -0.973992 -0.226707 0.0263426 -0.973607 -0.190934 0.0463556 -0.980508 -0.225536 0.514847 -0.827083 0.226008 0.485109 -0.844743 0.49392 0.407708 -0.767996 -0.0874556 0.517055 -0.851473 -0.165411 -0.0812929 -0.982869 -0.11639 -0.11595 -0.986412 -0.539591 -0.492211 -0.68306 -0.226403 -0.553746 -0.801316 -0.0879636 -0.553552 -0.828156 -0.449265 -0.515982 -0.729331 -0.176846 0.00443685 -0.984229 -0.249089 0.0338181 -0.96789 -0.259948 0.0248046 -0.965304 -0.178975 0.0104862 -0.983798 -0.50636 0.472616 -0.721272 -0.431475 0.486612 -0.759631 0.19996 -0.507439 -0.838166 0.501909 -0.404862 -0.764313 -0.150958 -0.055175 -0.986999 -0.144693 -0.0501171 -0.988207 </float_array>
          <technique_common>
            <accessor count="122" offset="0" source="#meshId8-tangents-array" stride="3">
              <param name="X" type="float" />
              <param name="Y" type="float" />
              <param name="Z" type="float" />
            </accessor>
          </technique_common>
        </source>
        <source id="meshId8-bitangents" name="meshId8-bitangents">
          <float_array id="meshId8-bitangents-array" count="366"> 0 -1 0 0 -1 0 0 -1 0 0 -1 0 0 -1 0 0 -1 0 0 -1 0 0 -1 0 0 -1 0 0 -1 0 -0.909092 -0.31218 0.275853 -0.847877 -0.502886 0.16796 -0.903439 -0.302067 0.304226 -0.803666 0.101086 0.586433 -0.790136 -0.59261 0.156523 -0.790066 -0.592809 0.156117 -0.840783 -0.516088 0.163517 -0.95147 -0.298374 0.0753562 -0.938678 -0.331417 0.0951112 -0.998977 -0.0112693 -0.0438042 -0.972928 0.0253456 0.229714 -0.968774 0.0365504 0.245238 -0.965824 0.0370502 0.256535 -0.980973 0.0849923 0.174552 -0.980907 -0.00802019 0.194313 -0.979138 -0.0395881 0.199301 -0.983499 0.112807 0.141435 -0.985967 -0.0182596 0.165937 -0.982933 0.00793178 0.183794 -0.985365 0.0187154 0.169429 -0.920067 0.360532 0.153273 -0.95704 0.171269 0.233969 -0.970386 -0.112219 0.213909 -0.969333 -0.0906936 0.228405 -0.98398 -0.14942 0.0972467 -0.973506 0.197196 0.115761 -0.910428 0.347317 0.224704 -0.835936 0.525004 0.159942 -0.92364 0.347873 0.160855 -0.774383 0.614041 0.152593 -0.774192 0.61409 0.153364 -0.833721 0.526909 0.165156 -0.910748 0.348256 0.221939 0 1 -0 0 1 -0 0 1 -0 0 1 -0 0 1 -0 0 1 -0 0 1 -0 0 1 -0 0 1 -0 0 1 -0 -0.951466 0.306383 0.029029 -0.833721 0.526909 0.165156 -0.986632 0.0790391 0.142516 -0.97337 0.145306 0.177306 -0.774998 0.613032 0.153524 -0.976573 0.0942312 0.193455 -0.833721 0.526909 0.165157 -0.966515 0.0790606 0.244126 -0.890676 0.306382 0.335895 -0.962912 0.127137 0.237984 -0.979933 0.000460856 0.199327 -0.976576 0.0153733 0.214622 -0.980938 0 0.19432 -0.983891 0.00143021 0.178766 -0.982343 0.00551264 0.187008 -0.965317 -0.0786446 0.248953 -0.963024 -0.127535 0.237317 -0.976577 -0.0942303 0.193439 -0.987414 -0.0785927 0.13725 -0.964997 -0.162443 0.205896 -0.833721 -0.526908 0.165157 -0.888801 -0.303332 0.343545 -0.775005 -0.61303 0.153499 -0.833721 -0.526909 0.165158 -0.952639 -0.303357 0.0212992 -0.980934 0.00293264 0.194319 -0.980938 0 0.194319 -0.980938 0 0.194319 -0.980938 0 0.19432 -0.976942 0.0901714 0.193529 -0.976941 0.0901864 0.193529 -0.980938 0 0.19432 -0.980934 0.00294764 0.194319 -0.980938 0 0.194319 -0.980938 0 0.194319 -0.980938 0 0.19432 -0.980938 -0.000610299 0.19432 -0.980937 0.00126468 0.19432 -0.980938 -4.22469e-05 0.19432 -0.979294 0.0578663 0.193994 -0.979293 0.0578847 0.193994 -0.980935 0.0025297 0.194319 -0.980938 0.000652123 0.19432 -0.980938 0.00070433 0.19432 -0.980938 0.00070433 0.19432 -0.78135 0.605484 0.151265 -0.781516 0.593904 0.191077 -0.778739 0.595468 0.197443 -0.77615 0.604395 0.179714 -0.96946 -0.0346528 0.24279 -0.969146 0.199545 -0.144699 -0.863925 0.330035 -0.380408 -0.991443 0.0379812 0.124896 -0.81052 0.578983 0.0885184 -0.818998 0.57305 0.0292758 -0.839581 0.254051 0.480168 -0.968173 0.037827 0.247407 -0.990272 -0.0413874 0.132847 -0.891188 0.201435 0.406458 -0.76967 -0.623901 0.135481 -0.75867 -0.628002 0.173303 -0.755018 -0.628422 0.187172 -0.769887 -0.62408 0.133408 -0.857153 -0.184416 0.480915 -0.897186 -0.14347 0.417701 -0.968224 -0.233465 -0.0896448 -0.85178 -0.38482 -0.355505 -0.76888 -0.620986 0.152312 -0.770084 -0.621415 0.144271 </float_array>
          <technique_common>
            <accessor count="122" offset="0" source="#meshId8-bitangents-array" stride="3">
              <param name="X" type="float" />
              <param name="Y" type="float" />
              <param name="Z" type="float" />
            </accessor>
          </technique_common>
        </source>
        <source id="meshId8-tex0" name="meshId8-tex0">
          <float_array id="meshId8-tex0-array" count="244"> 0.37623 0.845201 0.360325 0.845201 0.360325 0.839665 0.37623 0.839665 0.343196 0.845201 0.343027 0.839665 0.326056 0.845201 0.326056 0.839665 0.309037 0.845201 0.309084 0.839665 0.445174 0.853793 0.468798 0.853793 0.453587 0.862216 0.445174 0.880621 0.492713 0.853793 0.492713 0.862216 0.517049 0.853793 0.532953 0.862215 0.541691 0.853793 0.541691 0.880621 0.453587 0.900933 0.445174 0.900934 0.470867 0.881738 0.493125 0.880607 0.493125 0.89989 0.470867 0.899828 0.515181 0.881738 0.515181 0.899828 0.541691 0.900934 0.532953 0.900934 0.453587 0.938115 0.445174 0.923767 0.493125 0.920141 0.470867 0.919009 0.515181 0.919009 0.541691 0.923767 0.532953 0.938115 0.468798 0.945972 0.445174 0.945972 0.492713 0.938115 0.492713 0.945972 0.517049 0.945972 0.541691 0.945972 0.37623 0.914476 0.360325 0.914476 0.360325 0.908893 0.37623 0.908893 0.343353 0.914476 0.343303 0.908893 0.326056 0.914476 0.326056 0.908893 0.309409 0.914476 0.309357 0.908893 0.37623 0.908893 0.360325 0.908893 0.372328 0.904981 0.37623 0.893675 0.343303 0.908893 0.343305 0.904981 0.326056 0.908893 0.313305 0.904981 0.309357 0.908893 0.309113 0.893675 0.372328 0.876402 0.37623 0.876529 0.343305 0.876402 0.313304 0.876402 0.30908 0.876543 0.372328 0.848818 0.37623 0.859657 0.343305 0.848818 0.313304 0.848819 0.309047 0.859658 0.360325 0.845201 0.37623 0.845201 0.343196 0.845201 0.326056 0.845201 0.309037 0.845201 0.309113 0.893675 0.309357 0.908893 0.304302 0.908893 0.304236 0.893675 0.30908 0.876543 0.304169 0.876702 0.309047 0.859658 0.304103 0.859658 0.309037 0.845201 0.304036 0.845201 0.37623 0.908893 0.37623 0.893675 0.381334 0.893674 0.381423 0.908893 0.37623 0.876529 0.381246 0.87663 0.37623 0.859657 0.381157 0.859658 0.37623 0.845201 0.381069 0.845202 0.45503 0.864088 0.493125 0.864252 0.493125 0.880607 0.470867 0.881738 0.455272 0.899827 0.45503 0.864088 0.470867 0.881738 0.470867 0.899828 0.531474 0.864175 0.515181 0.881738 0.531474 0.864175 0.531474 0.899828 0.515181 0.899828 0.515181 0.881738 0.493125 0.936431 0.455504 0.936431 0.470867 0.919009 0.493125 0.920141 0.455504 0.936431 0.470867 0.919009 0.531474 0.936431 0.515181 0.919009 0.531474 0.936431 0.515181 0.919009 </float_array>
          <technique_common>
            <accessor count="122" offset="0" source="#meshId8-tex0-array" stride="2">
              <param name="S" type="float" />
              <param name="T" type="float" />
            </accessor>
          </technique_common>
        </source>
        <vertices id="meshId8-vertices">
          <input semantic="POSITION" source="#meshId8-positions" />
          <input semantic="NORMAL" source="#meshId8-normals" />
          <input semantic="TANGENT" source="#meshId8-tangents" />
          <input semantic="BINORMAL" source="#meshId8-bitangents" />
          <input semantic="TEXCOORD" source="#meshId8-tex0"  />
        </vertices>
        <polylist count="112" material="defaultMaterial">
          <input offset="0" semantic="VERTEX" source="#meshId8-vertices" />
          <vcount>3 3 3 3 3 3 3 3 3 3 3 3 3 3 3 3 3 3 3 3 3 3 3 3 3 3 3 3 3 3 3 3 3 3 3 3 3 3 3 3 3 3 3 3 3 3 3 3 3 3 3 3 3 3 3 3 3 3 3 3 3 3 3 3 3 3 3 3 3 3 3 3 3 3 3 3 3 3 3 3 3 3 3 3 3 3 3 3 3 3 3 3 3 3 3 3 3 3 3 3 3 3 3 3 3 3 3 3 3 3 3 3 </vcount>
          <p>3 0 1 1 2 3 2 1 4 4 5 2 5 4 6 6 7 5 7 6 8 8 9 7 10 11 12 10 12 13 12 11 14 14 15 12 15 14 16 16 17 15 17 16 18 18 19 17 21 13 12 12 20 21 25 22 23 23 24 25 24 23 26 26 27 24 29 17 19 19 28 29 31 21 20 20 30 31 33 25 24 24 32 33 32 24 27 27 34 32 36 29 28 28 35 36 38 31 30 30 37 38 37 30 39 39 40 37 40 39 36 36 41 40 36 35 42 36 42 41 46 43 44 44 45 46 45 44 47 47 48 45 48 47 49 49 50 48 50 49 51 51 52 50 53 54 55 53 55 56 55 54 57 57 58 55 58 57 59 59 60 58 60 59 61 61 62 60 64 56 55 55 63 64 63 55 58 58 65 63 65 58 60 60 66 65 66 60 62 62 67 66 69 64 63 63 68 69 68 63 65 65 70 68 70 65 66 66 71 70 71 66 67 67 72 71 74 69 68 68 73 74 73 68 70 70 75 73 75 70 71 71 76 75 71 72 77 71 77 76 81 78 79 79 80 81 83 82 78 78 81 83 85 84 82 82 83 85 87 86 84 84 85 87 91 88 89 89 90 91 90 89 92 92 93 90 93 92 94 94 95 93 95 94 96 96 97 95 101 98 99 99 100 101 105 102 103 103 104 105 100 99 106 106 107 100 111 108 109 109 110 111 115 112 113 113 114 115 117 116 102 102 105 117 110 109 118 118 119 110 121 120 112 112 115 121 </p>
        </polylist>
      </mesh>
    </geometry>
    <geometry id="meshId9" name="meshId9_name" >
      <mesh>
        <source id="meshId9-positions" name="meshId9-positions">
          <float_array id="meshId9-positions-array" count="366"> 0.0251954 0.208458 0.313851 0.0691309 0.208458 0.311974 0.0691309 0.214022 0.311974 0.0251954 0.214022 0.313851 0.113066 0.208458 0.310097 0.113066 0.214022 0.310097 0.157002 0.208458 0.30822 0.157002 0.214022 0.30822 0.200938 0.208458 0.306343 0.200938 0.214022 0.306343 0.0251954 0.214022 0.313851 0.0691309 0.214022 0.311974 0.0372235 0.201097 0.288455 0.021634 0.214022 0.230484 0.113066 0.214022 0.310097 0.112005 0.201097 0.28526 0.157002 0.214022 0.30822 0.186787 0.201097 0.282066 0.200938 0.214022 0.306343 0.197376 0.214022 0.222976 0.0311617 0.201097 0.146558 0.0180725 0.214022 0.147117 0.0595952 0.221374 0.241221 0.110032 0.229535 0.239066 0.105944 0.236447 0.143364 0.0555068 0.220695 0.145518 0.160469 0.219131 0.236911 0.156381 0.227806 0.141209 0.193815 0.214022 0.13961 0.180726 0.201097 0.140169 0.0250999 0.201097 0.0046616 0.0145112 0.214022 0.063751 0.101134 0.225645 0.0307668 0.0514184 0.219884 0.0498158 0.152292 0.219586 0.0455065 0.190253 0.214022 0.0562433 0.174664 0.201097 -0.00172776 0.0548853 0.214022 -0.0214925 0.0109498 0.214022 -0.0196156 0.0998819 0.201097 0.00146694 0.0988209 0.214022 -0.0233694 0.142756 0.214022 -0.0252463 0.186692 0.214022 -0.0271233 0.0109498 0.214022 -0.0196156 0.0548853 0.214022 -0.0214925 0.0548853 0.208458 -0.0214925 0.0109498 0.208458 -0.0196156 0.0988209 0.214022 -0.0233694 0.0988209 0.208458 -0.0233694 0.142756 0.214022 -0.0252463 0.142756 0.208458 -0.0252463 0.186692 0.214022 -0.0271233 0.186692 0.208458 -0.0271233 0.0109498 0.208458 -0.0196156 0.0548853 0.208458 -0.0214925 0.0250999 0.195533 0.0046616 0.0145112 0.208458 0.063751 0.0988209 0.208458 -0.0233694 0.0998819 0.195533 0.00146694 0.142756 0.208458 -0.0252463 0.174664 0.195533 -0.00172776 0.186692 0.208458 -0.0271233 0.190253 0.208458 0.0562433 0.0311617 0.195533 0.146558 0.0180725 0.208458 0.147117 0.105944 0.195533 0.143364 0.180726 0.195533 0.140169 0.193815 0.208458 0.13961 0.0372235 0.195533 0.288455 0.021634 0.208458 0.230484 0.112005 0.195533 0.28526 0.186787 0.195533 0.282066 0.197376 0.208458 0.222976 0.0691309 0.208458 0.311974 0.0251954 0.208458 0.313851 0.113066 0.208458 0.310097 0.157002 0.208458 0.30822 0.200938 0.208458 0.306343 0.190253 0.208458 0.0562433 0.186692 0.208458 -0.0271233 0.186692 0.214022 -0.0271233 0.190253 0.214022 0.0562433 0.193815 0.208458 0.13961 0.193815 0.214022 0.13961 0.197376 0.208458 0.222976 0.197376 0.214022 0.222976 0.200938 0.208458 0.306343 0.200938 0.214022 0.306343 0.0109498 0.208458 -0.0196156 0.0145112 0.208458 0.063751 0.0145112 0.214022 0.063751 0.0109498 0.214022 -0.0196156 0.0180725 0.208458 0.147117 0.0180725 0.214022 0.147117 0.021634 0.208458 0.230484 0.021634 0.214022 0.230484 0.0251954 0.208458 0.313851 0.0251954 0.214022 0.313851 0.0372235 0.201097 0.288455 0.112005 0.201097 0.28526 0.110032 0.229535 0.239066 0.0595952 0.221374 0.241221 0.0311617 0.201097 0.146558 0.0372235 0.201097 0.288455 0.0595952 0.221374 0.241221 0.0555068 0.220695 0.145518 0.186787 0.201097 0.282066 0.160469 0.219131 0.236911 0.186787 0.201097 0.282066 0.180726 0.201097 0.140169 0.156381 0.227806 0.141209 0.160469 0.219131 0.236911 0.0998819 0.201097 0.00146694 0.0250999 0.201097 0.0046616 0.0514184 0.219884 0.0498158 0.101134 0.225645 0.0307668 0.0250999 0.201097 0.0046616 0.0514184 0.219884 0.0498158 0.174664 0.201097 -0.00172776 0.152292 0.219586 0.0455065 0.174664 0.201097 -0.00172776 0.152292 0.219586 0.0455065 </float_array>
          <technique_common>
            <accessor count="122" offset="0" source="#meshId9-positions-array" stride="3">
              <param name="X" type="float" />
              <param name="Y" type="float" />
              <param name="Z" type="float" />
            </accessor>
          </technique_common>
        </source>
        <source id="meshId9-normals" name="meshId9-normals">
          <float_array id="meshId9-normals-array" count="366"> 0.042682 0 0.999089 0.042681 0 0.999089 0.042681 0 0.999089 0.042682 0 0.999089 0.042681 0 0.999089 0.042681 0 0.999089 0.042681 0 0.999089 0.042681 0 0.999089 0.04268 0 0.999089 0.04268 0 0.999089 0.420733 0.873411 -0.245228 0.163876 0.908385 -0.384683 0.420734 0.873411 -0.245228 0.6129 0.782736 -0.108065 -0.019688 0.88725 -0.460869 -0.019688 0.88725 -0.460869 -0.196087 0.908385 -0.369306 -0.440115 0.873411 -0.208453 -0.440115 0.873411 -0.208453 -0.619884 0.782736 -0.055401 0.701652 0.71189 -0.029974 0.701652 0.71189 -0.029974 -0.228791 0.972593 0.041444 -0.020703 0.998109 0.057879 -0.008382 0.999954 -0.00475 -0.222509 0.974814 -0.015101 0.188003 0.979545 0.071738 0.171073 0.985134 -0.015672 -0.701652 0.711889 0.029974 -0.701652 0.711889 0.029974 0.440115 0.873411 0.208453 0.619884 0.782736 0.055401 -0.033392 0.996852 -0.071916 -0.218894 0.974711 -0.044995 0.154207 0.983326 -0.096388 -0.6129 0.782736 0.108065 -0.420734 0.873411 0.245229 0.196087 0.908385 0.369306 0.440115 0.87341 0.208453 0.019688 0.887249 0.46087 0.019688 0.887249 0.46087 -0.163876 0.908385 0.384684 -0.420734 0.873411 0.245228 -0.042682 0 -0.999089 -0.042681 0 -0.999089 -0.042681 0 -0.999089 -0.042682 0 -0.999089 -0.042681 0 -0.999089 -0.042681 0 -0.999089 -0.042681 0 -0.999089 -0.042681 0 -0.999089 -0.042681 0 -0.999089 -0.042681 0 -0.999089 -0.440121 -0.873407 -0.208456 -0.19609 -0.908382 -0.369311 -0.107749 -0.992868 -0.051033 -0.61989 -0.78273 -0.055402 -0.019688 -0.887246 -0.460876 -0.002701 -0.997995 -0.063237 0.163879 -0.908382 -0.384689 0.103004 -0.992867 -0.060037 0.420739 -0.873407 -0.245232 0.612906 -0.782731 -0.108066 -0.119371 -0.992837 0.005099 -0.701658 -0.711884 0.029975 0 -1 0 0.119371 -0.992837 -0.005099 0.701657 -0.711884 -0.029975 -0.103004 -0.992867 0.060037 -0.612906 -0.782731 0.108066 0.002701 -0.997995 0.063237 0.107749 -0.992868 0.051033 0.61989 -0.782731 0.055402 -0.163879 -0.908382 0.384688 -0.420739 -0.873408 0.245231 0.019688 -0.887247 0.460875 0.19609 -0.908382 0.369311 0.44012 -0.873407 0.208456 0.999089 0 -0.042681 0.999089 0 -0.042681 0.999089 0 -0.042681 0.999089 0 -0.042681 0.999089 0 -0.042681 0.999089 0 -0.042681 0.999089 0 -0.042681 0.999089 0 -0.042681 0.999089 0 -0.042681 0.999089 0 -0.042681 -0.999089 0 0.042681 -0.999089 0 0.042681 -0.999089 0 0.042681 -0.999089 0 0.042681 -0.999089 0 0.042681 -0.999089 0 0.042681 -0.999089 0 0.042681 -0.999089 0 0.042681 -0.999089 0 0.042681 -0.999089 0 0.042681 -0.038519 0.889469 0.455369 0.02695 0.896129 0.442975 0.019338 0.89556 0.44452 -0.038519 0.889469 0.455369 -0.625481 0.779862 0.024274 -0.634012 0.772923 0.024876 -0.634012 0.772923 0.024876 -0.627923 0.777891 0.024446 0.092982 0.898776 0.428434 0.092982 0.898776 0.428434 0.662409 0.749142 -0.000944 0.663857 0.747348 -0.027644 0.663888 0.747295 -0.028328 0.662409 0.749142 -0.000944 -0.019301 0.882436 -0.470037 -0.123582 0.876863 -0.464585 -0.123582 0.876863 -0.464585 -0.021774 0.882415 -0.469967 -0.616719 0.786828 0.023658 -0.616719 0.786828 0.023658 0.664824 0.745032 -0.054177 0.664824 0.745033 -0.054177 0.085369 0.878344 -0.470345 0.085369 0.878344 -0.470345 </float_array>
          <technique_common>
            <accessor count="122" offset="0" source="#meshId9-normals-array" stride="3">
              <param name="X" type="float" />
              <param name="Y" type="float" />
              <param name="Z" type="float" />
            </accessor>
          </technique_common>
        </source>
        <source id="meshId9-tangents" name="meshId9-tangents">
          <float_array id="meshId9-tangents-array" count="366"> -0.99649 0.0720806 0.042571 -0.999044 -0.00947499 0.0426791 -0.999023 -0.011454 0.0426782 -0.996893 0.0662593 0.0425882 -0.999049 0.00888992 0.0426793 -0.999048 0.00898123 0.0426793 -0.995349 -0.0864437 0.0425212 -0.99586 -0.0803341 0.042543 -0.998988 -0.0141741 0.0426757 -0.999089 -0.000311964 0.04268 -0.906933 0.39859 -0.136377 -0.985693 0.166363 -0.0270613 -0.90653 0.394513 -0.150212 -0.788758 0.614209 -0.02467 -0.999088 7.55548e-06 0.0426949 -0.999088 6.31619e-06 0.0426925 -0.979795 -0.166373 0.111004 -0.890415 -0.39451 0.226987 -0.891998 -0.398591 0.213227 -0.784257 -0.615637 0.0770205 -0.711618 0.702259 0.0207897 -0.711303 0.702291 0.0289085 -0.926775 -0.230646 0.296465 -0.999666 -0.0215615 0.0142483 -0.999564 -0.00824409 0.0283432 -0.97202 -0.220622 0.0806394 -0.974013 0.195337 -0.114637 -0.984573 0.171525 0.0345587 -0.710787 -0.702258 0.0401943 -0.711177 -0.702291 0.0318519 -0.891315 0.396781 0.219369 -0.780663 0.622307 -0.0574373 -0.99826 -0.0297676 0.0508931 -0.97343 -0.214964 0.0789008 -0.988038 0.153566 -0.0140821 -0.751938 -0.619793 0.224603 -0.906772 -0.396734 -0.142715 -0.979794 0.166364 0.111026 -0.891829 0.398137 0.214775 -0.999089 -3.21757e-07 0.0426809 -0.999089 -3.10236e-07 0.0426809 -0.985693 -0.166363 -0.027061 -0.906897 -0.398137 -0.137933 -0.999089 -0.000553193 0.042682 -0.996058 0.0778314 0.0425515 -0.99551 0.0845655 0.0425281 -0.999003 0.0131288 0.0426783 -0.999085 -0.00274225 0.0426808 -0.999085 -0.00258798 0.0426809 -0.999087 0.00192124 0.0426809 -0.999089 -0.000717707 0.042681 -0.996747 -0.0684317 0.0425809 -0.99633 -0.0742598 0.0425631 -0.883747 0.380221 0.272805 -0.980554 0.184694 0.066351 -0.908945 0.0775865 0.409633 -0.593504 0.421502 0.685631 -0.999175 0.00108558 0.0405935 -0.999139 7.60864e-05 0.0414748 -0.98238 -0.185798 0.020234 -0.940004 -0.0774284 -0.332262 -0.903747 -0.380039 -0.197009 -0.635871 -0.407409 -0.655504 -0.883342 0.108548 0.455987 -0.493578 0.515967 0.700113 -0.999166 0 0.0408281 -0.91746 -0.108342 -0.382791 -0.545917 -0.510087 -0.66467 -0.947404 0.116316 0.298153 -0.519098 0.50198 0.691776 -0.999361 -0.000439524 0.0357485 -0.966802 -0.116607 -0.227368 -0.55023 -0.483924 -0.680488 -0.977975 0.200701 0.0573017 -0.800873 0.484582 0.351829 -0.999612 -0.00838287 0.026564 -0.980114 -0.193244 0.0450866 -0.822242 -0.4853 -0.297325 0 -1 0 0.041134 -0.266786 0.962877 0.0415824 -0.225429 0.973372 0.000895816 -0.99978 0.0209695 -1.01279e-06 -1 -2.37077e-05 0 -1 0 -0.000908826 -0.999773 -0.0212741 -4.67746e-05 -0.999999 -0.00109491 -0.0400867 -0.343322 -0.938362 -0.0394539 -0.381448 -0.923548 -0.0409761 0.279812 -0.95918 -0.00088174 0.999787 -0.02064 0 1 0 -0.0404392 0.319831 -0.946611 0 1 0 0 1 0 0 1 0 0.000879245 0.999788 0.0205816 0.040319 0.328053 0.943798 0.0408692 0.288266 0.956678 -0.998534 -0.0516042 0.0163335 -0.986541 -0.0476501 0.156415 -0.972453 -0.086451 0.216475 -0.97007 -0.142622 0.196526 -0.779174 -0.62595 0.0327736 -0.770015 -0.633945 0.0720468 -0.768252 -0.633206 0.0940114 -0.777 -0.628382 0.0375053 -0.990114 0.12885 -0.0554216 -0.954741 0.202585 -0.21778 -0.749112 0.66237 -0.00986107 -0.746844 0.664428 0.0275408 -0.746591 0.664492 0.0324414 -0.749138 0.662399 -0.00444479 -0.998017 0.0111665 0.0619451 -0.992305 -0.105595 0.0646577 -0.992246 -0.115431 0.0460774 -0.997194 0.0145099 0.0734449 -0.786315 -0.617172 0.0284217 -0.786292 -0.617172 0.0290546 -0.744403 0.666811 0.0350402 -0.744375 0.666818 0.0354953 -0.995636 0.0930656 -0.00691574 -0.994332 0.105132 0.015855 </float_array>
          <technique_common>
            <accessor count="122" offset="0" source="#meshId9-tangents-array" stride="3">
              <param name="X" type="float" />
              <param name="Y" type="float" />
              <param name="Z" type="float" />
            </accessor>
          </technique_common>
        </source>
        <source id="meshId9-bitangents" name="meshId9-bitangents">
          <float_array id="meshId9-bitangents-array" count="366"> -0.0720149 -0.997399 0.00307654 0.00946636 -0.999955 -0.000404402 0.0114436 -0.999934 -0.000488868 -0.066199 -0.997802 0.00282808 -0.00888182 -0.99996 0.000379431 -0.00897304 -0.99996 0.000383328 0.0863649 -0.996257 -0.0036895 0.0802609 -0.996768 -0.00342874 0.0141612 -0.999899 -0.000604949 0.00031168 -1 -1.33146e-05 -0.0213681 0.279784 0.959825 0.0394149 0.383614 0.922652 -0.0344511 0.285506 0.957758 0.0470644 0.100357 0.993838 0.0378845 0.461289 0.886441 0.0378818 0.461289 0.886441 0.0393919 0.383611 0.922655 0.116016 0.28551 0.951328 0.103148 0.279784 0.954506 0.0261798 0.0911924 0.995489 0.0358495 0.00674289 0.999334 0.0416301 0.0010369 0.999133 0.297899 0.0294193 0.954144 0.0154693 -0.0575647 0.998222 0.0283028 0.0049855 0.999587 0.0752768 0.0326215 0.996629 -0.126305 -0.0483217 0.990814 0.0367331 0.00951817 0.99928 0.0496634 0.00689732 0.998742 0.0437255 0.00103211 0.999043 0.108889 -0.282345 0.953113 -0.0794346 -0.00764506 0.996811 0.0485921 0.0734903 0.996112 0.0672331 0.0610703 0.995866 0.000954553 0.0974066 0.995244 0.242783 0.0564013 0.96844 -0.0273578 -0.282411 0.958903 0.0394156 -0.383615 0.922652 0.104593 -0.28043 0.954159 0.0378687 -0.46129 0.886441 0.0378687 -0.46129 0.886441 0.0394153 -0.383615 0.922652 -0.0228379 -0.280429 0.959603 -0.000552689 1 2.36114e-05 0.0777604 0.996966 -0.00332192 0.0844885 0.996418 -0.00360934 0.0131168 0.999914 -0.000560363 -0.00273975 0.999996 0.000117042 -0.00258562 0.999997 0.000110457 0.00191949 0.999998 -8.20003e-05 -0.000717053 1 3.06324e-05 -0.0683693 0.997656 0.00292073 -0.0741922 0.997239 0.00316948 -0.159011 0.30429 -0.939214 0.00793739 0.37514 -0.926934 -0.402752 0.0905238 -0.910822 -0.513312 0.457897 -0.725838 -0.0355162 0.461295 -0.886536 -0.0413868 0.0632946 -0.997136 -0.0898545 0.374595 -0.922824 0.325244 0.0906594 -0.941274 0.078871 0.304517 -0.949236 0.469057 0.470479 -0.747419 -0.453274 0.0499274 -0.889972 -0.513865 0.476445 -0.713402 -0.0408281 -0 -0.999166 0.379496 0.0503722 -0.923821 0.457878 0.482734 -0.746535 -0.30301 -0.0261684 -0.952628 -0.595721 0.367897 -0.713981 -0.0356491 -0.0632931 -0.997358 0.231697 -0.0248401 -0.972471 0.559449 0.391344 -0.730661 -0.129259 -0.366825 -0.921266 -0.426124 -0.0483708 -0.903371 -0.0197054 -0.461219 -0.887067 0.0304114 -0.370808 -0.928211 0.360849 -0.0405427 -0.931742 -0.042681 -0 -0.999089 -0.0113867 -0.963756 -0.266543 -0.00962155 -0.97426 -0.225224 -0.0426716 -0.0209886 -0.998869 -0.042681 2.37293e-05 -0.999089 -0.042681 -0 -0.999089 -0.0426713 0.0212935 -0.998862 -0.042681 0.00109591 -0.999088 -0.0146533 0.939218 -0.343009 -0.0162806 0.92439 -0.3811 -0.0119427 -0.960055 -0.279557 -0.0426719 -0.0206588 -0.998875 -0.042681 0 -0.999089 -0.0136507 -0.947475 -0.31954 -0.042681 0 -0.999089 -0.042681 0 -0.999089 -0.042681 0 -0.999089 -0.0426719 0.0206004 -0.998877 -0.0140016 0.944659 -0.327754 -0.0123035 0.95755 -0.288004 0.0380271 -0.454072 0.890153 0.161276 -0.441228 0.882784 0.232295 -0.436461 0.869218 0.23975 -0.43417 0.868341 0.0407532 0.0015856 0.999168 0.0714567 0.0265236 0.997091 0.0884152 0.0404933 0.99526 0.0445365 0.0045559 0.998997 -0.105015 -0.419046 0.901872 -0.28253 -0.388794 0.876936 -0.00676206 0.00723922 0.999951 0.03895 0.00236262 0.999238 0.043067 -0.000388004 0.999072 -0.00270448 0.00365146 0.99999 0.0599112 0.4703 0.88047 0.00763822 0.469 0.883165 -0.0132238 0.466677 0.884329 0.0716281 0.470248 0.879623 0.036964 -0.00107446 0.999316 0.0374621 -0.000683539 0.999298 0.0622319 0.017034 0.997916 0.0625713 0.0167299 0.9979 0.0376986 0.468883 0.882456 0.0633747 0.466325 0.88234 </float_array>
          <technique_common>
            <accessor count="122" offset="0" source="#meshId9-bitangents-array" stride="3">
              <param name="X" type="float" />
              <param name="Y" type="float" />
              <param name="Z" type="float" />
            </accessor>
          </technique_common>
        </source>
        <source id="meshId9-tex0" name="meshId9-tex0">
          <float_array id="meshId9-tex0-array" count="244"> 0.43577 0.847531 0.422503 0.844064 0.422805 0.841476 0.432099 0.841461 0.413516 0.844556 0.413511 0.841492 0.404513 0.844064 0.404217 0.841508 0.391275 0.847615 0.394924 0.841523 0.593861 0.945627 0.578056 0.945627 0.586888 0.936363 0.593861 0.921369 0.5684 0.945627 0.568399 0.936364 0.55864 0.945627 0.549862 0.936363 0.543338 0.945627 0.543338 0.921369 0.586888 0.899768 0.59386 0.899768 0.624197 0.914458 0.614208 0.917969 0.614207 0.889858 0.624197 0.889858 0.60351 0.914458 0.603511 0.889858 0.543338 0.899768 0.549862 0.899768 0.586888 0.863737 0.593861 0.879254 0.614207 0.862485 0.624197 0.865996 0.60351 0.865995 0.543338 0.879254 0.549862 0.863737 0.578056 0.854106 0.59386 0.854106 0.568399 0.863737 0.568399 0.854106 0.55864 0.854106 0.543338 0.854106 0.432084 0.915937 0.42279 0.915906 0.4225 0.91292 0.435765 0.908848 0.413497 0.915876 0.413507 0.912812 0.404203 0.915845 0.404512 0.912944 0.394909 0.915814 0.391272 0.908839 0.435765 0.908848 0.4225 0.91292 0.429193 0.898238 0.439435 0.891251 0.413507 0.912812 0.41353 0.898238 0.404512 0.912944 0.397784 0.898238 0.391272 0.908839 0.387623 0.891357 0.429192 0.874892 0.439435 0.87768 0.413529 0.874945 0.397784 0.874946 0.387623 0.877786 0.429193 0.851431 0.439435 0.864108 0.413528 0.851431 0.397784 0.851432 0.387621 0.864214 0.422503 0.844064 0.43577 0.847531 0.413516 0.844556 0.404513 0.844064 0.391275 0.847615 0.387623 0.891357 0.391272 0.908839 0.38315 0.904928 0.38315 0.891357 0.387623 0.877786 0.383149 0.877786 0.387621 0.864214 0.383148 0.864215 0.391275 0.847615 0.383146 0.850643 0.435765 0.908848 0.439435 0.891251 0.44391 0.891251 0.44391 0.904822 0.439435 0.87768 0.44391 0.87768 0.439435 0.864108 0.44391 0.864108 0.43577 0.847531 0.44391 0.850537 0.631598 0.92583 0.614208 0.92583 0.614208 0.917969 0.624197 0.914458 0.631598 0.889858 0.631598 0.92583 0.624197 0.914458 0.624197 0.889858 0.595823 0.92583 0.60351 0.914458 0.595823 0.92583 0.595823 0.889858 0.603511 0.889858 0.60351 0.914458 0.614207 0.854537 0.631598 0.854537 0.624197 0.865996 0.614207 0.862485 0.631598 0.854537 0.624197 0.865996 0.595823 0.854537 0.60351 0.865995 0.595823 0.854537 0.60351 0.865995 </float_array>
          <technique_common>
            <accessor count="122" offset="0" source="#meshId9-tex0-array" stride="2">
              <param name="S" type="float" />
              <param name="T" type="float" />
            </accessor>
          </technique_common>
        </source>
        <vertices id="meshId9-vertices">
          <input semantic="POSITION" source="#meshId9-positions" />
          <input semantic="NORMAL" source="#meshId9-normals" />
          <input semantic="TANGENT" source="#meshId9-tangents" />
          <input semantic="BINORMAL" source="#meshId9-bitangents" />
          <input semantic="TEXCOORD" source="#meshId9-tex0"  />
        </vertices>
        <polylist count="112" material="defaultMaterial">
          <input offset="0" semantic="VERTEX" source="#meshId9-vertices" />
          <vcount>3 3 3 3 3 3 3 3 3 3 3 3 3 3 3 3 3 3 3 3 3 3 3 3 3 3 3 3 3 3 3 3 3 3 3 3 3 3 3 3 3 3 3 3 3 3 3 3 3 3 3 3 3 3 3 3 3 3 3 3 3 3 3 3 3 3 3 3 3 3 3 3 3 3 3 3 3 3 3 3 3 3 3 3 3 3 3 3 3 3 3 3 3 3 3 3 3 3 3 3 3 3 3 3 3 3 3 3 3 3 3 3 </vcount>
          <p>3 0 1 1 2 3 2 1 4 4 5 2 5 4 6 6 7 5 7 6 8 8 9 7 10 11 12 10 12 13 12 11 14 14 15 12 15 14 16 16 17 15 17 16 18 18 19 17 21 13 12 12 20 21 25 22 23 23 24 25 24 23 26 26 27 24 29 17 19 19 28 29 31 21 20 20 30 31 33 25 24 24 32 33 32 24 27 27 34 32 36 29 28 28 35 36 38 31 30 30 37 38 37 30 39 39 40 37 40 39 36 36 41 40 36 35 42 36 42 41 46 43 44 44 45 46 45 44 47 47 48 45 48 47 49 49 50 48 50 49 51 51 52 50 53 54 55 53 55 56 55 54 57 57 58 55 58 57 59 59 60 58 60 59 61 61 62 60 64 56 55 55 63 64 63 55 58 58 65 63 65 58 60 60 66 65 66 60 62 62 67 66 69 64 63 63 68 69 68 63 65 65 70 68 70 65 66 66 71 70 71 66 67 67 72 71 74 69 68 68 73 74 73 68 70 70 75 73 75 70 71 71 76 75 71 72 77 71 77 76 81 78 79 79 80 81 83 82 78 78 81 83 85 84 82 82 83 85 87 86 84 84 85 87 91 88 89 89 90 91 90 89 92 92 93 90 93 92 94 94 95 93 95 94 96 96 97 95 101 98 99 99 100 101 105 102 103 103 104 105 100 99 106 106 107 100 111 108 109 109 110 111 115 112 113 113 114 115 117 116 102 102 105 117 110 109 118 118 119 110 121 120 112 112 115 121 </p>
        </polylist>
      </mesh>
    </geometry>
    <geometry id="meshId10" name="meshId10_name" >
      <mesh>
        <source id="meshId10-positions" name="meshId10-positions">
          <float_array id="meshId10-positions-array" count="366"> 0.250029 0.208458 0.310647 0.293983 0.208458 0.312023 0.293983 0.214022 0.312023 0.250029 0.214022 0.310647 0.337938 0.208458 0.313398 0.337938 0.214022 0.313398 0.381892 0.208458 0.314774 0.381892 0.214022 0.314774 0.425846 0.208458 0.31615 0.425846 0.214022 0.31615 0.250029 0.214022 0.310647 0.293983 0.214022 0.312023 0.263902 0.201097 0.28621 0.25264 0.214022 0.227245 0.337938 0.214022 0.313398 0.338715 0.201097 0.288552 0.381892 0.214022 0.314774 0.413529 0.201097 0.290893 0.425846 0.214022 0.31615 0.428456 0.214022 0.232748 0.268345 0.201097 0.144253 0.25525 0.214022 0.143843 0.289704 0.221374 0.240758 0.340162 0.229535 0.242338 0.343159 0.236447 0.146595 0.2927 0.220695 0.145015 0.39062 0.219131 0.243917 0.393617 0.227806 0.148174 0.431067 0.214022 0.149347 0.417972 0.201097 0.148937 0.272789 0.201097 0.00229659 0.257861 0.214022 0.0604416 0.346685 0.225645 0.0339506 0.295697 0.219884 0.0492726 0.396614 0.219586 0.0524314 0.433677 0.214022 0.0659449 0.422416 0.201097 0.00698009 0.304426 0.214022 -0.0215843 0.260472 0.214022 -0.0229601 0.347602 0.201097 0.00463833 0.34838 0.214022 -0.0202085 0.392334 0.214022 -0.0188327 0.436288 0.214022 -0.0174569 0.260472 0.214022 -0.0229601 0.304426 0.214022 -0.0215843 0.304426 0.208458 -0.0215843 0.260472 0.208458 -0.0229601 0.34838 0.214022 -0.0202085 0.34838 0.208458 -0.0202085 0.392334 0.214022 -0.0188327 0.392334 0.208458 -0.0188327 0.436288 0.214022 -0.0174569 0.436288 0.208458 -0.0174569 0.260472 0.208458 -0.0229601 0.304426 0.208458 -0.0215843 0.272789 0.195533 0.00229659 0.257861 0.208458 0.0604416 0.34838 0.208458 -0.0202085 0.347602 0.195533 0.00463833 0.392334 0.208458 -0.0188327 0.422416 0.195533 0.00698009 0.436288 0.208458 -0.0174569 0.433677 0.208458 0.0659449 0.268345 0.195533 0.144253 0.25525 0.208458 0.143843 0.343159 0.195533 0.146595 0.417972 0.195533 0.148937 0.431067 0.208458 0.149347 0.263902 0.195533 0.28621 0.25264 0.208458 0.227245 0.338715 0.195533 0.288552 0.413529 0.195533 0.290893 0.428456 0.208458 0.232748 0.293983 0.208458 0.312023 0.250029 0.208458 0.310647 0.337938 0.208458 0.313398 0.381892 0.208458 0.314774 0.425846 0.208458 0.31615 0.433677 0.208458 0.0659449 0.436288 0.208458 -0.0174569 0.436288 0.214022 -0.0174569 0.433677 0.214022 0.0659449 0.431067 0.208458 0.149347 0.431067 0.214022 0.149347 0.428456 0.208458 0.232748 0.428456 0.214022 0.232748 0.425846 0.208458 0.31615 0.425846 0.214022 0.31615 0.260472 0.208458 -0.0229601 0.257861 0.208458 0.0604416 0.257861 0.214022 0.0604416 0.260472 0.214022 -0.0229601 0.25525 0.208458 0.143843 0.25525 0.214022 0.143843 0.25264 0.208458 0.227245 0.25264 0.214022 0.227245 0.250029 0.208458 0.310647 0.250029 0.214022 0.310647 0.263902 0.201097 0.28621 0.338715 0.201097 0.288552 0.340162 0.229535 0.242338 0.289704 0.221374 0.240758 0.268345 0.201097 0.144253 0.263902 0.201097 0.28621 0.289704 0.221374 0.240758 0.2927 0.220695 0.145015 0.413529 0.201097 0.290893 0.39062 0.219131 0.243917 0.413529 0.201097 0.290893 0.417972 0.201097 0.148937 0.393617 0.227806 0.148174 0.39062 0.219131 0.243917 0.347602 0.201097 0.00463833 0.272789 0.201097 0.00229659 0.295697 0.219884 0.0492726 0.346685 0.225645 0.0339506 0.272789 0.201097 0.00229659 0.295697 0.219884 0.0492726 0.422416 0.201097 0.00698009 0.396614 0.219586 0.0524314 0.422416 0.201097 0.00698009 0.396614 0.219586 0.0524314 </float_array>
          <technique_common>
            <accessor count="122" offset="0" source="#meshId10-positions-array" stride="3">
              <param name="X" type="float" />
              <param name="Y" type="float" />
              <param name="Z" type="float" />
            </accessor>
          </technique_common>
        </source>
        <source id="meshId10-normals" name="meshId10-normals">
          <float_array id="meshId10-normals-array" count="366"> -0.031287 0 0.99951 -0.031286 0 0.99951 -0.031286 0 0.99951 -0.031287 0 0.99951 -0.031286 0 0.99951 -0.031286 0 0.99951 -0.031286 0 0.99951 -0.031286 0 0.99951 -0.031285 0 0.99951 -0.031285 0 0.99951 0.437709 0.873411 -0.213458 0.191863 0.908385 -0.371517 0.437709 0.873411 -0.213458 0.619211 0.782736 -0.062466 0.014432 0.88725 -0.461063 0.014432 0.88725 -0.461063 -0.168252 0.908385 -0.38279 -0.423502 0.873411 -0.240415 -0.423503 0.873411 -0.240415 -0.614093 0.782736 -0.101069 0.701947 0.71189 0.021972 0.701947 0.71189 0.021972 -0.231228 0.972593 0.024419 -0.024925 0.998109 0.056191 -0.008008 0.999954 -0.005357 -0.220784 0.974814 -0.031507 0.182186 0.979545 0.085438 0.171764 0.985134 -0.002984 -0.701947 0.71189 -0.021972 -0.701947 0.71189 -0.021972 0.423502 0.873411 0.240415 0.614092 0.782736 0.10107 -0.027985 0.996852 -0.074188 -0.214969 0.974711 -0.061052 0.16091 0.983326 -0.084725 -0.61921 0.782737 0.062466 -0.437709 0.873411 0.213458 0.168252 0.908385 0.38279 0.423503 0.873411 0.240415 -0.014432 0.887249 0.461064 -0.014432 0.887249 0.461064 -0.191863 0.908385 0.371518 -0.437709 0.873411 0.213458 0.031286 0 -0.99951 0.031286 0 -0.99951 0.031286 0 -0.99951 0.031286 0 -0.99951 0.031286 0 -0.99951 0.031286 0 -0.99951 0.031286 0 -0.99951 0.031286 0 -0.99951 0.031286 0 -0.99951 0.031286 0 -0.99951 -0.423508 -0.873407 -0.240418 -0.168255 -0.908382 -0.382795 -0.103682 -0.992867 -0.058858 -0.614099 -0.782731 -0.101071 0.014432 -0.887246 -0.46107 0.00198 -0.997995 -0.063264 0.191866 -0.908382 -0.371523 0.10716 -0.992867 -0.052259 0.437714 -0.873408 -0.21346 0.619217 -0.782731 -0.062466 -0.119421 -0.992837 -0.003738 -0.701953 -0.711884 -0.021972 0 -1 0 0.119421 -0.992837 0.003738 0.701953 -0.711884 0.021972 -0.10716 -0.992867 0.052259 -0.619217 -0.782731 0.062466 -0.00198 -0.997995 0.063264 0.103682 -0.992867 0.058858 0.614099 -0.782731 0.101071 -0.191865 -0.908383 0.371522 -0.437714 -0.873408 0.21346 -0.014432 -0.887247 0.461069 0.168254 -0.908382 0.382795 0.423508 -0.873407 0.240418 0.99951 0 0.031286 0.99951 0 0.031286 0.99951 0 0.031286 0.99951 0 0.031286 0.99951 0 0.031286 0.99951 0 0.031286 0.99951 0 0.031286 0.99951 0 0.031286 0.99951 0 0.031286 0.99951 0 0.031286 -0.99951 0 -0.031286 -0.99951 0 -0.031286 -0.99951 0 -0.031286 -0.99951 0 -0.031286 -0.99951 0 -0.031286 -0.99951 0 -0.031286 -0.99951 0 -0.031286 -0.99951 0 -0.031286 -0.99951 0 -0.031286 -0.99951 0 -0.031286 -0.072073 0.889469 0.451277 -0.005867 0.896129 0.443756 -0.013573 0.89556 0.444734 -0.072073 0.889469 0.451277 -0.625565 0.779861 -0.022026 -0.634116 0.772923 -0.022056 -0.634116 0.772923 -0.022056 -0.628013 0.777891 -0.022035 0.061059 0.898776 0.434135 0.061059 0.898776 0.434135 0.660668 0.749141 0.048022 0.664085 0.747348 0.021502 0.664167 0.747295 0.020822 0.660668 0.749141 0.048022 0.015496 0.882436 -0.470177 -0.088903 0.876863 -0.472449 -0.088903 0.876863 -0.472449 0.013025 0.882415 -0.470291 -0.616781 0.786827 -0.021993 -0.616781 0.786827 -0.021993 0.667011 0.745032 -0.004887 0.667011 0.745032 -0.004887 0.119902 0.878344 -0.462748 0.119902 0.878344 -0.462748 </float_array>
          <technique_common>
            <accessor count="122" offset="0" source="#meshId10-normals-array" stride="3">
              <param name="X" type="float" />
              <param name="Y" type="float" />
              <param name="Z" type="float" />
            </accessor>
          </technique_common>
        </source>
        <source id="meshId10-tangents" name="meshId10-tangents">
          <float_array id="meshId10-tangents-array" count="366"> -0.996958 0.0714207 -0.0312071 -0.999493 -0.00599324 -0.0312854 -0.999478 -0.00805781 -0.031285 -0.997346 0.0657713 -0.0312192 -0.999482 0.00757639 -0.0312851 -0.999481 0.00773177 -0.0312851 -0.996522 -0.0772701 -0.0311924 -0.996946 -0.0715931 -0.0312057 -0.999436 -0.0122061 -0.0312827 -0.99951 0.000332913 -0.031285 -0.894376 0.398607 -0.202986 -0.980996 0.166364 -0.0998465 -0.892956 0.394537 -0.216725 -0.784782 0.61423 -0.0827014 -0.99951 2.0921e-07 -0.0312859 -0.99951 -3.24181e-06 -0.0312925 -0.98532 -0.166373 0.038276 -0.904758 -0.394508 0.160551 -0.905318 -0.39859 0.146713 -0.787805 -0.615637 0.0188416 -0.711208 0.702259 -0.0318675 -0.711495 0.70229 -0.0237391 -0.946172 -0.230648 0.22707 -0.997985 -0.0215621 -0.0596792 -0.998925 -0.00824413 -0.0456148 -0.975322 -0.220622 0.00855633 -0.962884 0.195335 -0.186278 -0.984435 0.171526 -0.0383 -0.711815 -0.702257 -0.0124554 -0.711587 -0.70229 -0.0208037 -0.905092 0.396781 0.152885 -0.774282 0.622307 -0.114985 -0.999292 -0.0297655 -0.0230037 -0.976599 -0.214964 0.00673137 -0.984301 0.153575 -0.0869855 -0.766483 -0.619792 0.168408 -0.893742 -0.396734 -0.209349 -0.985321 0.166363 0.0382988 -0.905265 0.398137 0.148265 -0.99951 -1.38133e-07 -0.0312859 -0.999511 -1.23998e-07 -0.031286 -0.980996 -0.166363 -0.0998468 -0.89422 -0.398136 -0.204591 -0.99951 0.000562237 -0.031286 -0.996168 0.0817182 -0.0311813 -0.995589 0.0884943 -0.0311632 -0.999404 0.0145901 -0.0312827 -0.999509 -0.00164083 -0.031286 -0.999509 -0.00178035 -0.031286 -0.999507 0.0026913 -0.0312859 -0.99951 -0.000141036 -0.031286 -0.997302 -0.0664445 -0.0312168 -0.996892 -0.0723354 -0.031204 -0.901813 0.381323 0.203291 -0.982757 0.184784 -0.00653258 -0.937332 0.0777477 0.339654 -0.64274 0.42168 0.639587 -0.999464 0.000745262 -0.0327185 -0.999489 4.29993e-05 -0.0319597 -0.981184 -0.185871 -0.0522541 -0.915386 -0.0780098 -0.394946 -0.887411 -0.381485 -0.258787 -0.599938 -0.420281 -0.680763 -0.912302 0.108247 0.394953 -0.540132 0.511981 0.667932 -0.999565 0 -0.0295048 -0.889386 -0.108649 -0.444059 -0.499698 -0.514241 -0.697035 -0.967304 0.116265 0.225402 -0.566538 0.500434 0.654676 -0.99934 -0.000320715 -0.0363361 -0.955664 -0.115845 -0.270715 -0.518999 -0.496986 -0.695445 -0.979464 0.201125 -0.0140671 -0.82589 0.484416 0.288524 -0.999024 -0.00645772 -0.0436974 -0.980803 -0.193102 -0.027133 -0.812972 -0.48352 -0.324475 0 -1 0 -0.0302033 -0.260794 0.964922 -0.0305244 -0.219301 0.975179 -0.000657688 -0.999779 0.0210115 0 -1 0 0 -1 0 0.000631004 -0.999797 -0.020159 0 -1 0 0.0293655 -0.344965 -0.938156 0.0288997 -0.383054 -0.923274 0.0299825 0.285644 -0.957867 0.000645095 0.999787 -0.0206092 0 1 0 0.0295822 0.325505 -0.945078 0 1 0 0 1 0 0 1 0 -0.000644891 0.999788 0.0206027 -0.0295731 0.326351 0.944786 -0.0299744 0.286516 0.957607 -0.99701 -0.0516041 -0.0575196 -0.995408 -0.0476338 0.083032 -0.985806 -0.0864215 0.143941 -0.981954 -0.142596 0.12423 -0.779464 -0.625951 -0.0249185 -0.773234 -0.633944 0.0149678 -0.773099 -0.633204 0.0370219 -0.777646 -0.628383 -0.0200263 -0.983313 0.12884 -0.128435 -0.936051 0.202563 -0.287709 -0.746329 0.662371 -0.0652473 -0.746837 0.664429 -0.0277436 -0.746946 0.664493 -0.0228382 -0.746756 0.662401 -0.0598421 -0.999866 0.0111829 -0.0119651 -0.994369 -0.105601 -0.00887916 -0.992936 -0.115441 -0.0274123 -0.999894 0.0145404 -0.000410336 -0.786261 -0.617172 -0.0298679 -0.786285 -0.617173 -0.0292237 -0.744956 0.666811 -0.020121 -0.74496 0.666818 -0.0196951 -0.992401 0.0930654 -0.0804918 -0.992784 0.105151 -0.0576516 </float_array>
          <technique_common>
            <accessor count="122" offset="0" source="#meshId10-tangents-array" stride="3">
              <param name="X" type="float" />
              <param name="Y" type="float" />
              <param name="Z" type="float" />
            </accessor>
          </technique_common>
        </source>
        <source id="meshId10-bitangents" name="meshId10-bitangents">
          <float_array id="meshId10-bitangents-array" count="366"> -0.0713857 -0.997446 -0.00223454 0.00599031 -0.999982 0.000187504 0.00805387 -0.999967 0.000252097 -0.0657391 -0.997835 -0.00205778 -0.00757268 -0.999971 -0.000237035 -0.00772798 -0.99997 -0.000241896 0.0772323 -0.99701 0.00241747 0.071558 -0.997434 0.00223986 0.0122001 -0.999925 0.000381866 -0.00033275 -1 -1.04152e-05 -0.0922041 0.27976 0.955632 -0.0288922 0.383614 0.923042 -0.105073 0.285471 0.95261 -0.0263649 0.100232 0.994615 -0.0277583 0.461289 0.886816 -0.0277658 0.461289 0.886815 -0.0289165 0.383611 0.923042 0.0453809 0.285511 0.9573 0.0323133 0.279785 0.959519 -0.0474738 0.0911931 0.994701 -0.0381162 0.00674262 0.999251 -0.0323304 0.00103065 0.999477 0.226479 0.0294004 0.973572 -0.0583547 -0.0575653 0.996635 -0.0456569 0.00498596 0.998945 0.00138968 0.0326186 0.999467 -0.199156 -0.0483297 0.978775 -0.0372188 0.00951611 0.999262 -0.0242968 0.00689698 0.999681 -0.0302407 0.0010319 0.999542 0.0381391 -0.282345 0.958555 -0.152899 -0.00764561 0.988212 -0.0251395 0.0734917 0.996979 -0.00656282 0.0610703 0.998112 -0.0725235 0.0973917 0.9926 0.170535 0.0564008 0.983736 -0.098162 -0.282411 0.954258 -0.0288921 -0.383615 0.923041 0.0337782 -0.28043 0.95928 -0.0277584 -0.46129 0.886815 -0.0277584 -0.46129 0.886815 -0.0288923 -0.383615 0.923041 -0.0937064 -0.28043 0.95529 0.000561961 1 1.75901e-05 0.0816782 0.996655 0.00255663 0.088451 0.996077 0.00276863 0.014583 0.999894 0.000456467 -0.00164002 0.999999 -5.13349e-05 -0.00177948 0.999998 -5.57e-05 0.00268998 0.999996 8.41999e-05 -0.000140967 1 -4.41246e-06 -0.066412 0.99779 -0.00207878 -0.0723 0.99738 -0.00226308 -0.0858786 0.302907 -0.949143 0.0766685 0.375096 -0.92381 -0.332655 0.0903855 -0.938707 -0.458005 0.457732 -0.762045 0.029373 0.461295 -0.88676 0.0318984 0.0632949 -0.997485 -0.0215888 0.374558 -0.926952 0.388052 0.0901596 -0.917217 0.144595 0.302701 -0.942053 0.506601 0.459016 -0.729836 -0.391719 0.0505758 -0.918694 -0.464241 0.480725 -0.743898 0.0295048 0 -0.999565 0.441284 0.0497054 -0.89599 0.507507 0.478307 -0.7167 -0.22987 -0.0263963 -0.972863 -0.543695 0.369997 -0.753324 0.0362835 -0.0632941 -0.997335 0.275602 -0.0281802 -0.960859 0.594577 0.374616 -0.711435 -0.0619441 -0.366592 -0.928318 -0.355403 -0.0500035 -0.933375 0.0417478 -0.46125 -0.886288 0.0985657 -0.370881 -0.923435 0.399646 -0.0580354 -0.914831 0.031286 0 -0.99951 0.00815921 -0.965394 -0.260667 0.00686107 -0.975657 -0.219194 0.0312791 -0.0210218 -0.99929 0.031286 0 -0.99951 0.031286 0 -0.99951 0.0312797 0.0201689 -0.999307 0.031286 0 -0.99951 0.0107926 0.938616 -0.344796 0.0119842 0.923726 -0.382867 0.00893666 -0.958336 -0.285504 0.0312794 -0.0206193 -0.999298 0.031286 0 -0.99951 0.0101837 -0.94554 -0.325345 0.031286 0 -0.99951 0.031286 0 -0.99951 0.031286 0 -0.99951 0.0312794 0.0206127 -0.999298 0.0102102 0.945249 -0.326192 0.00896394 0.958076 -0.286376 -0.0278742 -0.454073 0.890528 0.0955452 -0.441231 0.892293 0.167342 -0.436467 0.884021 0.174849 -0.434179 0.883695 -0.0332202 0.00158034 0.999447 -0.00241331 0.0265458 0.999645 0.0146491 0.0405277 0.999071 -0.0294247 0.00455865 0.999557 -0.171368 -0.419049 0.891645 -0.346526 -0.388805 0.853669 -0.0806878 0.00726656 0.996713 -0.0350207 0.00236565 0.999384 -0.0309029 -0.000384519 0.999522 -0.0766399 0.00367505 0.997052 -0.00530052 0.470299 0.882491 -0.0576767 0.468999 0.881313 -0.0785767 0.466674 0.880932 0.00647613 0.470247 0.882511 -0.0370743 -0.00112969 0.999312 -0.0365675 -0.00073188 0.999331 -0.0117321 0.0170615 0.999786 -0.0114148 0.0167775 0.999794 -0.0276336 0.468883 0.882828 -0.00197958 0.466321 0.884613 </float_array>
          <technique_common>
            <accessor count="122" offset="0" source="#meshId10-bitangents-array" stride="3">
              <param name="X" type="float" />
              <param name="Y" type="float" />
              <param name="Z" type="float" />
            </accessor>
          </technique_common>
        </source>
        <source id="meshId10-tex0" name="meshId10-tex0">
          <float_array id="meshId10-tex0-array" count="244"> 0.435782 0.847511 0.422509 0.844064 0.422841 0.841404 0.432135 0.84142 0.413542 0.844451 0.413547 0.841387 0.40452 0.844064 0.404253 0.841371 0.391288 0.847426 0.394959 0.841355 0.593861 0.945627 0.578056 0.945627 0.586888 0.936364 0.593861 0.921369 0.568399 0.945627 0.568399 0.936364 0.55864 0.945627 0.549862 0.936363 0.543338 0.945627 0.543338 0.921369 0.586888 0.899768 0.59386 0.899768 0.578628 0.924369 0.568638 0.927879 0.568638 0.899768 0.578628 0.899768 0.557941 0.924369 0.557942 0.899768 0.543338 0.899768 0.549862 0.899768 0.586888 0.863737 0.593861 0.879254 0.568638 0.872395 0.578628 0.875906 0.557941 0.875906 0.543338 0.879254 0.549862 0.863737 0.578056 0.854106 0.59386 0.854106 0.568399 0.863737 0.568399 0.854106 0.55864 0.854106 0.543338 0.854106 0.432151 0.915708 0.422857 0.915739 0.422511 0.91283 0.435788 0.908733 0.413563 0.915771 0.413552 0.912707 0.404269 0.915802 0.404523 0.912808 0.394975 0.915834 0.391294 0.908744 0.435788 0.908733 0.422511 0.91283 0.429193 0.898238 0.439435 0.891251 0.413552 0.912707 0.413528 0.898238 0.404523 0.912808 0.397784 0.898238 0.391294 0.908744 0.387624 0.891147 0.429192 0.87484 0.439435 0.87768 0.413529 0.87484 0.397784 0.874788 0.387623 0.877576 0.429193 0.851431 0.439435 0.864108 0.413529 0.851431 0.397784 0.851432 0.387622 0.864005 0.422509 0.844064 0.435782 0.847511 0.413542 0.844451 0.40452 0.844064 0.391288 0.847426 0.387624 0.891147 0.391294 0.908744 0.38315 0.904718 0.383149 0.891147 0.387623 0.877576 0.383149 0.877576 0.387622 0.864005 0.383148 0.864005 0.391288 0.847426 0.383148 0.850434 0.435788 0.908733 0.439435 0.891251 0.44391 0.891251 0.44391 0.904822 0.439435 0.87768 0.44391 0.87768 0.439435 0.864108 0.44391 0.864108 0.435782 0.847511 0.44391 0.850537 0.58603 0.935741 0.568638 0.935741 0.568638 0.927879 0.578628 0.924369 0.58603 0.899768 0.58603 0.935741 0.578628 0.924369 0.578628 0.899768 0.550254 0.935741 0.557941 0.924369 0.550254 0.935741 0.550254 0.899768 0.557942 0.899768 0.557941 0.924369 0.568639 0.864448 0.58603 0.864448 0.578628 0.875906 0.568638 0.872395 0.58603 0.864448 0.578628 0.875906 0.550254 0.864448 0.557941 0.875906 0.550254 0.864448 0.557941 0.875906 </float_array>
          <technique_common>
            <accessor count="122" offset="0" source="#meshId10-tex0-array" stride="2">
              <param name="S" type="float" />
              <param name="T" type="float" />
            </accessor>
          </technique_common>
        </source>
        <vertices id="meshId10-vertices">
          <input semantic="POSITION" source="#meshId10-positions" />
          <input semantic="NORMAL" source="#meshId10-normals" />
          <input semantic="TANGENT" source="#meshId10-tangents" />
          <input semantic="BINORMAL" source="#meshId10-bitangents" />
          <input semantic="TEXCOORD" source="#meshId10-tex0"  />
        </vertices>
        <polylist count="112" material="defaultMaterial">
          <input offset="0" semantic="VERTEX" source="#meshId10-vertices" />
          <vcount>3 3 3 3 3 3 3 3 3 3 3 3 3 3 3 3 3 3 3 3 3 3 3 3 3 3 3 3 3 3 3 3 3 3 3 3 3 3 3 3 3 3 3 3 3 3 3 3 3 3 3 3 3 3 3 3 3 3 3 3 3 3 3 3 3 3 3 3 3 3 3 3 3 3 3 3 3 3 3 3 3 3 3 3 3 3 3 3 3 3 3 3 3 3 3 3 3 3 3 3 3 3 3 3 3 3 3 3 3 3 3 3 </vcount>
          <p>3 0 1 1 2 3 2 1 4 4 5 2 5 4 6 6 7 5 7 6 8 8 9 7 10 11 12 10 12 13 12 11 14 14 15 12 15 14 16 16 17 15 17 16 18 18 19 17 21 13 12 12 20 21 25 22 23 23 24 25 24 23 26 26 27 24 29 17 19 19 28 29 31 21 20 20 30 31 33 25 24 24 32 33 32 24 27 27 34 32 36 29 28 28 35 36 38 31 30 30 37 38 37 30 39 39 40 37 40 39 36 36 41 40 36 35 42 36 42 41 46 43 44 44 45 46 45 44 47 47 48 45 48 47 49 49 50 48 50 49 51 51 52 50 53 54 55 53 55 56 55 54 57 57 58 55 58 57 59 59 60 58 60 59 61 61 62 60 64 56 55 55 63 64 63 55 58 58 65 63 65 58 60 60 66 65 66 60 62 62 67 66 69 64 63 63 68 69 68 63 65 65 70 68 70 65 66 66 71 70 71 66 67 67 72 71 74 69 68 68 73 74 73 68 70 70 75 73 75 70 71 71 76 75 71 72 77 71 77 76 81 78 79 79 80 81 83 82 78 78 81 83 85 84 82 82 83 85 87 86 84 84 85 87 91 88 89 89 90 91 90 89 92 92 93 90 93 92 94 94 95 93 95 94 96 96 97 95 101 98 99 99 100 101 105 102 103 103 104 105 100 99 106 106 107 100 111 108 109 109 110 111 115 112 113 113 114 115 117 116 102 102 105 117 110 109 118 118 119 110 121 120 112 112 115 121 </p>
        </polylist>
      </mesh>
    </geometry>
    <geometry id="meshId11" name="meshId11_name" >
      <mesh>
        <source id="meshId11-positions" name="meshId11-positions">
          <float_array id="meshId11-positions-array" count="150"> -0.545383 0.654601 0.197983 -0.593828 0.656851 0.201524 -0.592215 0.657436 0.223224 -0.54377 0.655186 0.219683 -0.593828 0.656851 0.201524 -0.629603 0.624107 0.205065 -0.62799 0.624692 0.226766 -0.592215 0.657436 0.223224 -0.629603 0.624107 0.205065 -0.631751 0.57555 0.206532 -0.630138 0.576135 0.228233 -0.62799 0.624692 0.226766 -0.631751 0.57555 0.206532 -0.599014 0.539625 0.205065 -0.5974 0.540209 0.226766 -0.630138 0.576135 0.228233 -0.599014 0.539625 0.205065 -0.550569 0.537374 0.201524 -0.548955 0.537959 0.223224 -0.5974 0.540209 0.226766 -0.550569 0.537374 0.201524 -0.514794 0.570119 0.197983 -0.51318 0.570703 0.219683 -0.548955 0.537959 0.223224 -0.514794 0.570119 0.197983 -0.512646 0.618675 0.196516 -0.511033 0.61926 0.218216 -0.51318 0.570703 0.219683 -0.512646 0.618675 0.196516 -0.545383 0.654601 0.197983 -0.54377 0.655186 0.219683 -0.511033 0.61926 0.218216 -0.593828 0.656851 0.201524 -0.545383 0.654601 0.197983 -0.572198 0.597113 0.201524 -0.629603 0.624107 0.205065 -0.631751 0.57555 0.206532 -0.599014 0.539625 0.205065 -0.550569 0.537374 0.201524 -0.514794 0.570119 0.197983 -0.512646 0.618675 0.196516 -0.54377 0.655186 0.219683 -0.592215 0.657436 0.223224 -0.570585 0.597697 0.223224 -0.62799 0.624692 0.226766 -0.630138 0.576135 0.228233 -0.5974 0.540209 0.226766 -0.548955 0.537959 0.223224 -0.51318 0.570703 0.219683 -0.511033 0.61926 0.218216 </float_array>
          <technique_common>
            <accessor count="50" offset="0" source="#meshId11-positions-array" stride="3">
              <param name="X" type="float" />
              <param name="Y" type="float" />
              <param name="Z" type="float" />
            </accessor>
          </technique_common>
        </source>
        <source id="meshId11-normals" name="meshId11-normals">
          <float_array id="meshId11-normals-array" count="150"> 0.044172 0.998568 -0.030166 0.044172 0.998568 -0.030166 0.044172 0.998568 -0.030166 0.044172 0.998568 -0.030166 -0.673235 0.738813 0.030166 -0.673235 0.738813 0.030166 -0.673235 0.738813 0.030166 -0.673235 0.738813 0.030166 -0.996271 0.046271 0.072827 -0.996271 0.046271 0.072827 -0.996271 0.046271 0.072827 -0.996271 0.046271 0.072827 -0.735704 -0.673376 0.072827 -0.735704 -0.673376 0.072827 -0.735704 -0.673376 0.072827 -0.735704 -0.673376 0.072827 -0.044172 -0.998568 0.030166 -0.044172 -0.998568 0.030166 -0.044172 -0.998568 0.030166 -0.044172 -0.998568 0.030166 0.673235 -0.738813 -0.030166 0.673235 -0.738813 -0.030166 0.673235 -0.738813 -0.030166 0.673235 -0.738813 -0.030166 0.996271 -0.046271 -0.072827 0.996271 -0.046271 -0.072827 0.996271 -0.046271 -0.072827 0.996271 -0.046271 -0.072827 0.735704 0.673376 -0.072827 0.735704 0.673376 -0.072827 0.735704 0.673376 -0.072827 0.735704 0.673376 -0.072827 -0.074119 -0.026837 -0.996888 -0.074119 -0.026837 -0.996888 -0.074119 -0.026837 -0.996888 -0.074119 -0.026837 -0.996888 -0.074119 -0.026837 -0.996888 -0.074119 -0.026837 -0.996888 -0.074119 -0.026837 -0.996888 -0.074119 -0.026837 -0.996888 -0.074119 -0.026837 -0.996888 0.074119 0.026837 0.996888 0.074119 0.026837 0.996888 0.074119 0.026837 0.996888 0.074119 0.026837 0.996888 0.074119 0.026837 0.996888 0.074119 0.026837 0.996888 0.074119 0.026837 0.996888 0.074119 0.026837 0.996888 0.074119 0.026837 0.996888 </float_array>
          <technique_common>
            <accessor count="50" offset="0" source="#meshId11-normals-array" stride="3">
              <param name="X" type="float" />
              <param name="Y" type="float" />
              <param name="Z" type="float" />
            </accessor>
          </technique_common>
        </source>
        <source id="meshId11-tangents" name="meshId11-tangents">
          <float_array id="meshId11-tangents-array" count="150"> 0.996271 -0.0462704 -0.0728276 0.996271 -0.0462704 -0.072827 0.996271 -0.0462704 -0.0728269 0.996271 -0.0462704 -0.0728274 0.735704 0.673376 -0.0728272 0.735704 0.673376 -0.0728273 0.735704 0.673376 -0.0728273 0.735705 0.673376 -0.0728272 0.0441726 0.998568 -0.0301663 0.0441725 0.998568 -0.0301665 0.0441725 0.998568 -0.0301666 0.0441725 0.998568 -0.0301664 -0.673235 0.738813 0.0301664 -0.673235 0.738813 0.0301667 -0.673235 0.738813 0.0301667 -0.673235 0.738813 0.0301665 -0.996271 0.0462704 0.0728272 -0.996271 0.0462704 0.0728272 -0.996271 0.0462704 0.0728271 -0.996271 0.0462704 0.0728272 -0.735704 -0.673376 0.0728275 -0.735704 -0.673376 0.0728271 -0.735704 -0.673376 0.0728269 -0.735704 -0.673376 0.0728273 -0.0441726 -0.998568 0.0301661 -0.0441726 -0.998568 0.0301663 -0.0441726 -0.998568 0.0301664 -0.0441726 -0.998568 0.0301662 0.673235 -0.738813 -0.0301661 0.673235 -0.738813 -0.0301663 0.673235 -0.738813 -0.0301664 0.673235 -0.738813 -0.0301662 -0.937339 -0.339386 0.078828 -0.927088 -0.366468 0.078795 -0.937338 -0.339387 0.078828 -0.946802 -0.312021 0.0787949 -0.950204 -0.301509 0.0787649 -0.946388 -0.313273 0.0787979 -0.937338 -0.339387 0.078828 -0.927571 -0.365242 0.0787979 -0.922971 -0.376723 0.0787649 -0.946386 -0.313281 0.0787979 -0.937338 -0.339387 0.078828 -0.937338 -0.339387 0.078828 -0.927575 -0.365235 0.0787979 -0.922981 -0.3767 0.078765 -0.927094 -0.366454 0.078795 -0.937338 -0.339387 0.078828 -0.946797 -0.312036 0.078795 -0.950197 -0.301532 0.078765 </float_array>
          <technique_common>
            <accessor count="50" offset="0" source="#meshId11-tangents-array" stride="3">
              <param name="X" type="float" />
              <param name="Y" type="float" />
              <param name="Z" type="float" />
            </accessor>
          </technique_common>
        </source>
        <source id="meshId11-bitangents" name="meshId11-bitangents">
          <float_array id="meshId11-bitangents-array" count="150"> -0.0741191 -0.0268366 -0.996888 -0.0741186 -0.0268366 -0.996888 -0.0741184 -0.0268366 -0.996888 -0.0741189 -0.0268366 -0.996888 -0.0741187 -0.0268366 -0.996888 -0.0741188 -0.0268366 -0.996888 -0.0741188 -0.0268366 -0.996888 -0.0741188 -0.0268366 -0.996888 -0.0741185 -0.0268369 -0.996888 -0.0741185 -0.0268371 -0.996888 -0.0741185 -0.0268372 -0.996888 -0.0741185 -0.026837 -0.996888 -0.0741189 -0.0268362 -0.996888 -0.074119 -0.026836 -0.996888 -0.0741191 -0.0268359 -0.996888 -0.0741189 -0.0268361 -0.996888 -0.0741187 -0.0268366 -0.996888 -0.0741187 -0.0268366 -0.996888 -0.0741187 -0.0268366 -0.996888 -0.0741187 -0.0268366 -0.996888 -0.0741189 -0.0268367 -0.996888 -0.0741186 -0.0268365 -0.996888 -0.0741185 -0.0268364 -0.996888 -0.0741188 -0.0268366 -0.996888 -0.0741185 -0.0268367 -0.996888 -0.0741185 -0.0268369 -0.996888 -0.0741185 -0.0268369 -0.996888 -0.0741185 -0.0268367 -0.996888 -0.0741186 -0.0268364 -0.996888 -0.0741188 -0.0268362 -0.996888 -0.0741189 -0.0268362 -0.996888 -0.0741187 -0.0268364 -0.996888 -0.340445 0.940264 -4.20958e-07 -0.367442 0.930043 0.00228198 -0.340446 0.940264 -3.22238e-07 -0.313164 0.949696 -0.00228268 -0.302685 0.953086 -0.00315308 -0.314413 0.949284 -0.00217876 -0.340446 0.940264 -3.18512e-07 -0.366221 0.930525 0.00217817 -0.377664 0.925937 0.00315253 0.31442 -0.949281 0.00217811 0.340447 -0.940264 3.07336e-07 0.340447 -0.940264 2.96161e-07 0.366213 -0.930529 -0.00217752 0.377641 -0.925947 -0.00315059 0.367428 -0.930049 -0.00228079 0.340446 -0.940264 3.20375e-07 0.31318 -0.949691 0.0022814 0.302708 -0.953078 0.00315115 </float_array>
          <technique_common>
            <accessor count="50" offset="0" source="#meshId11-bitangents-array" stride="3">
              <param name="X" type="float" />
              <param name="Y" type="float" />
              <param name="Z" type="float" />
            </accessor>
          </technique_common>
        </source>
        <source id="meshId11-tex0" name="meshId11-tex0">
          <float_array id="meshId11-tex0-array" count="100"> 0.312147 0.50424 0.306826 0.50424 0.306826 0.499666 0.312147 0.499666 0.306826 0.50424 0.301505 0.50424 0.301505 0.499666 0.306826 0.499666 0.301505 0.50424 0.296184 0.50424 0.296184 0.499666 0.301505 0.499666 0.296184 0.50424 0.290863 0.50424 0.290863 0.499666 0.296184 0.499666 0.290863 0.50424 0.285542 0.50424 0.285541 0.499666 0.290863 0.499666 0.285542 0.50424 0.280221 0.50424 0.280221 0.499666 0.285541 0.499666 0.280221 0.50424 0.2749 0.50424 0.2749 0.499666 0.280221 0.499666 0.2749 0.50424 0.269579 0.50424 0.269579 0.499666 0.2749 0.499666 0.295059 0.996055 0.283627 0.99132 0.295059 0.980535 0.306491 0.99132 0.311226 0.979888 0.306491 0.968457 0.295059 0.963722 0.283627 0.968457 0.278892 0.979888 0.802734 0.918311 0.814615 0.91339 0.814615 0.930864 0.826496 0.918311 0.831417 0.930192 0.826495 0.942073 0.814615 0.946994 0.802734 0.942073 0.797813 0.930192 </float_array>
          <technique_common>
            <accessor count="50" offset="0" source="#meshId11-tex0-array" stride="2">
              <param name="S" type="float" />
              <param name="T" type="float" />
            </accessor>
          </technique_common>
        </source>
        <vertices id="meshId11-vertices">
          <input semantic="POSITION" source="#meshId11-positions" />
          <input semantic="NORMAL" source="#meshId11-normals" />
          <input semantic="TANGENT" source="#meshId11-tangents" />
          <input semantic="BINORMAL" source="#meshId11-bitangents" />
          <input semantic="TEXCOORD" source="#meshId11-tex0"  />
        </vertices>
        <polylist count="32" material="defaultMaterial">
          <input offset="0" semantic="VERTEX" source="#meshId11-vertices" />
          <vcount>3 3 3 3 3 3 3 3 3 3 3 3 3 3 3 3 3 3 3 3 3 3 3 3 3 3 3 3 3 3 3 3 </vcount>
          <p>3 0 1 1 2 3 7 4 5 5 6 7 11 8 9 9 10 11 15 12 13 13 14 15 19 16 17 17 18 19 23 20 21 21 22 23 27 24 25 25 26 27 31 28 29 29 30 31 32 33 34 35 32 34 36 35 34 37 36 34 38 37 34 39 38 34 40 39 34 33 40 34 41 42 43 42 44 43 44 45 43 45 46 43 46 47 43 47 48 43 48 49 43 49 41 43 </p>
        </polylist>
      </mesh>
    </geometry>
    <geometry id="meshId12" name="meshId12_name" >
      <mesh>
        <source id="meshId12-positions" name="meshId12-positions">
          <float_array id="meshId12-positions-array" count="150"> -0.46691 0.651298 0.206184 -0.494407 0.611201 0.205426 -0.495275 0.611384 0.227176 -0.467777 0.651482 0.227934 -0.494407 0.611201 0.205426 -0.485526 0.563398 0.206184 -0.486393 0.563582 0.227934 -0.495275 0.611384 0.227176 -0.485526 0.563398 0.206184 -0.445468 0.535893 0.208013 -0.446335 0.536076 0.229763 -0.486393 0.563582 0.227934 -0.445468 0.535893 0.208013 -0.397699 0.544797 0.209842 -0.398566 0.544981 0.231593 -0.446335 0.536076 0.229763 -0.397699 0.544797 0.209842 -0.370201 0.584895 0.2106 -0.371068 0.585078 0.23235 -0.398566 0.544981 0.231593 -0.370201 0.584895 0.2106 -0.379082 0.632697 0.209842 -0.379949 0.632881 0.231593 -0.371068 0.585078 0.23235 -0.379082 0.632697 0.209842 -0.41914 0.660203 0.208013 -0.420007 0.660386 0.229763 -0.379949 0.632881 0.231593 -0.41914 0.660203 0.208013 -0.46691 0.651298 0.206184 -0.467777 0.651482 0.227934 -0.420007 0.660386 0.229763 -0.494407 0.611201 0.205426 -0.46691 0.651298 0.206184 -0.432304 0.598048 0.208013 -0.485526 0.563398 0.206184 -0.445468 0.535893 0.208013 -0.397699 0.544797 0.209842 -0.370201 0.584895 0.2106 -0.379082 0.632697 0.209842 -0.41914 0.660203 0.208013 -0.467777 0.651482 0.227934 -0.495275 0.611384 0.227176 -0.433171 0.598231 0.229763 -0.486393 0.563582 0.227934 -0.446335 0.536076 0.229763 -0.398566 0.544981 0.231593 -0.371068 0.585078 0.23235 -0.379949 0.632881 0.231593 -0.420007 0.660386 0.229763 </float_array>
          <technique_common>
            <accessor count="50" offset="0" source="#meshId12-positions-array" stride="3">
              <param name="X" type="float" />
              <param name="Y" type="float" />
              <param name="Z" type="float" />
            </accessor>
          </technique_common>
        </source>
        <source id="meshId12-normals" name="meshId12-normals">
          <float_array id="meshId12-normals-array" count="150"> -0.823791 0.565644 -0.037618 -0.823791 0.565644 -0.037618 -0.823791 0.565644 -0.037618 -0.823791 0.565644 -0.037618 -0.982372 -0.183114 -0.037618 -0.982372 -0.183114 -0.037618 -0.982372 -0.183114 -0.037618 -0.982372 -0.183114 -0.037618 -0.565492 -0.824607 -0.015582 -0.565492 -0.824607 -0.015582 -0.565492 -0.824607 -0.015582 -0.565492 -0.824607 -0.015582 0.182645 -0.983055 0.015582 0.182645 -0.983055 0.015582 0.182645 -0.983055 0.015582 0.182645 -0.983055 0.015582 0.823791 -0.565644 0.037618 0.823791 -0.565644 0.037618 0.823791 -0.565644 0.037618 0.823791 -0.565644 0.037618 0.982372 0.183114 0.037618 0.982372 0.183114 0.037618 0.982372 0.183114 0.037618 0.982372 0.183114 0.037618 0.565492 0.824607 0.015582 0.565492 0.824607 0.015582 0.565492 0.824607 0.015582 0.565492 0.824607 0.015582 -0.182645 0.983055 -0.015582 -0.182645 0.983055 -0.015582 -0.182645 0.983055 -0.015582 -0.182645 0.983055 -0.015582 0.039834 -0.008436 -0.999171 0.039834 -0.008436 -0.999171 0.039834 -0.008436 -0.999171 0.039834 -0.008436 -0.999171 0.039834 -0.008436 -0.999171 0.039834 -0.008436 -0.999171 0.039834 -0.008436 -0.999171 0.039834 -0.008436 -0.999171 0.039834 -0.008436 -0.999171 -0.039834 0.008436 0.999171 -0.039834 0.008436 0.999171 -0.039834 0.008436 0.999171 -0.039834 0.008436 0.999171 -0.039834 0.008436 0.999171 -0.039834 0.008436 0.999171 -0.039834 0.008436 0.999171 -0.039834 0.008436 0.999171 -0.039834 0.008436 0.999171 </float_array>
          <technique_common>
            <accessor count="50" offset="0" source="#meshId12-normals-array" stride="3">
              <param name="X" type="float" />
              <param name="Y" type="float" />
              <param name="Z" type="float" />
            </accessor>
          </technique_common>
        </source>
        <source id="meshId12-tangents" name="meshId12-tangents">
          <float_array id="meshId12-tangents-array" count="150"> 0.565492 0.824606 0.015582 0.565492 0.824606 0.015582 0.565492 0.824606 0.015582 0.565492 0.824606 0.015582 -0.182645 0.983055 -0.0155819 -0.182645 0.983055 -0.0155819 -0.182645 0.983055 -0.0155819 -0.182645 0.983056 -0.0155819 -0.823791 0.565643 -0.0376177 -0.823791 0.565643 -0.037618 -0.823791 0.565643 -0.0376181 -0.823792 0.565643 -0.0376178 -0.982372 -0.183114 -0.0376184 -0.982372 -0.183114 -0.0376182 -0.982372 -0.183114 -0.0376181 -0.982372 -0.183114 -0.0376183 -0.565492 -0.824606 -0.0155819 -0.565492 -0.824606 -0.0155819 -0.565492 -0.824606 -0.0155819 -0.565492 -0.824606 -0.0155819 0.182645 -0.983055 0.0155819 0.182645 -0.983055 0.0155819 0.182645 -0.983056 0.0155819 0.182645 -0.983056 0.0155819 0.823791 -0.565644 0.0376184 0.823792 -0.565643 0.0376181 0.823791 -0.565643 0.037618 0.823791 -0.565643 0.0376183 0.982372 0.183114 0.0376177 0.982372 0.183114 0.037618 0.982372 0.183114 0.0376181 0.982372 0.183114 0.0376178 -0.207195 -0.9783 -4.65173e-07 -0.178789 -0.983887 0.00117915 -0.207195 -0.9783 -4.71909e-07 -0.235427 -0.971891 -0.0011801 -0.246129 -0.969236 -0.00162919 -0.234141 -0.972202 -0.00112621 -0.207195 -0.9783 -4.64521e-07 -0.180091 -0.983649 0.00112527 -0.167929 -0.985798 0.00162824 -0.234093 -0.972214 -0.00112421 -0.207195 -0.9783 -4.53525e-07 -0.207169 -0.978305 6.15421e-07 -0.180108 -0.983646 0.00112454 -0.167896 -0.985803 0.00162963 -0.178748 -0.983894 0.00118087 -0.207152 -0.978309 1.33103e-06 -0.235394 -0.971899 -0.00117874 -0.246102 -0.969243 -0.00162805 </float_array>
          <technique_common>
            <accessor count="50" offset="0" source="#meshId12-tangents-array" stride="3">
              <param name="X" type="float" />
              <param name="Y" type="float" />
              <param name="Z" type="float" />
            </accessor>
          </technique_common>
        </source>
        <source id="meshId12-bitangents" name="meshId12-bitangents">
          <float_array id="meshId12-bitangents-array" count="150"> 0.0398339 -0.00843639 -0.999171 0.0398339 -0.00843639 -0.999171 0.0398339 -0.00843639 -0.999171 0.0398339 -0.00843639 -0.999171 0.0398338 -0.00843648 -0.999171 0.0398338 -0.00843647 -0.999171 0.0398338 -0.00843646 -0.999171 0.0398338 -0.00843648 -0.999171 0.0398337 -0.00843621 -0.999171 0.0398339 -0.00843636 -0.999171 0.039834 -0.00843641 -0.999171 0.0398338 -0.00843627 -0.999171 0.0398342 -0.00843651 -0.999171 0.039834 -0.00843655 -0.999171 0.0398339 -0.00843657 -0.999171 0.0398342 -0.00843653 -0.999171 0.0398339 -0.00843644 -0.999171 0.0398338 -0.00843647 -0.999171 0.0398338 -0.00843648 -0.999171 0.0398339 -0.00843645 -0.999171 0.0398338 -0.00843649 -0.999171 0.0398338 -0.00843648 -0.999171 0.0398338 -0.00843647 -0.999171 0.0398338 -0.00843649 -0.999171 0.0398342 -0.00843658 -0.999171 0.039834 -0.00843643 -0.999171 0.0398339 -0.00843638 -0.999171 0.0398342 -0.00843652 -0.999171 0.0398336 -0.00843663 -0.999171 0.0398339 -0.00843658 -0.999171 0.039834 -0.00843657 -0.999171 0.0398337 -0.00843661 -0.999171 -0.977488 0.207023 -0.0407175 -0.983081 0.178594 -0.0407004 -0.977488 0.207023 -0.0407175 -0.971075 0.235279 -0.0407004 -0.968418 0.24599 -0.0406849 -0.971386 0.233992 -0.0407019 -0.977488 0.207023 -0.0407175 -0.982843 0.179896 -0.0407019 -0.984994 0.167725 -0.0406849 0.971398 -0.233944 0.040702 0.977488 -0.207023 0.0407175 0.977494 -0.206997 0.0407175 0.98284 -0.179914 0.0407019 0.985 -0.167692 0.0406848 0.983088 -0.178553 0.0407003 0.977498 -0.20698 0.0407175 0.971083 -0.235246 0.0407004 0.968425 -0.245963 0.0406849 </float_array>
          <technique_common>
            <accessor count="50" offset="0" source="#meshId12-bitangents-array" stride="3">
              <param name="X" type="float" />
              <param name="Y" type="float" />
              <param name="Z" type="float" />
            </accessor>
          </technique_common>
        </source>
        <source id="meshId12-tex0" name="meshId12-tex0">
          <float_array id="meshId12-tex0-array" count="100"> 0.312147 0.50424 0.306826 0.50424 0.306826 0.499666 0.312147 0.499666 0.306826 0.50424 0.301505 0.50424 0.301505 0.499666 0.306826 0.499666 0.301505 0.50424 0.296184 0.50424 0.296184 0.499666 0.301505 0.499666 0.296184 0.50424 0.290863 0.50424 0.290863 0.499666 0.296184 0.499666 0.290863 0.50424 0.285542 0.50424 0.285541 0.499666 0.290863 0.499666 0.285542 0.50424 0.280221 0.50424 0.280221 0.499666 0.285541 0.499666 0.280221 0.50424 0.2749 0.50424 0.2749 0.499666 0.280221 0.499666 0.2749 0.50424 0.269579 0.50424 0.269579 0.499666 0.2749 0.499666 0.186495 0.996505 0.175063 0.99177 0.186495 0.980986 0.197926 0.99177 0.202662 0.980339 0.197926 0.968907 0.186495 0.964172 0.175063 0.968907 0.170328 0.980339 0.277914 0.626559 0.289794 0.621637 0.289794 0.639112 0.301675 0.626559 0.306596 0.638439 0.301675 0.65032 0.289794 0.655242 0.277914 0.650321 0.272992 0.63844 </float_array>
          <technique_common>
            <accessor count="50" offset="0" source="#meshId12-tex0-array" stride="2">
              <param name="S" type="float" />
              <param name="T" type="float" />
            </accessor>
          </technique_common>
        </source>
        <vertices id="meshId12-vertices">
          <input semantic="POSITION" source="#meshId12-positions" />
          <input semantic="NORMAL" source="#meshId12-normals" />
          <input semantic="TANGENT" source="#meshId12-tangents" />
          <input semantic="BINORMAL" source="#meshId12-bitangents" />
          <input semantic="TEXCOORD" source="#meshId12-tex0"  />
        </vertices>
        <polylist count="32" material="defaultMaterial">
          <input offset="0" semantic="VERTEX" source="#meshId12-vertices" />
          <vcount>3 3 3 3 3 3 3 3 3 3 3 3 3 3 3 3 3 3 3 3 3 3 3 3 3 3 3 3 3 3 3 3 </vcount>
          <p>3 0 1 1 2 3 7 4 5 5 6 7 11 8 9 9 10 11 15 12 13 13 14 15 19 16 17 17 18 19 23 20 21 21 22 23 27 24 25 25 26 27 31 28 29 29 30 31 32 33 34 35 32 34 36 35 34 37 36 34 38 37 34 39 38 34 40 39 34 33 40 34 41 42 43 42 44 43 44 45 43 45 46 43 46 47 43 47 48 43 48 49 43 49 41 43 </p>
        </polylist>
      </mesh>
    </geometry>
    <geometry id="meshId13" name="meshId13_name" >
      <mesh>
        <source id="meshId13-positions" name="meshId13-positions">
          <float_array id="meshId13-positions-array" count="150"> -0.352441 0.660851 0.237332 -0.400896 0.656945 0.238541 -0.400374 0.657212 0.260301 -0.35192 0.661118 0.259092 -0.400896 0.656945 0.238541 -0.432387 0.619913 0.23975 -0.431865 0.62018 0.261511 -0.400374 0.657212 0.260301 -0.432387 0.619913 0.23975 -0.428468 0.571447 0.240251 -0.427947 0.571715 0.262012 -0.431865 0.62018 0.261511 -0.428468 0.571447 0.240251 -0.391435 0.539939 0.23975 -0.390913 0.540206 0.261511 -0.427947 0.571715 0.262012 -0.391435 0.539939 0.23975 -0.34298 0.543844 0.238541 -0.342459 0.544111 0.260301 -0.390913 0.540206 0.261511 -0.34298 0.543844 0.238541 -0.311489 0.580876 0.237332 -0.310967 0.581143 0.259092 -0.342459 0.544111 0.260301 -0.311489 0.580876 0.237332 -0.315408 0.629342 0.236831 -0.314886 0.629609 0.258591 -0.310967 0.581143 0.259092 -0.315408 0.629342 0.236831 -0.352441 0.660851 0.237332 -0.35192 0.661118 0.259092 -0.314886 0.629609 0.258591 -0.400896 0.656945 0.238541 -0.352441 0.660851 0.237332 -0.371938 0.600395 0.238541 -0.432387 0.619913 0.23975 -0.428468 0.571447 0.240251 -0.391435 0.539939 0.23975 -0.34298 0.543844 0.238541 -0.311489 0.580876 0.237332 -0.315408 0.629342 0.236831 -0.35192 0.661118 0.259092 -0.400374 0.657212 0.260301 -0.371416 0.600662 0.260301 -0.431865 0.62018 0.261511 -0.427947 0.571715 0.262012 -0.390913 0.540206 0.261511 -0.342459 0.544111 0.260301 -0.310967 0.581143 0.259092 -0.314886 0.629609 0.258591 </float_array>
          <technique_common>
            <accessor count="50" offset="0" source="#meshId13-positions-array" stride="3">
              <param name="X" type="float" />
              <param name="Y" type="float" />
              <param name="Z" type="float" />
            </accessor>
          </technique_common>
        </source>
        <source id="meshId13-normals" name="meshId13-normals">
          <float_array id="meshId13-normals-array" count="150"> -0.080593 0.996694 -0.010302 -0.080593 0.996694 -0.010302 -0.080593 0.996694 -0.010302 -0.080593 0.996694 -0.010302 -0.76159 0.647977 0.010302 -0.76159 0.647977 0.010302 -0.76159 0.647977 0.010302 -0.76159 0.647977 0.010302 -0.996459 -0.080316 0.024871 -0.996459 -0.080316 0.024871 -0.996459 -0.080316 0.024871 -0.996459 -0.080316 0.024871 -0.647615 -0.761561 0.024871 -0.647615 -0.761561 0.024871 -0.647615 -0.761561 0.024871 -0.647615 -0.761561 0.024871 0.080592 -0.996694 0.010302 0.080592 -0.996694 0.010302 0.080592 -0.996694 0.010302 0.080592 -0.996694 0.010302 0.76159 -0.647977 -0.010302 0.76159 -0.647977 -0.010302 0.76159 -0.647977 -0.010302 0.76159 -0.647977 -0.010302 0.996459 0.080316 -0.024871 0.996459 0.080316 -0.024871 0.996459 0.080316 -0.024871 0.996459 0.080316 -0.024871 0.647615 0.761561 -0.024871 0.647615 0.761561 -0.024871 0.647615 0.761561 -0.024871 0.647615 0.761561 -0.024871 -0.023961 -0.01227 -0.999638 -0.023961 -0.01227 -0.999638 -0.023961 -0.01227 -0.999638 -0.023961 -0.01227 -0.999638 -0.023961 -0.01227 -0.999638 -0.023961 -0.01227 -0.999638 -0.023961 -0.01227 -0.999638 -0.023961 -0.01227 -0.999638 -0.023961 -0.01227 -0.999638 0.023961 0.01227 0.999638 0.023961 0.01227 0.999638 0.023961 0.01227 0.999638 0.023961 0.01227 0.999638 0.023961 0.01227 0.999638 0.023961 0.01227 0.999638 0.023961 0.01227 0.999638 0.023961 0.01227 0.999638 0.023961 0.01227 0.999638 </float_array>
          <technique_common>
            <accessor count="50" offset="0" source="#meshId13-normals-array" stride="3">
              <param name="X" type="float" />
              <param name="Y" type="float" />
              <param name="Z" type="float" />
            </accessor>
          </technique_common>
        </source>
        <source id="meshId13-tangents" name="meshId13-tangents">
          <float_array id="meshId13-tangents-array" count="150"> 0.996459 0.0803169 -0.0248708 0.996459 0.0803169 -0.0248708 0.996459 0.0803169 -0.0248707 0.996459 0.0803169 -0.0248708 0.647616 0.761561 -0.0248707 0.647616 0.761561 -0.0248708 0.647616 0.761561 -0.0248708 0.647616 0.761561 -0.0248708 -0.0805921 0.996694 -0.0103016 -0.0805921 0.996694 -0.0103018 -0.0805921 0.996694 -0.0103019 -0.0805921 0.996694 -0.0103017 -0.761591 0.647977 0.0103016 -0.761591 0.647977 0.0103018 -0.761591 0.647977 0.0103019 -0.761591 0.647977 0.0103017 -0.996459 -0.0803159 0.0248707 -0.996459 -0.0803159 0.0248708 -0.996459 -0.0803159 0.0248708 -0.996459 -0.0803159 0.0248707 -0.647616 -0.761561 0.0248708 -0.647616 -0.761561 0.0248708 -0.647616 -0.761561 0.0248707 -0.647616 -0.761561 0.0248708 0.080592 -0.996694 0.0103013 0.0805921 -0.996694 0.0103018 0.0805921 -0.996694 0.0103019 0.080592 -0.996694 0.0103015 0.761591 -0.647977 -0.0103013 0.761591 -0.647977 -0.0103018 0.761591 -0.647977 -0.0103019 0.761591 -0.647977 -0.0103015 -0.889767 -0.45562 0.0269199 -0.876197 -0.481202 0.0269086 -0.889767 -0.455621 0.0269199 -0.902591 -0.429658 0.0269086 -0.907285 -0.419654 0.0268984 -0.902023 -0.430848 0.0269096 -0.889767 -0.45562 0.0269199 -0.876831 -0.480046 0.0269096 -0.870823 -0.49086 0.0268984 -0.90201 -0.430875 0.0269096 -0.889767 -0.45562 0.0269199 -0.889767 -0.455621 0.0269199 -0.876845 -0.48002 0.0269097 -0.870843 -0.490825 0.0268985 -0.876204 -0.481189 0.0269086 -0.889767 -0.45562 0.0269199 -0.902584 -0.429671 0.0269086 -0.907269 -0.41969 0.0268984 </float_array>
          <technique_common>
            <accessor count="50" offset="0" source="#meshId13-tangents-array" stride="3">
              <param name="X" type="float" />
              <param name="Y" type="float" />
              <param name="Z" type="float" />
            </accessor>
          </technique_common>
        </source>
        <source id="meshId13-bitangents" name="meshId13-bitangents">
          <float_array id="meshId13-bitangents-array" count="150"> -0.0239611 -0.0122699 -0.999637 -0.0239611 -0.0122699 -0.999638 -0.0239611 -0.0122699 -0.999637 -0.0239611 -0.0122699 -0.999638 -0.0239613 -0.0122696 -0.999638 -0.0239613 -0.0122696 -0.999638 -0.0239613 -0.0122696 -0.999638 -0.0239613 -0.0122696 -0.999638 -0.0239614 -0.0122696 -0.999638 -0.0239614 -0.0122698 -0.999638 -0.0239614 -0.0122698 -0.999638 -0.0239614 -0.0122696 -0.999638 -0.0239612 -0.01227 -0.999638 -0.0239613 -0.0122699 -0.999638 -0.0239614 -0.0122699 -0.999638 -0.0239612 -0.01227 -0.999638 -0.0239611 -0.0122699 -0.999638 -0.0239611 -0.0122699 -0.999638 -0.0239611 -0.0122699 -0.999638 -0.0239611 -0.0122699 -0.999638 -0.0239613 -0.0122696 -0.999638 -0.0239613 -0.0122696 -0.999638 -0.0239613 -0.0122696 -0.999638 -0.0239613 -0.0122696 -0.999638 -0.0239614 -0.0122692 -0.999638 -0.0239614 -0.0122697 -0.999638 -0.0239614 -0.0122698 -0.999638 -0.0239614 -0.0122694 -0.999638 -0.0239609 -0.0122702 -0.999638 -0.0239613 -0.0122699 -0.999638 -0.0239614 -0.0122698 -0.999638 -0.0239611 -0.0122701 -0.999638 -0.455785 0.89009 -3.241e-07 -0.481358 0.876524 0.000779146 -0.455786 0.890089 -3.06405e-07 -0.429832 0.902908 -0.000779758 -0.419832 0.907601 -0.00107706 -0.431022 0.902341 -0.000744284 -0.455785 0.89009 -3.28757e-07 -0.480202 0.877158 0.000743668 -0.491012 0.871152 0.00107649 0.431049 -0.902328 0.000743473 0.455786 -0.89009 3.23169e-07 0.455786 -0.890089 3.06405e-07 0.480176 -0.877172 -0.000742863 0.490977 -0.871172 -0.00107541 0.481345 -0.876531 -0.000778751 0.455785 -0.89009 3.241e-07 0.429845 -0.902902 0.000779365 0.419868 -0.907584 0.00107599 </float_array>
          <technique_common>
            <accessor count="50" offset="0" source="#meshId13-bitangents-array" stride="3">
              <param name="X" type="float" />
              <param name="Y" type="float" />
              <param name="Z" type="float" />
            </accessor>
          </technique_common>
        </source>
        <source id="meshId13-tex0" name="meshId13-tex0">
          <float_array id="meshId13-tex0-array" count="100"> 0.312147 0.50424 0.306826 0.50424 0.306826 0.499666 0.312147 0.499666 0.306826 0.50424 0.301505 0.50424 0.301505 0.499666 0.306826 0.499666 0.301505 0.50424 0.296184 0.50424 0.296184 0.499666 0.301505 0.499666 0.296184 0.50424 0.290863 0.50424 0.290863 0.499666 0.296184 0.499666 0.290863 0.50424 0.285542 0.50424 0.285541 0.499666 0.290863 0.499666 0.285542 0.50424 0.280221 0.50424 0.280221 0.499666 0.285541 0.499666 0.280221 0.50424 0.2749 0.50424 0.2749 0.499666 0.280221 0.499666 0.2749 0.50424 0.269579 0.50424 0.269579 0.499666 0.2749 0.499666 0.151291 0.996337 0.139859 0.991602 0.151291 0.980817 0.162722 0.991602 0.167458 0.98017 0.162722 0.968739 0.151291 0.964004 0.139859 0.968739 0.135124 0.98017 0.971033 0.739014 0.982476 0.734274 0.982476 0.751104 0.993919 0.739014 0.998659 0.750457 0.993919 0.7619 0.982476 0.76664 0.971033 0.7619 0.966293 0.750457 </float_array>
          <technique_common>
            <accessor count="50" offset="0" source="#meshId13-tex0-array" stride="2">
              <param name="S" type="float" />
              <param name="T" type="float" />
            </accessor>
          </technique_common>
        </source>
        <vertices id="meshId13-vertices">
          <input semantic="POSITION" source="#meshId13-positions" />
          <input semantic="NORMAL" source="#meshId13-normals" />
          <input semantic="TANGENT" source="#meshId13-tangents" />
          <input semantic="BINORMAL" source="#meshId13-bitangents" />
          <input semantic="TEXCOORD" source="#meshId13-tex0"  />
        </vertices>
        <polylist count="32" material="defaultMaterial">
          <input offset="0" semantic="VERTEX" source="#meshId13-vertices" />
          <vcount>3 3 3 3 3 3 3 3 3 3 3 3 3 3 3 3 3 3 3 3 3 3 3 3 3 3 3 3 3 3 3 3 </vcount>
          <p>3 0 1 1 2 3 7 4 5 5 6 7 11 8 9 9 10 11 15 12 13 13 14 15 19 16 17 17 18 19 23 20 21 21 22 23 27 24 25 25 26 27 31 28 29 29 30 31 32 33 34 35 32 34 36 35 34 37 36 34 38 37 34 39 38 34 40 39 34 33 40 34 41 42 43 42 44 43 44 45 43 45 46 43 46 47 43 47 48 43 48 49 43 49 41 43 </p>
        </polylist>
      </mesh>
    </geometry>
    <geometry id="meshId14" name="meshId14_name" >
      <mesh>
        <source id="meshId14-positions" name="meshId14-positions">
          <float_array id="meshId14-positions-array" count="366"> 0.479602 0.208458 0.31114 0.523564 0.208458 0.31002 0.523564 0.214022 0.31002 0.479602 0.214022 0.31114 0.567525 0.208458 0.308899 0.567525 0.214022 0.308899 0.611486 0.208458 0.307779 0.611486 0.214022 0.307779 0.655448 0.208458 0.306659 0.655448 0.214022 0.306659 0.479602 0.214022 0.31114 0.523564 0.214022 0.31002 0.492066 0.201097 0.285955 0.477477 0.214022 0.227724 0.567525 0.214022 0.308899 0.566892 0.201097 0.284048 0.611486 0.214022 0.307779 0.641718 0.201097 0.282142 0.655448 0.214022 0.306659 0.653322 0.214022 0.223243 0.488448 0.201097 0.143975 0.475351 0.214022 0.144309 0.515248 0.221374 0.239113 0.565714 0.229535 0.237827 0.563274 0.236447 0.142068 0.512807 0.220695 0.143354 0.616181 0.219131 0.236541 0.61374 0.227806 0.140782 0.651197 0.214022 0.139828 0.6381 0.201097 0.140162 0.48483 0.201097 0.00199506 0.473225 0.214022 0.0608934 0.560403 0.225645 0.0294054 0.510367 0.219884 0.0475956 0.6113 0.219586 0.0450236 0.649071 0.214022 0.0564124 0.634482 0.201097 -0.00181841 0.515061 0.214022 -0.0236424 0.4711 0.214022 -0.0225222 0.559656 0.201097 8.83241e-05 0.559023 0.214022 -0.0247626 0.602984 0.214022 -0.0258829 0.646945 0.214022 -0.0270031 0.4711 0.214022 -0.0225222 0.515061 0.214022 -0.0236424 0.515061 0.208458 -0.0236424 0.4711 0.208458 -0.0225222 0.559023 0.214022 -0.0247626 0.559023 0.208458 -0.0247626 0.602984 0.214022 -0.0258829 0.602984 0.208458 -0.0258829 0.646945 0.214022 -0.0270031 0.646945 0.208458 -0.0270031 0.4711 0.208458 -0.0225222 0.515061 0.208458 -0.0236424 0.48483 0.195533 0.00199506 0.473225 0.208458 0.0608934 0.559023 0.208458 -0.0247626 0.559656 0.195533 8.83241e-05 0.602984 0.208458 -0.0258829 0.634482 0.195533 -0.00181841 0.646945 0.208458 -0.0270031 0.649071 0.208458 0.0564124 0.488448 0.195533 0.143975 0.475351 0.208458 0.144309 0.563274 0.195533 0.142068 0.6381 0.195533 0.140162 0.651197 0.208458 0.139828 0.492066 0.195533 0.285955 0.477477 0.208458 0.227724 0.566892 0.195533 0.284048 0.641718 0.195533 0.282142 0.653322 0.208458 0.223243 0.523564 0.208458 0.31002 0.479602 0.208458 0.31114 0.567525 0.208458 0.308899 0.611486 0.208458 0.307779 0.655448 0.208458 0.306659 0.649071 0.208458 0.0564124 0.646945 0.208458 -0.0270031 0.646945 0.214022 -0.0270031 0.649071 0.214022 0.0564124 0.651197 0.208458 0.139828 0.651197 0.214022 0.139828 0.653322 0.208458 0.223243 0.653322 0.214022 0.223243 0.655448 0.208458 0.306659 0.655448 0.214022 0.306659 0.4711 0.208458 -0.0225222 0.473225 0.208458 0.0608934 0.473225 0.214022 0.0608934 0.4711 0.214022 -0.0225222 0.475351 0.208458 0.144309 0.475351 0.214022 0.144309 0.477477 0.208458 0.227724 0.477477 0.214022 0.227724 0.479602 0.208458 0.31114 0.479602 0.214022 0.31114 0.492066 0.201097 0.285955 0.566892 0.201097 0.284048 0.565714 0.229535 0.237827 0.515248 0.221374 0.239113 0.488448 0.201097 0.143975 0.492066 0.201097 0.285955 0.515248 0.221374 0.239113 0.512807 0.220695 0.143354 0.641718 0.201097 0.282142 0.616181 0.219131 0.236541 0.641718 0.201097 0.282142 0.6381 0.201097 0.140162 0.61374 0.227806 0.140782 0.616181 0.219131 0.236541 0.559656 0.201097 8.83241e-05 0.48483 0.201097 0.00199506 0.510367 0.219884 0.0475956 0.560403 0.225645 0.0294054 0.48483 0.201097 0.00199506 0.510367 0.219884 0.0475956 0.634482 0.201097 -0.00181841 0.6113 0.219586 0.0450236 0.634482 0.201097 -0.00181841 0.6113 0.219586 0.0450236 </float_array>
          <technique_common>
            <accessor count="122" offset="0" source="#meshId14-positions-array" stride="3">
              <param name="X" type="float" />
              <param name="Y" type="float" />
              <param name="Z" type="float" />
            </accessor>
          </technique_common>
        </source>
        <source id="meshId14-normals" name="meshId14-normals">
          <float_array id="meshId14-normals-array" count="366"> 0.025474 0 0.999676 0.025474 0 0.999676 0.025474 0 0.999676 0.025474 0 0.999676 0.025474 0 0.999676 0.025474 0 0.999676 0.025474 0 0.999676 0.025474 0 0.999676 0.025474 0 0.999676 0.025474 0 0.999676 0.424893 0.873411 -0.237948 0.170475 0.908385 -0.381805 0.424893 0.873411 -0.237949 0.61467 0.782736 -0.097498 -0.011751 0.88725 -0.461139 -0.011751 0.88725 -0.461139 -0.189699 0.908385 -0.372626 -0.436461 0.873411 -0.215999 -0.43646 0.873411 -0.215999 -0.618838 0.782735 -0.066065 0.702064 0.71189 -0.01789 0.702064 0.71189 -0.01789 -0.22947 0.972593 0.037499 -0.021697 0.998109 0.057514 -0.008299 0.999954 -0.004894 -0.222216 0.974814 -0.01893 0.18674 0.979545 0.074964 0.171318 0.985134 -0.012725 -0.702065 0.711888 0.01789 -0.702065 0.711889 0.01789 0.43646 0.873411 0.215999 0.618838 0.782736 0.066065 -0.032149 0.996852 -0.072481 -0.218087 0.974711 -0.048757 0.155844 0.983326 -0.093718 -0.61467 0.782735 0.097498 -0.424893 0.87341 0.237949 0.1897 0.908385 0.372628 0.436462 0.87341 0.216 0.011751 0.88725 0.46114 0.011751 0.88725 0.46114 -0.170475 0.908385 0.381805 -0.424893 0.873411 0.237948 -0.025474 0 -0.999676 -0.025474 0 -0.999676 -0.025474 0 -0.999676 -0.025474 0 -0.999676 -0.025474 0 -0.999676 -0.025474 0 -0.999676 -0.025474 0 -0.999676 -0.025474 0 -0.999676 -0.025474 0 -0.999676 -0.025474 0 -0.999676 -0.436468 -0.873406 -0.216003 -0.189703 -0.908382 -0.372633 -0.106854 -0.992868 -0.052881 -0.618844 -0.782731 -0.066066 -0.011751 -0.887246 -0.461146 -0.001612 -0.997995 -0.063274 0.170477 -0.908382 -0.38181 0.104022 -0.992868 -0.058254 0.424899 -0.873407 -0.237952 0.614677 -0.78273 -0.097499 -0.119441 -0.992837 0.003044 -0.70207 -0.711884 0.017891 0 -1 0 0.119441 -0.992837 -0.003044 0.702071 -0.711883 -0.01789 -0.104022 -0.992868 0.058255 -0.614676 -0.78273 0.0974991 0.001612 -0.997995 0.063274 0.106854 -0.992868 0.052881 0.618844 -0.782731 0.066066 -0.170477 -0.908383 0.38181 -0.424898 -0.873408 0.237951 0.011751 -0.887247 0.461146 0.189702 -0.908383 0.372631 0.436465 -0.873408 0.216001 0.999676 0 -0.025474 0.999676 0 -0.025474 0.999676 0 -0.025474 0.999676 0 -0.025474 0.999676 0 -0.025474 0.999676 0 -0.025474 0.999676 0 -0.025474 0.999676 0 -0.025474 0.999676 0 -0.025475 0.999676 0 -0.025475 -0.999676 0 0.025473 -0.999676 0 0.025473 -0.999676 0 0.025473 -0.999676 0 0.025473 -0.999676 0 0.025475 -0.999676 0 0.025475 -0.999676 0 0.025474 -0.999676 0 0.025474 -0.999676 0 0.025473 -0.999676 0 0.025473 -0.046352 0.889469 0.454639 0.01932 0.896128 0.443374 0.011682 0.89556 0.444787 -0.046352 0.889469 0.454639 -0.625807 0.779861 0.013502 -0.634347 0.772923 0.013957 -0.634347 0.772923 0.013957 -0.628252 0.777891 0.013632 0.085592 0.898776 0.429972 0.085592 0.898776 0.429972 0.662328 0.749141 0.01046 0.664235 0.747348 -0.016211 0.664277 0.747295 -0.016895 0.662328 0.749141 0.01046 -0.011205 0.882436 -0.470299 -0.115566 0.876863 -0.466644 -0.115566 0.876863 -0.466644 -0.013679 0.882415 -0.470272 -0.617035 0.786828 0.013037 -0.617035 0.786828 0.013037 0.665658 0.745033 -0.042723 0.665658 0.745033 -0.042723 0.093454 0.878344 -0.468806 0.093454 0.878344 -0.468806 </float_array>
          <technique_common>
            <accessor count="122" offset="0" source="#meshId14-normals-array" stride="3">
              <param name="X" type="float" />
              <param name="Y" type="float" />
              <param name="Z" type="float" />
            </accessor>
          </technique_common>
        </source>
        <source id="meshId14-tangents" name="meshId14-tangents">
          <float_array id="meshId14-tangents-array" count="366"> -0.997319 0.0686197 0.0254139 -0.999672 -0.00281503 0.0254739 -0.999662 -0.00512485 0.0254737 -0.997682 0.063129 0.0254232 -0.999665 0.00461718 0.0254737 -0.999665 0.00464759 0.0254737 -0.996895 -0.0745266 0.0254031 -0.997297 -0.0689336 0.0254134 -0.999603 -0.0120191 0.0254721 -0.999675 -4.15041e-05 0.025474 -0.90445 0.39859 -0.151974 -0.985081 0.166363 -0.0440274 -0.903809 0.394512 -0.165798 -0.788216 0.614209 -0.038245 -0.999675 7.34704e-06 0.0254884 -0.999675 6.09282e-06 0.025486 -0.981561 -0.166372 0.094119 -0.894191 -0.39451 0.211624 -0.895536 -0.39859 0.19784 -0.785466 -0.615637 0.0635069 -0.71187 0.702259 0.00853631 -0.711695 0.702291 0.0166594 -0.931741 -0.230645 0.280466 -0.999763 -0.0215622 -0.00296395 -0.999904 -0.00824412 0.0111299 -0.973264 -0.220622 0.0638926 -0.971895 0.195337 -0.131389 -0.985022 0.171526 0.017615 -0.711373 -0.702259 0.027951 -0.711619 -0.702292 0.019603 -0.89496 0.39678 0.203991 -0.779558 0.622307 -0.0708687 -0.998988 -0.0297654 0.03373 -0.974644 -0.214964 0.0621301 -0.987651 0.153575 -0.0309993 -0.755692 -0.619794 0.211625 -0.90418 -0.396734 -0.158304 -0.98156 0.166364 0.0941416 -0.895394 0.398138 0.199388 -0.999675 1.19998e-07 0.025474 -0.999676 1.3693e-07 0.025474 -0.985081 -0.166364 -0.0440268 -0.904388 -0.398137 -0.153525 -0.999675 0.000619774 0.025474 -0.99625 0.0827152 0.0253867 -0.995662 0.0895128 0.0253717 -0.999566 0.0148062 0.0254712 -0.999673 -0.00219995 0.0254739 -0.999673 -0.0022356 0.0254739 -0.999665 0.00466218 0.0254737 -0.999674 0.00195263 0.0254739 -0.99741 -0.0672803 0.0254163 -0.99699 -0.0732506 0.0254056 -0.888959 0.381616 0.25322 -0.981568 0.184427 0.0501186 -0.916699 0.0777818 0.391935 -0.605486 0.421744 0.674922 -0.999749 0.00162398 0.0223512 -0.9997 6.20429e-05 0.0244903 -0.98263 -0.185555 0.00272197 -0.935052 -0.07767 -0.345898 -0.900443 -0.380756 -0.210303 -0.628768 -0.411594 -0.659728 -0.885858 0.107955 0.451222 -0.497288 0.508105 0.703231 -0.999677 0 0.0254269 -0.908112 -0.108008 -0.404557 -0.529784 -0.505365 -0.681128 -0.955813 0.115989 0.270126 -0.526755 0.499344 0.687884 -0.999763 -0.000234251 0.0217757 -0.968532 -0.115964 -0.220222 -0.548582 -0.49085 -0.676849 -0.978777 0.200831 0.040786 -0.814113 0.483626 0.321444 -0.999834 -0.00399917 0.0177835 -0.980312 -0.196409 0.0202682 -0.829212 -0.483661 -0.280142 -2.47105e-05 -0.999999 -0.000969715 0.0245604 -0.26541 0.963823 0.0248266 -0.224012 0.97427 0.000509614 -0.9998 0.0199988 0 -1 0 -6.04484e-07 -1 -2.37217e-05 -0.000515557 -0.999795 -0.020232 0 -1 0 -0.0239898 -0.336456 -0.941393 -0.0236178 -0.374818 -0.926798 -0.0243957 0.287746 -0.957396 -0.000524852 0.999788 -0.0205976 0 1 0 -0.0240678 0.327548 -0.944528 0 1 0 0 1 0 0 1 0 0.000526384 0.999786 0.0206569 0.0241413 0.319098 0.947414 0.024461 0.27906 0.959962 -0.998669 -0.0515761 -0.000912749 -0.989083 -0.0476642 0.139436 -0.976028 -0.0864663 0.199731 -0.973318 -0.142606 0.179766 -0.779622 -0.625951 0.0193546 -0.771145 -0.633948 0.0586996 -0.769765 -0.633212 0.0806464 -0.77753 -0.628383 0.0241142 -0.989021 0.128825 -0.0724058 -0.950856 0.202578 -0.23417 -0.748832 0.662372 -0.0226647 -0.747207 0.664429 0.014688 -0.747039 0.664492 0.0195696 -0.748951 0.662401 -0.0172624 -0.998933 0.0111915 0.0447988 -0.993271 -0.105583 0.0475879 -0.992892 -0.115431 0.0289883 -0.998305 0.0145515 0.0563425 -0.786687 -0.617172 0.0148806 -0.786675 -0.617172 0.0155138 -0.744902 0.666808 0.0220941 -0.744886 0.666814 0.022457 -0.995371 0.093038 -0.0241081 -0.994457 0.105132 -0.00126729 </float_array>
          <technique_common>
            <accessor count="122" offset="0" source="#meshId14-tangents-array" stride="3">
              <param name="X" type="float" />
              <param name="Y" type="float" />
              <param name="Z" type="float" />
            </accessor>
          </technique_common>
        </source>
        <source id="meshId14-bitangents" name="meshId14-bitangents">
          <float_array id="meshId14-bitangents-array" count="366"> -0.0685974 -0.997643 0.00174802 0.00281412 -0.999996 -7.17101e-05 0.00512319 -0.999987 -0.00013055 -0.0631085 -0.998005 0.00160815 -0.00461568 -0.999989 0.000117618 -0.00464609 -0.999989 0.000118393 0.0745024 -0.997219 -0.00189849 0.0689113 -0.997621 -0.00175601 0.0120152 -0.999928 -0.000306175 4.14906e-05 -1 -1.05728e-06 -0.037892 0.279785 0.959315 0.0235245 0.383614 0.923194 -0.0509362 0.285507 0.957022 0.0299484 0.100358 0.994501 0.022618 0.461289 0.886962 0.0226153 0.461289 0.886962 0.0235018 0.38361 0.923196 0.0996211 0.28551 0.953184 0.086701 0.279784 0.95614 0.00903697 0.0911923 0.995792 0.0186403 0.00674232 0.999804 0.0244236 0.0010363 0.999701 0.281429 0.0294193 0.959131 -0.00171822 -0.0575647 0.99834 0.0110891 0.0049859 0.999926 0.058107 0.0326218 0.997777 -0.143344 -0.0483216 0.988492 0.0195358 0.00951664 0.999764 0.0324614 0.00689698 0.999449 0.0265192 0.00103174 0.999648 0.0924636 -0.282344 0.954847 -0.0965842 -0.00764528 0.995295 0.0314664 0.073492 0.996799 0.0500779 0.0610704 0.996876 -0.0160896 0.0973917 0.995116 0.226075 0.0564012 0.972476 -0.0438617 -0.282411 0.95829 0.0235251 -0.383615 0.923193 0.0881499 -0.280431 0.955818 0.0226017 -0.461289 0.886962 0.0226017 -0.461289 0.886962 0.0235252 -0.383614 0.923194 -0.0393548 -0.280429 0.959068 0.000619572 1 -1.57881e-05 0.0826883 0.996573 -0.00210709 0.0894838 0.995986 -0.00228025 0.0148014 0.99989 -0.000377172 -0.00219924 0.999998 5.60416e-05 -0.00223487 0.999997 5.69496e-05 0.00466067 0.999989 -0.000118764 0.00195199 0.999998 -4.97412e-05 -0.0672585 0.997734 0.0017139 -0.0732269 0.997314 0.00186599 -0.138734 0.30254 -0.942986 0.0231968 0.375272 -0.926625 -0.385027 0.0903559 -0.918472 -0.500419 0.457673 -0.734926 -0.0190822 0.461293 -0.887043 -0.0244372 0.0632945 -0.997696 -0.0733195 0.374714 -0.924237 0.338906 0.0904516 -0.936462 0.0930786 0.30362 -0.948236 0.476259 0.466824 -0.745153 -0.448318 0.0511978 -0.892407 -0.509709 0.48482 -0.710736 -0.0254269 -0 -0.999677 0.401331 0.051085 -0.914508 0.475842 0.487678 -0.731946 -0.274957 -0.0275818 -0.961061 -0.587113 0.371468 -0.719242 -0.0217172 -0.0632941 -0.997759 0.224783 -0.0276854 -0.974015 0.562219 0.382621 -0.733152 -0.113729 -0.366753 -0.923341 -0.395831 -0.0571378 -0.916544 -0.0139342 -0.461278 -0.887146 0.0547768 -0.36914 -0.927758 0.34915 -0.0568385 -0.935342 -0.025474 0.00097003 -0.999675 -0.00676106 -0.964136 -0.265324 -0.00570648 -0.974586 -0.223939 -0.0254689 -0.0200053 -0.999475 -0.025474 -0 -0.999675 -0.025474 2.37294e-05 -0.999676 -0.0254688 0.0202385 -0.999471 -0.025474 -0 -0.999675 -0.00857123 0.941699 -0.336347 -0.00954849 0.927098 -0.374696 -0.00732975 -0.957707 -0.287653 -0.0254676 -0.0206043 -0.999463 -0.025473 0 -0.999676 -0.00834362 -0.944835 -0.327441 -0.025475 0 -0.999675 -0.025475 0 -0.999676 -0.025474 0 -0.999675 -0.0254685 0.0206636 -0.999462 -0.00812838 0.947722 -0.318994 -0.00710849 0.960274 -0.27897 0.0226366 -0.454076 0.890675 0.146086 -0.441228 0.885425 0.21733 -0.436458 0.873082 0.22473 -0.434176 0.872346 0.0235455 0.00158578 0.999722 0.0542183 0.0264731 0.998178 0.0711712 0.0404142 0.996645 0.0273243 0.00455048 0.999616 -0.120468 -0.419054 0.899934 -0.297569 -0.388798 0.871945 -0.0239074 0.00717866 0.999688 0.0217481 0.00235668 0.999761 0.0258509 -0.00037843 0.999666 -0.0198606 0.00359932 0.999796 0.0447954 0.470299 0.881369 -0.00754151 0.469003 0.883164 -0.0284465 0.466677 0.88397 0.0565606 0.470246 0.880721 0.0197545 -0.00107421 0.999804 0.0202528 -0.000683304 0.999795 0.0449488 0.0171174 0.998843 0.0452195 0.0168751 0.998834 0.0224416 0.468889 0.882972 0.0481733 0.466326 0.8833 </float_array>
          <technique_common>
            <accessor count="122" offset="0" source="#meshId14-bitangents-array" stride="3">
              <param name="X" type="float" />
              <param name="Y" type="float" />
              <param name="Z" type="float" />
            </accessor>
          </technique_common>
        </source>
        <source id="meshId14-tex0" name="meshId14-tex0">
          <float_array id="meshId14-tex0-array" count="244"> 0.435697 0.847423 0.422465 0.844064 0.422664 0.841245 0.431958 0.841244 0.413371 0.844311 0.41337 0.841247 0.404474 0.844064 0.404076 0.841248 0.391199 0.847427 0.394782 0.84125 0.593861 0.945627 0.578056 0.945627 0.586888 0.936363 0.593861 0.921369 0.568399 0.945627 0.5684 0.936364 0.55864 0.945627 0.549862 0.936363 0.543338 0.945627 0.543338 0.921369 0.586888 0.899768 0.59386 0.899768 0.66161 0.914458 0.651621 0.917969 0.65162 0.889858 0.661611 0.889858 0.640923 0.914458 0.640923 0.889858 0.543338 0.899768 0.549862 0.899768 0.586888 0.863737 0.593861 0.879254 0.65162 0.862485 0.661611 0.865996 0.640923 0.865996 0.543338 0.879254 0.549862 0.863737 0.578056 0.854106 0.59386 0.854106 0.5684 0.863737 0.5684 0.854106 0.55864 0.854106 0.543338 0.854106 0.431998 0.915629 0.422705 0.915663 0.422472 0.912789 0.435711 0.908693 0.413411 0.915697 0.4134 0.912633 0.404117 0.915731 0.404485 0.912827 0.394823 0.915764 0.391218 0.908763 0.435711 0.908693 0.422472 0.912789 0.429193 0.898238 0.439435 0.891251 0.4134 0.912633 0.413452 0.898238 0.404485 0.912827 0.397784 0.898238 0.391218 0.908763 0.387622 0.891254 0.429192 0.874789 0.439435 0.87768 0.413528 0.874738 0.397784 0.87479 0.38762 0.877683 0.429193 0.851431 0.439435 0.864108 0.41345 0.851432 0.397784 0.851432 0.387618 0.864112 0.422465 0.844064 0.435697 0.847423 0.413371 0.844311 0.404474 0.844064 0.391199 0.847427 0.387622 0.891254 0.391218 0.908763 0.38315 0.904826 0.383148 0.891255 0.38762 0.877683 0.383146 0.877683 0.387618 0.864112 0.383144 0.864112 0.391199 0.847427 0.383141 0.850541 0.435711 0.908693 0.439435 0.891251 0.44391 0.891251 0.44391 0.904822 0.439435 0.87768 0.44391 0.87768 0.439435 0.864108 0.44391 0.864108 0.435697 0.847423 0.44391 0.850537 0.669011 0.925831 0.651621 0.92583 0.651621 0.917969 0.66161 0.914458 0.669011 0.889858 0.669011 0.925831 0.66161 0.914458 0.661611 0.889858 0.633236 0.925831 0.640923 0.914458 0.633236 0.925831 0.633236 0.889858 0.640923 0.889858 0.640923 0.914458 0.65162 0.854538 0.669012 0.854537 0.661611 0.865996 0.65162 0.862485 0.669012 0.854537 0.661611 0.865996 0.633236 0.854537 0.640923 0.865996 0.633236 0.854537 0.640923 0.865996 </float_array>
          <technique_common>
            <accessor count="122" offset="0" source="#meshId14-tex0-array" stride="2">
              <param name="S" type="float" />
              <param name="T" type="float" />
            </accessor>
          </technique_common>
        </source>
        <vertices id="meshId14-vertices">
          <input semantic="POSITION" source="#meshId14-positions" />
          <input semantic="NORMAL" source="#meshId14-normals" />
          <input semantic="TANGENT" source="#meshId14-tangents" />
          <input semantic="BINORMAL" source="#meshId14-bitangents" />
          <input semantic="TEXCOORD" source="#meshId14-tex0"  />
        </vertices>
        <polylist count="112" material="defaultMaterial">
          <input offset="0" semantic="VERTEX" source="#meshId14-vertices" />
          <vcount>3 3 3 3 3 3 3 3 3 3 3 3 3 3 3 3 3 3 3 3 3 3 3 3 3 3 3 3 3 3 3 3 3 3 3 3 3 3 3 3 3 3 3 3 3 3 3 3 3 3 3 3 3 3 3 3 3 3 3 3 3 3 3 3 3 3 3 3 3 3 3 3 3 3 3 3 3 3 3 3 3 3 3 3 3 3 3 3 3 3 3 3 3 3 3 3 3 3 3 3 3 3 3 3 3 3 3 3 3 3 3 3 </vcount>
          <p>3 0 1 1 2 3 2 1 4 4 5 2 5 4 6 6 7 5 7 6 8 8 9 7 10 11 12 10 12 13 12 11 14 14 15 12 15 14 16 16 17 15 17 16 18 18 19 17 21 13 12 12 20 21 25 22 23 23 24 25 24 23 26 26 27 24 29 17 19 19 28 29 31 21 20 20 30 31 33 25 24 24 32 33 32 24 27 27 34 32 36 29 28 28 35 36 38 31 30 30 37 38 37 30 39 39 40 37 40 39 36 36 41 40 36 35 42 36 42 41 46 43 44 44 45 46 45 44 47 47 48 45 48 47 49 49 50 48 50 49 51 51 52 50 53 54 55 53 55 56 55 54 57 57 58 55 58 57 59 59 60 58 60 59 61 61 62 60 64 56 55 55 63 64 63 55 58 58 65 63 65 58 60 60 66 65 66 60 62 62 67 66 69 64 63 63 68 69 68 63 65 65 70 68 70 65 66 66 71 70 71 66 67 67 72 71 74 69 68 68 73 74 73 68 70 70 75 73 75 70 71 71 76 75 71 72 77 71 77 76 81 78 79 79 80 81 83 82 78 78 81 83 85 84 82 82 83 85 87 86 84 84 85 87 91 88 89 89 90 91 90 89 92 92 93 90 93 92 94 94 95 93 95 94 96 96 97 95 101 98 99 99 100 101 105 102 103 103 104 105 100 99 106 106 107 100 111 108 109 109 110 111 115 112 113 113 114 115 117 116 102 102 105 117 110 109 118 118 119 110 121 120 112 112 115 121 </p>
        </polylist>
      </mesh>
    </geometry>
    <geometry id="meshId15" name="meshId15_name" >
      <mesh>
        <source id="meshId15-positions" name="meshId15-positions">
          <float_array id="meshId15-positions-array" count="342"> 0.187443 -0.197237 0.073307 0.11992 -0.197237 0.0552874 0.106629 -0.164538 0.00588431 0.223582 -0.164538 0.0370951 0.11992 -0.197237 0.0552874 0.0705538 -0.197237 0.104754 0.021124 -0.164538 0.0915624 0.106629 -0.164538 0.00588431 0.0705538 -0.197237 0.104754 0.0887096 -0.197237 0.17224 0.0525707 -0.164538 0.208451 0.021124 -0.164538 0.0915624 0.0887096 -0.197237 0.17224 0.156232 -0.197237 0.190259 0.169523 -0.164538 0.239662 0.0525707 -0.164538 0.208451 0.156232 -0.197237 0.190259 0.205599 -0.197237 0.140793 0.255028 -0.164538 0.153984 0.169523 -0.164538 0.239662 0.205599 -0.197237 0.140793 0.187443 -0.197237 0.073307 0.223582 -0.164538 0.0370951 0.255028 -0.164538 0.153984 0.223582 -0.164538 0.0370951 0.106629 -0.164538 0.00588431 0.101765 -0.0946525 -0.0121985 0.236809 -0.0946525 0.0238407 0.106629 -0.164538 0.00588431 0.021124 -0.164538 0.0915624 0.00303143 -0.0946525 0.0867341 0.101765 -0.0946525 -0.0121985 0.021124 -0.164538 0.0915624 0.0525707 -0.164538 0.208451 0.039343 -0.0946525 0.221706 0.00303143 -0.0946525 0.0867341 0.0525707 -0.164538 0.208451 0.169523 -0.164538 0.239662 0.174388 -0.0946525 0.257745 0.039343 -0.0946525 0.221706 0.169523 -0.164538 0.239662 0.255028 -0.164538 0.153984 0.273121 -0.0946525 0.158812 0.174388 -0.0946525 0.257745 0.255028 -0.164538 0.153984 0.223582 -0.164538 0.0370951 0.236809 -0.0946525 0.0238407 0.273121 -0.0946525 0.158812 0.236809 -0.0946525 0.0238407 0.101765 -0.0946525 -0.0121985 0.106629 -0.102708 0.00588431 0.223582 -0.102708 0.0370951 0.101765 -0.0946525 -0.0121985 0.00303143 -0.0946525 0.0867341 0.021124 -0.102708 0.0915624 0.106629 -0.102708 0.00588431 0.00303143 -0.0946525 0.0867341 0.039343 -0.0946525 0.221706 0.0525707 -0.102708 0.208451 0.021124 -0.102708 0.0915624 0.039343 -0.0946525 0.221706 0.174388 -0.0946525 0.257745 0.169523 -0.102708 0.239662 0.0525707 -0.102708 0.208451 0.174388 -0.0946525 0.257745 0.273121 -0.0946525 0.158812 0.255028 -0.102708 0.153984 0.169523 -0.102708 0.239662 0.273121 -0.0946525 0.158812 0.236809 -0.0946525 0.0238407 0.223582 -0.102708 0.0370951 0.255028 -0.102708 0.153984 0.223582 -0.102708 0.0370951 0.106629 -0.102708 0.00588431 0.11992 -0.0515484 0.0552874 0.187443 -0.0515484 0.073307 0.106629 -0.102708 0.00588431 0.021124 -0.102708 0.0915624 0.0705538 -0.0515484 0.104754 0.11992 -0.0515484 0.0552874 0.021124 -0.102708 0.0915624 0.0525707 -0.102708 0.208451 0.0887096 -0.0515484 0.17224 0.0705538 -0.0515484 0.104754 0.0525707 -0.102708 0.208451 0.169523 -0.102708 0.239662 0.156232 -0.0515484 0.190259 0.0887096 -0.0515484 0.17224 0.169523 -0.102708 0.239662 0.255028 -0.102708 0.153984 0.205599 -0.0515484 0.140793 0.156232 -0.0515484 0.190259 0.255028 -0.102708 0.153984 0.223582 -0.102708 0.0370951 0.187443 -0.0515484 0.073307 0.205599 -0.0515484 0.140793 0.187443 -0.0515484 0.073307 0.11992 -0.0515484 0.0552874 0.138076 -0.0328227 0.122773 0.11992 -0.0515484 0.0552874 0.0705538 -0.0515484 0.104754 0.138076 -0.0328227 0.122773 0.0705538 -0.0515484 0.104754 0.0887096 -0.0515484 0.17224 0.138076 -0.0328227 0.122773 0.0887096 -0.0515484 0.17224 0.156232 -0.0515484 0.190259 0.138076 -0.0328227 0.122773 0.156232 -0.0515484 0.190259 0.205599 -0.0515484 0.140793 0.138076 -0.0328227 0.122773 0.205599 -0.0515484 0.140793 0.187443 -0.0515484 0.073307 0.138076 -0.0328227 0.122773 </float_array>
          <technique_common>
            <accessor count="114" offset="0" source="#meshId15-positions-array" stride="3">
              <param name="X" type="float" />
              <param name="Y" type="float" />
              <param name="Z" type="float" />
            </accessor>
          </technique_common>
        </source>
        <source id="meshId15-normals" name="meshId15-normals">
          <float_array id="meshId15-normals-array" count="342"> 0.153113 -0.804598 -0.573741 0.153113 -0.804598 -0.573741 0.153113 -0.804598 -0.573741 0.153113 -0.804598 -0.573741 -0.420318 -0.804598 -0.41947 -0.420318 -0.804598 -0.41947 -0.420318 -0.804598 -0.41947 -0.420318 -0.804598 -0.41947 -0.573431 -0.804598 0.154271 -0.573431 -0.804598 0.154271 -0.573431 -0.804598 0.154271 -0.573431 -0.804598 0.154271 -0.153113 -0.804598 0.573741 -0.153113 -0.804598 0.573741 -0.153113 -0.804598 0.573741 -0.153113 -0.804598 0.573741 0.420318 -0.804598 0.41947 0.420318 -0.804598 0.41947 0.420318 -0.804598 0.41947 0.420318 -0.804598 0.41947 0.573431 -0.804598 -0.154271 0.573431 -0.804598 -0.154271 0.573431 -0.804598 -0.154271 0.573431 -0.804598 -0.154271 0.251171 -0.226045 -0.941179 0.251171 -0.226045 -0.941179 0.251171 -0.226045 -0.941179 0.251171 -0.226045 -0.941179 -0.689499 -0.226045 -0.688109 -0.689499 -0.226045 -0.688109 -0.689499 -0.226045 -0.688109 -0.689499 -0.226045 -0.688109 -0.94067 -0.226045 0.253069 -0.94067 -0.226045 0.253069 -0.94067 -0.226045 0.253069 -0.94067 -0.226045 0.253069 -0.25117 -0.226045 0.941179 -0.25117 -0.226045 0.941179 -0.25117 -0.226045 0.941179 -0.25117 -0.226045 0.941179 0.689499 -0.226045 0.688109 0.689499 -0.226045 0.688109 0.689499 -0.226045 0.688109 0.689499 -0.226045 0.688109 0.94067 -0.226045 -0.253069 0.94067 -0.226045 -0.253069 0.94067 -0.226045 -0.253069 0.94067 -0.226045 -0.253069 -0.11471 0.89559 0.429837 -0.11471 0.89559 0.429837 -0.11471 0.89559 0.429837 -0.11471 0.89559 0.429837 0.314895 0.89559 0.31426 0.314895 0.89559 0.31426 0.314894 0.895591 0.31426 0.314894 0.895591 0.31426 0.429604 0.89559 -0.115577 0.429604 0.895591 -0.115577 0.429604 0.895591 -0.115577 0.429604 0.895591 -0.115577 0.11471 0.89559 -0.429837 0.11471 0.89559 -0.429837 0.11471 0.895591 -0.429836 0.11471 0.89559 -0.429837 -0.314895 0.89559 -0.31426 -0.314895 0.89559 -0.31426 -0.314895 0.89559 -0.31426 -0.314895 0.89559 -0.31426 -0.429604 0.89559 0.115577 -0.429604 0.89559 0.115577 -0.429604 0.89559 0.115577 -0.429604 0.89559 0.115577 0.194912 0.654654 -0.730368 0.194912 0.654654 -0.730368 0.194912 0.654654 -0.730368 0.194912 0.654654 -0.730368 -0.535062 0.654654 -0.533983 -0.535062 0.654654 -0.533983 -0.535062 0.654654 -0.533983 -0.535062 0.654654 -0.533983 -0.729974 0.654654 0.196385 -0.729974 0.654654 0.196385 -0.729974 0.654654 0.196385 -0.729974 0.654654 0.196385 -0.194912 0.654654 0.730368 -0.194912 0.654654 0.730368 -0.194912 0.654654 0.730368 -0.194912 0.654654 0.730368 0.535062 0.654653 0.533983 0.535062 0.654653 0.533983 0.535062 0.654654 0.533983 0.535062 0.654654 0.533983 0.729974 0.654654 -0.196385 0.729974 0.654654 -0.196385 0.729974 0.654654 -0.196385 0.729974 0.654654 -0.196385 0.076213 0.955319 -0.285582 0.076213 0.955319 -0.285582 0.076213 0.955319 -0.285582 -0.209215 0.955319 -0.208793 -0.209215 0.955319 -0.208793 -0.209215 0.955319 -0.208793 -0.285428 0.955319 0.076789 -0.285428 0.955319 0.076789 -0.285428 0.955319 0.076789 -0.076213 0.955319 0.285582 -0.076213 0.955319 0.285582 -0.076213 0.955319 0.285582 0.209215 0.955319 0.208793 0.209215 0.955319 0.208793 0.209215 0.955319 0.208793 0.285428 0.955319 -0.076789 0.285428 0.955319 -0.076789 0.285428 0.955319 -0.076789 </float_array>
          <technique_common>
            <accessor count="114" offset="0" source="#meshId15-normals-array" stride="3">
              <param name="X" type="float" />
              <param name="Y" type="float" />
              <param name="Z" type="float" />
            </accessor>
          </technique_common>
        </source>
        <source id="meshId15-tangents" name="meshId15-tangents">
          <float_array id="meshId15-tangents-array" count="342"> 0.373896 -0.490258 0.787305 0.530433 -0.422946 0.734682 0.581658 -0.395984 0.710543 0.473006 -0.450088 0.757421 0.547467 -0.593538 0.589909 0.834313 -0.524442 0.169949 0.88388 -0.46758 0.0112128 0.74677 -0.569339 0.343786 0.817299 -0.574829 0.0399224 0.655651 -0.563616 -0.502453 0.549382 -0.517348 -0.656148 0.747829 -0.590972 -0.302496 0.552236 -0.551138 -0.625526 0.0627821 -0.587334 -0.806906 -0.113994 -0.56233 -0.819018 0.261514 -0.592879 -0.761646 -0.159464 -0.520594 -0.838781 -0.473805 -0.588876 -0.654778 -0.569331 -0.59382 -0.568542 -0.359419 -0.572108 -0.737232 -0.760954 -0.453331 -0.464155 -0.775989 -0.473046 -0.417215 -0.780773 -0.479686 -0.400368 -0.770576 -0.465768 -0.435054 0.48313 -0.813289 0.324262 0.401954 -0.860188 0.313862 0.366798 -0.877603 0.308663 0.443431 -0.837442 0.319468 0.32095 -0.947038 -0.0104948 0.359792 -0.931437 -0.0545398 0.375708 -0.92386 -0.0729768 0.340349 -0.939743 -0.0323297 0.200857 -0.972039 -0.121643 0.186454 -0.967453 -0.171084 0.180257 -0.964756 -0.19171 0.193786 -0.970091 -0.146188 0.174621 -0.966977 -0.18564 0.12674 -0.971658 -0.199542 0.106538 -0.972898 -0.205232 0.150945 -0.9696 -0.192589 0.0503393 -0.932798 -0.356867 0.013793 -0.945781 -0.324512 -0.0015654 -0.950514 -0.310677 0.0322423 -0.93953 -0.340945 -0.304931 -0.890295 -0.33822 -0.296124 -0.91102 -0.286973 -0.29215 -0.918872 -0.265184 -0.300686 -0.900915 -0.312953 0.476045 0.429333 -0.767499 0.066761 0.438665 -0.896167 0.00665923 0.433376 -0.901188 0.447787 0.432857 -0.782382 -0.0227519 0.338132 -0.940824 -0.743902 0.438516 -0.504295 -0.804724 0.427485 -0.411918 -0.0776578 0.354305 -0.9319 -0.840965 0.350167 -0.412506 -0.755766 0.426642 0.496784 -0.692396 0.408854 0.594497 -0.8595 0.366284 -0.356506 -0.705891 0.377935 0.599068 0.159373 0.410497 0.897826 0.273541 0.387489 0.880356 -0.661866 0.391569 0.639224 0.279072 0.403834 0.871227 0.872174 0.403642 0.276379 0.90808 0.380602 0.174738 0.330734 0.413891 0.848121 0.897928 0.4101 0.159821 0.841743 0.443503 -0.307854 0.818232 0.440212 -0.369744 0.900737 0.415905 0.125283 0.168786 -0.755929 -0.632521 0.168805 -0.755929 -0.632516 0.168825 -0.755929 -0.632511 0.168798 -0.755929 -0.632518 0.223311 -0.499992 -0.836744 0.223285 -0.50001 -0.83674 0.223258 -0.500028 -0.836736 0.223294 -0.500004 -0.836741 0.223308 0.500007 -0.836736 0.223306 0.500005 -0.836738 0.223303 0.500003 -0.83674 0.223306 0.500005 -0.836737 0.168783 0.755929 -0.632522 0.168802 0.755929 -0.632517 0.168822 0.755929 -0.632512 0.168796 0.755929 -0.632519 0.223323 0.499984 -0.836745 0.223315 0.49999 -0.836744 0.223307 0.499995 -0.836743 0.223317 0.499988 -0.836745 0.223287 -0.499988 -0.836752 0.223286 -0.499988 -0.836753 0.223286 -0.499987 -0.836753 0.223287 -0.499988 -0.836753 0.246322 -0.295577 -0.923017 0.246322 -0.295577 -0.923017 0.246322 -0.295577 -0.923017 0.254788 -0.152888 -0.954834 0.254788 -0.152888 -0.954834 0.254788 -0.152888 -0.954834 0.254838 0.152889 -0.954821 0.254838 0.152889 -0.954821 0.254838 0.152889 -0.954821 0.246325 0.295577 -0.923016 0.246325 0.295577 -0.923016 0.246325 0.295577 -0.923016 0.254814 0.152881 -0.954828 0.254814 0.152881 -0.954828 0.254814 0.152881 -0.954828 0.254812 -0.152882 -0.954829 0.254812 -0.152882 -0.954829 0.254812 -0.152882 -0.954829 </float_array>
          <technique_common>
            <accessor count="114" offset="0" source="#meshId15-tangents-array" stride="3">
              <param name="X" type="float" />
              <param name="Y" type="float" />
              <param name="Z" type="float" />
            </accessor>
          </technique_common>
        </source>
        <source id="meshId15-bitangents" name="meshId15-bitangents">
          <float_array id="meshId15-bitangents-array" count="342"> -0.914745 -0.335066 0.225771 -0.833785 -0.41682 0.362027 -0.798894 -0.442514 0.40737 -0.867653 -0.387354 0.311665 -0.723611 0.0183036 0.689965 -0.356729 -0.278536 0.891719 -0.205158 -0.366048 0.9077 -0.51543 -0.168748 0.840152 0.0565579 0.148978 0.987222 0.491222 -0.186974 0.85073 0.607747 -0.291502 0.738695 0.334557 -0.0580922 0.940583 0.819507 0.221064 0.528715 0.986212 -0.0875271 0.140443 0.981612 -0.190805 -0.0056193 0.952978 0.0334236 0.301191 0.893255 0.285664 -0.347119 0.773849 0.0764679 -0.628738 0.706537 0.000151262 -0.707676 0.833157 0.159106 -0.529655 0.303522 0.383554 -0.872216 0.262713 0.358956 -0.895618 0.248133 0.350034 -0.903275 0.278189 0.368351 -0.88709 -0.838748 -0.536157 -0.0950655 -0.880537 -0.457143 -0.125195 -0.895753 -0.422749 -0.137516 -0.860397 -0.497589 -0.110106 -0.649293 -0.228085 0.725531 -0.628602 -0.285181 0.723554 -0.619221 -0.308845 0.721928 -0.639338 -0.256489 0.724887 0.27349 -0.0635954 0.95977 0.283505 -0.113748 0.952201 0.287485 -0.134719 0.948263 0.278545 -0.0884731 0.956339 0.952062 0.117722 0.282348 0.95961 0.0691659 0.2727 0.962062 0.0487229 0.268445 0.956101 0.0936935 0.277655 0.722535 0.280698 -0.631785 0.724155 0.233242 -0.648998 0.724285 0.213134 -0.655733 0.723568 0.257267 -0.640517 -0.148853 0.395322 -0.906401 -0.165682 0.344887 -0.923906 -0.172595 0.323384 -0.930394 -0.157252 0.37048 -0.915432 -0.871908 0.116582 -0.47559 -0.991153 -0.074103 -0.11011 -0.993377 -0.100513 -0.0556765 -0.886752 0.102728 -0.450686 -0.948854 0.289111 0.126853 -0.58945 -0.0749785 0.804318 -0.503251 -0.123182 0.855315 -0.945945 0.269045 0.181118 -0.328965 0.274411 0.903593 0.494225 -0.126071 0.860144 0.57968 -0.175373 0.795748 -0.276949 0.252494 0.927117 0.69897 0.234699 0.675542 0.980531 -0.171494 -0.0956451 0.954996 -0.218564 -0.200532 0.740794 0.211169 0.637677 0.907172 0.186644 -0.377099 0.374371 -0.187059 -0.908216 0.276101 -0.230349 -0.933117 0.889638 0.163133 -0.426534 0.0957361 0.17244 -0.980357 -0.32697 -0.0349691 -0.944388 -0.382017 -0.0642747 -0.921917 0.064133 0.157927 -0.985366 -0.966189 1.02296e-05 -0.257836 -0.966185 -4.83543e-06 -0.257849 -0.966182 -2.05263e-05 -0.257862 -0.966187 4.02331e-07 -0.257844 -0.814764 -0.566954 0.121335 -0.814771 -0.566938 0.121362 -0.814779 -0.566922 0.121389 -0.814769 -0.566944 0.121352 -0.645966 -0.566941 -0.511181 -0.645967 -0.566943 -0.511178 -0.645968 -0.566944 -0.511175 -0.645967 -0.566942 -0.511179 -0.966189 -1.23307e-05 -0.257834 -0.966186 2.76417e-06 -0.257847 -0.966182 1.84476e-05 -0.25786 -0.966187 -2.5034e-06 -0.257842 -0.814761 0.566961 0.121324 -0.814763 0.566956 0.121332 -0.814766 0.566951 0.12134 -0.814763 0.566958 0.121329 -0.645973 0.566957 -0.511154 -0.645973 0.566958 -0.511153 -0.645974 0.566958 -0.511152 -0.645973 0.566957 -0.511153 -0.966187 7.00355e-07 -0.257843 -0.966187 7.00355e-07 -0.257843 -0.966187 7.00355e-07 -0.257843 -0.944093 -0.252964 -0.211417 -0.944093 -0.252964 -0.211417 -0.944093 -0.252964 -0.211417 -0.923899 -0.252964 -0.28709 -0.923899 -0.252964 -0.28709 -0.923898 -0.252964 -0.28709 -0.966186 1.3411e-07 -0.257846 -0.966186 1.3411e-07 -0.257846 -0.966186 1.3411e-07 -0.257846 -0.944086 0.252968 -0.211444 -0.944086 0.252968 -0.211444 -0.944086 0.252968 -0.211444 -0.923906 0.252968 -0.287063 -0.923906 0.252968 -0.287063 -0.923906 0.252968 -0.287063 </float_array>
          <technique_common>
            <accessor count="114" offset="0" source="#meshId15-bitangents-array" stride="3">
              <param name="X" type="float" />
              <param name="Y" type="float" />
              <param name="Z" type="float" />
            </accessor>
          </technique_common>
        </source>
        <source id="meshId15-tex0" name="meshId15-tex0">
          <float_array id="meshId15-tex0-array" count="228"> 0.827495 0.656333 0.818867 0.671428 0.808064 0.664844 0.820001 0.642679 0.818867 0.671428 0.814506 0.690695 0.802171 0.687425 0.808064 0.664844 0.814506 0.690695 0.813006 0.710903 0.800169 0.709892 0.802171 0.687425 0.813006 0.710903 0.814236 0.731132 0.801447 0.732415 0.800169 0.709892 0.814236 0.731132 0.81822 0.750473 0.806031 0.755315 0.801447 0.732415 0.81822 0.750473 0.825647 0.766579 0.815587 0.779978 0.806031 0.755315 0.820001 0.642679 0.808064 0.664844 0.79291 0.659874 0.804788 0.632304 0.808064 0.664844 0.802171 0.687425 0.785982 0.684816 0.79291 0.659874 0.802171 0.687425 0.800169 0.709892 0.783635 0.709775 0.785982 0.684816 0.800169 0.709892 0.801447 0.732415 0.785204 0.734728 0.783635 0.709775 0.801447 0.732415 0.806031 0.755315 0.790738 0.759898 0.785204 0.734728 0.806031 0.755315 0.815587 0.779978 0.798141 0.786587 0.790738 0.759898 0.804788 0.632304 0.79291 0.659874 0.789188 0.658782 0.799726 0.633181 0.79291 0.659874 0.785982 0.684816 0.78219 0.683954 0.789188 0.658782 0.785982 0.684816 0.783635 0.709775 0.779735 0.709439 0.78219 0.683954 0.783635 0.709775 0.785204 0.734728 0.781308 0.734907 0.779735 0.709439 0.785204 0.734728 0.790738 0.759898 0.786854 0.760232 0.781308 0.734907 0.790738 0.759898 0.798141 0.786587 0.793428 0.785201 0.786854 0.760232 0.812401 0.870378 0.812402 0.909572 0.798055 0.901289 0.798055 0.878661 0.812402 0.909572 0.778459 0.929169 0.778458 0.912604 0.798055 0.901289 0.778459 0.929169 0.744516 0.909572 0.758862 0.901289 0.778458 0.912604 0.744516 0.909572 0.744516 0.870378 0.758862 0.878661 0.758862 0.901289 0.744516 0.870378 0.778459 0.850782 0.778459 0.867347 0.758862 0.878661 0.778459 0.850782 0.812401 0.870378 0.798055 0.878661 0.778459 0.867347 0.798055 0.878661 0.798055 0.901289 0.778458 0.889975 0.798055 0.901289 0.778458 0.912604 0.778458 0.889975 0.778458 0.912604 0.758862 0.901289 0.778458 0.889975 0.758862 0.901289 0.758862 0.878661 0.778458 0.889975 0.758862 0.878661 0.778459 0.867347 0.778458 0.889975 0.778459 0.867347 0.798055 0.878661 0.778458 0.889975 </float_array>
          <technique_common>
            <accessor count="114" offset="0" source="#meshId15-tex0-array" stride="2">
              <param name="S" type="float" />
              <param name="T" type="float" />
            </accessor>
          </technique_common>
        </source>
        <vertices id="meshId15-vertices">
          <input semantic="POSITION" source="#meshId15-positions" />
          <input semantic="NORMAL" source="#meshId15-normals" />
          <input semantic="TANGENT" source="#meshId15-tangents" />
          <input semantic="BINORMAL" source="#meshId15-bitangents" />
          <input semantic="TEXCOORD" source="#meshId15-tex0"  />
        </vertices>
        <polylist count="54" material="defaultMaterial">
          <input offset="0" semantic="VERTEX" source="#meshId15-vertices" />
          <vcount>3 3 3 3 3 3 3 3 3 3 3 3 3 3 3 3 3 3 3 3 3 3 3 3 3 3 3 3 3 3 3 3 3 3 3 3 3 3 3 3 3 3 3 3 3 3 3 3 3 3 3 3 3 3 </vcount>
          <p>3 0 1 1 2 3 7 4 5 5 6 7 11 8 9 9 10 11 15 12 13 13 14 15 19 16 17 17 18 19 23 20 21 21 22 23 27 24 25 25 26 27 31 28 29 29 30 31 35 32 33 33 34 35 39 36 37 37 38 39 43 40 41 41 42 43 47 44 45 45 46 47 51 48 49 49 50 51 55 52 53 53 54 55 59 56 57 57 58 59 63 60 61 61 62 63 67 64 65 65 66 67 71 68 69 69 70 71 75 72 73 73 74 75 79 76 77 77 78 79 83 80 81 81 82 83 87 84 85 85 86 87 91 88 89 89 90 91 95 92 93 93 94 95 96 97 98 99 100 101 102 103 104 105 106 107 108 109 110 111 112 113 </p>
        </polylist>
      </mesh>
    </geometry>
    <geometry id="meshId16" name="meshId16_name" >
      <mesh>
        <source id="meshId16-positions" name="meshId16-positions">
          <float_array id="meshId16-positions-array" count="123"> -0.268897 0.537389 0.0272023 -0.313822 0.537389 0.00859369 -0.313822 0.559158 0.00859369 -0.268897 0.559158 0.0272023 -0.313822 0.537389 0.00859369 -0.358747 0.537389 0.0272023 -0.358747 0.559158 0.0272023 -0.313822 0.559158 0.00859369 -0.358747 0.537389 0.0272023 -0.377355 0.537389 0.0721273 -0.377355 0.559158 0.0721273 -0.358747 0.559158 0.0272023 -0.377355 0.537389 0.0721273 -0.358747 0.537389 0.117052 -0.358747 0.559158 0.117052 -0.377355 0.559158 0.0721273 -0.358747 0.537389 0.117052 -0.313822 0.537389 0.135661 -0.313822 0.559158 0.135661 -0.358747 0.559158 0.117052 -0.313822 0.537389 0.135661 -0.268897 0.537389 0.117052 -0.268897 0.559158 0.117052 -0.313822 0.559158 0.135661 -0.268897 0.537389 0.117052 -0.250288 0.537389 0.0721273 -0.250288 0.559158 0.0721273 -0.268897 0.559158 0.117052 -0.250288 0.537389 0.0721273 -0.268897 0.537389 0.0272023 -0.268897 0.559158 0.0272023 -0.250288 0.559158 0.0721273 -0.268897 0.559158 0.0272023 -0.313822 0.559158 0.00859369 -0.313822 0.559158 0.0721273 -0.358747 0.559158 0.0272023 -0.377355 0.559158 0.0721273 -0.358747 0.559158 0.117052 -0.313822 0.559158 0.135661 -0.268897 0.559158 0.117052 -0.250288 0.559158 0.0721273 </float_array>
          <technique_common>
            <accessor count="41" offset="0" source="#meshId16-positions-array" stride="3">
              <param name="X" type="float" />
              <param name="Y" type="float" />
              <param name="Z" type="float" />
            </accessor>
          </technique_common>
        </source>
        <source id="meshId16-normals" name="meshId16-normals">
          <float_array id="meshId16-normals-array" count="123"> 0.382683 0 -0.92388 0.382683 0 -0.92388 0.382683 0 -0.92388 0.382683 0 -0.92388 -0.382683 0 -0.92388 -0.382683 0 -0.92388 -0.382683 0 -0.92388 -0.382683 0 -0.92388 -0.92388 0 -0.382683 -0.92388 0 -0.382683 -0.92388 0 -0.382683 -0.92388 0 -0.382683 -0.92388 0 0.382683 -0.92388 0 0.382683 -0.92388 0 0.382683 -0.92388 0 0.382683 -0.382683 0 0.92388 -0.382683 0 0.92388 -0.382683 0 0.92388 -0.382683 0 0.92388 0.382683 0 0.92388 0.382683 0 0.92388 0.382683 0 0.92388 0.382683 0 0.92388 0.92388 0 0.382683 0.92388 0 0.382683 0.92388 0 0.382683 0.92388 0 0.382683 0.923879 0 -0.382684 0.923879 0 -0.382684 0.923879 0 -0.382684 0.923879 0 -0.382684 0 1 0 0 1 0 0 1 0 0 1 0 0 1 0 0 1 0 0 1 0 0 1 0 0 1 0 </float_array>
          <technique_common>
            <accessor count="41" offset="0" source="#meshId16-normals-array" stride="3">
              <param name="X" type="float" />
              <param name="Y" type="float" />
              <param name="Z" type="float" />
            </accessor>
          </technique_common>
        </source>
        <source id="meshId16-tangents" name="meshId16-tangents">
          <float_array id="meshId16-tangents-array" count="123"> 0.92388 0 0.382683 0.92388 0 0.382683 0.92388 0 0.382683 0.92388 0 0.382683 0.92388 0 -0.382683 0.92388 0 -0.382683 0.92388 0 -0.382683 0.92388 0 -0.382683 0.382683 0 -0.92388 0.382683 0 -0.92388 0.382683 0 -0.92388 0.382683 0 -0.92388 -0.382683 0 -0.92388 -0.382683 0 -0.92388 -0.382683 0 -0.92388 -0.382683 0 -0.92388 -0.92388 0 -0.382683 -0.92388 0 -0.382683 -0.92388 0 -0.382683 -0.92388 0 -0.382683 -0.92388 0 0.382683 -0.92388 0 0.382683 -0.92388 0 0.382683 -0.92388 0 0.382683 -0.382683 0 0.92388 -0.382683 0 0.92388 -0.382683 0 0.92388 -0.382683 0 0.92388 0.382684 0 0.923879 0.382684 0 0.923879 0.382684 0 0.923879 0.382684 0 0.923879 -0.999619 0 -0.0276065 -1 0 -6.32504e-09 -1 0 1.72021e-08 -0.999619 0 0.0276065 -0.9992 0 0.0400003 -0.999581 0 0.0289556 -1 0 1.50223e-08 -0.999581 0 -0.0289556 -0.9992 0 -0.0400003 </float_array>
          <technique_common>
            <accessor count="41" offset="0" source="#meshId16-tangents-array" stride="3">
              <param name="X" type="float" />
              <param name="Y" type="float" />
              <param name="Z" type="float" />
            </accessor>
          </technique_common>
        </source>
        <source id="meshId16-bitangents" name="meshId16-bitangents">
          <float_array id="meshId16-bitangents-array" count="123"> 0 -1 0 0 -1 0 0 -1 0 0 -1 0 0 -1 -0 0 -1 -0 0 -1 -0 0 -1 -0 0 -1 -0 0 -1 -0 0 -1 -0 0 -1 -0 -0 -1 0 -0 -1 0 -0 -1 0 -0 -1 0 -0 -1 0 -0 -1 0 -0 -1 0 -0 -1 0 0 -1 0 0 -1 0 0 -1 0 0 -1 0 0 -1 0 0 -1 0 0 -1 0 0 -1 0 0 -1 0 0 -1 0 0 -1 0 0 -1 0 -0.0276065 0 0.999619 -6.32504e-09 0 1 1.72021e-08 -0 1 0.0276065 -0 0.999619 0.0400003 -0 0.9992 0.0289556 -0 0.999581 1.50223e-08 -0 1 -0.0289556 0 0.999581 -0.0400003 0 0.9992 </float_array>
          <technique_common>
            <accessor count="41" offset="0" source="#meshId16-bitangents-array" stride="3">
              <param name="X" type="float" />
              <param name="Y" type="float" />
              <param name="Z" type="float" />
            </accessor>
          </technique_common>
        </source>
        <source id="meshId16-tex0" name="meshId16-tex0">
          <float_array id="meshId16-tex0-array" count="82"> 0.312147 0.50424 0.306826 0.50424 0.306826 0.499666 0.312147 0.499666 0.306826 0.50424 0.301505 0.50424 0.301505 0.499666 0.306826 0.499666 0.301505 0.50424 0.296184 0.50424 0.296184 0.499666 0.301505 0.499666 0.296184 0.50424 0.290863 0.50424 0.290863 0.499666 0.296184 0.499666 0.290863 0.50424 0.285542 0.50424 0.285541 0.499666 0.290863 0.499666 0.285542 0.50424 0.280221 0.50424 0.280221 0.499666 0.285541 0.499666 0.280221 0.50424 0.2749 0.50424 0.2749 0.499666 0.280221 0.499666 0.2749 0.50424 0.269579 0.50424 0.269579 0.499666 0.2749 0.499666 0.070296 0.967615 0.081727 0.962879 0.081727 0.979693 0.093159 0.967615 0.097894 0.979046 0.093159 0.990478 0.081727 0.995213 0.070296 0.990478 0.06556 0.979046 </float_array>
          <technique_common>
            <accessor count="41" offset="0" source="#meshId16-tex0-array" stride="2">
              <param name="S" type="float" />
              <param name="T" type="float" />
            </accessor>
          </technique_common>
        </source>
        <vertices id="meshId16-vertices">
          <input semantic="POSITION" source="#meshId16-positions" />
          <input semantic="NORMAL" source="#meshId16-normals" />
          <input semantic="TANGENT" source="#meshId16-tangents" />
          <input semantic="BINORMAL" source="#meshId16-bitangents" />
          <input semantic="TEXCOORD" source="#meshId16-tex0"  />
        </vertices>
        <polylist count="24" material="defaultMaterial">
          <input offset="0" semantic="VERTEX" source="#meshId16-vertices" />
          <vcount>3 3 3 3 3 3 3 3 3 3 3 3 3 3 3 3 3 3 3 3 3 3 3 3 </vcount>
          <p>3 0 1 1 2 3 7 4 5 5 6 7 11 8 9 9 10 11 15 12 13 13 14 15 19 16 17 17 18 19 23 20 21 21 22 23 27 24 25 25 26 27 31 28 29 29 30 31 32 33 34 33 35 34 35 36 34 36 37 34 37 38 34 38 39 34 39 40 34 40 32 34 </p>
        </polylist>
      </mesh>
    </geometry>
    <geometry id="meshId17" name="meshId17_name" >
      <mesh>
        <source id="meshId17-positions" name="meshId17-positions">
          <float_array id="meshId17-positions-array" count="150"> -0.459626 0.64802 0.273106 -0.504499 0.666517 0.27607 -0.503063 0.666521 0.297791 -0.45819 0.648023 0.294827 -0.504499 0.666517 0.27607 -0.54928 0.647798 0.279034 -0.547844 0.647802 0.300755 -0.503063 0.666521 0.297791 -0.54928 0.647798 0.279034 -0.567737 0.602827 0.280262 -0.566301 0.602831 0.301983 -0.547844 0.647802 0.300755 -0.567737 0.602827 0.280262 -0.549058 0.557948 0.279034 -0.547622 0.557952 0.300755 -0.566301 0.602831 0.301983 -0.549058 0.557948 0.279034 -0.504185 0.53945 0.27607 -0.502749 0.539454 0.297791 -0.547622 0.557952 0.300755 -0.504185 0.53945 0.27607 -0.459404 0.55817 0.273106 -0.457968 0.558173 0.294827 -0.502749 0.539454 0.297791 -0.459404 0.55817 0.273106 -0.440947 0.603141 0.271878 -0.439511 0.603144 0.293599 -0.457968 0.558173 0.294827 -0.440947 0.603141 0.271878 -0.459626 0.64802 0.273106 -0.45819 0.648023 0.294827 -0.439511 0.603144 0.293599 -0.504499 0.666517 0.27607 -0.459626 0.64802 0.273106 -0.504342 0.602984 0.27607 -0.54928 0.647798 0.279034 -0.567737 0.602827 0.280262 -0.549058 0.557948 0.279034 -0.504185 0.53945 0.27607 -0.459404 0.55817 0.273106 -0.440947 0.603141 0.271878 -0.45819 0.648023 0.294827 -0.503063 0.666521 0.297791 -0.502906 0.602987 0.297791 -0.547844 0.647802 0.300755 -0.566301 0.602831 0.301983 -0.547622 0.557952 0.300755 -0.502749 0.539454 0.297791 -0.457968 0.558173 0.294827 -0.439511 0.603144 0.293599 </float_array>
          <technique_common>
            <accessor count="50" offset="0" source="#meshId17-positions-array" stride="3">
              <param name="X" type="float" />
              <param name="Y" type="float" />
              <param name="Z" type="float" />
            </accessor>
          </technique_common>
        </source>
        <source id="meshId17-normals" name="meshId17-normals">
          <float_array id="meshId17-normals-array" count="150"> 0.379565 0.924821 -0.025249 0.379565 0.924821 -0.025249 0.379565 0.924821 -0.025249 0.379565 0.924821 -0.025249 -0.384132 0.922933 0.025249 -0.384132 0.922933 0.025249 -0.384132 0.922933 0.025249 -0.384132 0.922933 0.025249 -0.92281 0.380403 0.060957 -0.92281 0.380403 0.060957 -0.92281 0.380403 0.060957 -0.92281 0.380403 0.060957 -0.920918 -0.384961 0.060957 -0.920918 -0.384961 0.060957 -0.920918 -0.384961 0.060957 -0.920918 -0.384961 0.060957 -0.379565 -0.924821 0.025249 -0.379565 -0.924821 0.025249 -0.379565 -0.924821 0.025249 -0.379565 -0.924821 0.025249 0.384132 -0.922933 -0.025249 0.384132 -0.922933 -0.025249 0.384132 -0.922933 -0.025249 0.384132 -0.922933 -0.025249 0.92281 -0.380403 -0.060957 0.92281 -0.380403 -0.060957 0.92281 -0.380403 -0.060957 0.92281 -0.380403 -0.060957 0.920918 0.384961 -0.060957 0.920918 0.384961 -0.060957 0.920918 0.384961 -0.060957 0.920918 0.384961 -0.060957 -0.065979 -0.000163 -0.997821 -0.065979 -0.000163 -0.997821 -0.065979 -0.000163 -0.997821 -0.065979 -0.000163 -0.997821 -0.065979 -0.000163 -0.997821 -0.065979 -0.000163 -0.997821 -0.065979 -0.000163 -0.997821 -0.065979 -0.000163 -0.997821 -0.065979 -0.000163 -0.997821 0.065979 0.000163 0.997821 0.065979 0.000163 0.997821 0.065979 0.000163 0.997821 0.065979 0.000163 0.997821 0.065979 0.000163 0.997821 0.065979 0.000163 0.997821 0.065979 0.000163 0.997821 0.065979 0.000163 0.997821 0.065979 0.000163 0.997821 </float_array>
          <technique_common>
            <accessor count="50" offset="0" source="#meshId17-normals-array" stride="3">
              <param name="X" type="float" />
              <param name="Y" type="float" />
              <param name="Z" type="float" />
            </accessor>
          </technique_common>
        </source>
        <source id="meshId17-tangents" name="meshId17-tangents">
          <float_array id="meshId17-tangents-array" count="150"> 0.922809 -0.380404 -0.0609573 0.922809 -0.380404 -0.0609569 0.922809 -0.380404 -0.0609567 0.922809 -0.380404 -0.0609571 0.920918 0.384961 -0.0609566 0.920918 0.384961 -0.060957 0.920918 0.384961 -0.0609572 0.920918 0.384961 -0.0609568 0.379564 0.924821 -0.0252494 0.379564 0.924821 -0.025249 0.379564 0.924821 -0.0252489 0.379564 0.924821 -0.0252493 -0.384132 0.922933 0.0252495 -0.384132 0.922933 0.0252491 -0.384132 0.922933 0.025249 -0.384132 0.922933 0.0252493 -0.92281 0.380404 0.0609567 -0.922809 0.380404 0.0609571 -0.922809 0.380404 0.0609572 -0.922809 0.380404 0.0609568 -0.920918 -0.384961 0.0609572 -0.920918 -0.384961 0.0609568 -0.920918 -0.384961 0.0609566 -0.920918 -0.384961 0.060957 -0.379564 -0.924821 0.0252489 -0.379564 -0.924821 0.0252489 -0.379564 -0.924821 0.0252489 -0.379564 -0.924821 0.0252489 0.384132 -0.922933 -0.0252488 0.384132 -0.922933 -0.0252489 0.384132 -0.922933 -0.0252489 0.384132 -0.922933 -0.0252488 -0.997818 -0.00246645 0.0659792 -0.997329 -0.031396 0.0659516 -0.997818 -0.00246644 0.0659792 -0.997472 0.0264652 0.0659516 -0.997119 0.0375118 0.0659265 -0.997506 0.0251281 0.0659541 -0.997818 -0.00246642 0.0659792 -0.99737 -0.0300591 0.0659541 -0.996922 -0.0424407 0.0659265 -0.997506 0.0251337 0.0659541 -0.997818 -0.00246642 0.0659792 -0.997818 -0.00246641 0.0659792 -0.99737 -0.0300647 0.0659541 -0.996922 -0.042436 0.0659265 -0.997329 -0.031401 0.0659516 -0.997818 -0.00246642 0.0659792 -0.997472 0.0264702 0.0659516 -0.997119 0.0375071 0.0659265 </float_array>
          <technique_common>
            <accessor count="50" offset="0" source="#meshId17-tangents-array" stride="3">
              <param name="X" type="float" />
              <param name="Y" type="float" />
              <param name="Z" type="float" />
            </accessor>
          </technique_common>
        </source>
        <source id="meshId17-bitangents" name="meshId17-bitangents">
          <float_array id="meshId17-bitangents-array" count="150"> -0.0659794 -0.000162769 -0.997821 -0.065979 -0.000162927 -0.997821 -0.0659788 -0.000162989 -0.997821 -0.0659792 -0.000162827 -0.997821 -0.0659788 -0.000163144 -0.997821 -0.0659791 -0.000163293 -0.997821 -0.0659792 -0.000163348 -0.997821 -0.0659789 -0.000163199 -0.997821 -0.0659792 -0.000163347 -0.997821 -0.0659791 -0.000162985 -0.997821 -0.065979 -0.000162849 -0.997821 -0.0659792 -0.000163214 -0.997821 -0.0659793 -0.000162825 -0.997821 -0.0659791 -0.000163188 -0.997821 -0.065979 -0.00016332 -0.997821 -0.0659792 -0.000162959 -0.997821 -0.0659788 -0.000163004 -0.997821 -0.0659791 -0.000162853 -0.997821 -0.0659793 -0.000162795 -0.997821 -0.0659789 -0.000162946 -0.997821 -0.0659792 -0.000163348 -0.997821 -0.0659789 -0.000163198 -0.997821 -0.0659788 -0.000163142 -0.997821 -0.0659791 -0.000163293 -0.997821 -0.065979 -0.000162814 -0.997821 -0.065979 -0.000162816 -0.997821 -0.065979 -0.000162814 -0.997821 -0.065979 -0.000162816 -0.997821 -0.065979 -0.000163438 -0.997821 -0.065979 -0.000163408 -0.997821 -0.065979 -0.000163401 -0.997821 -0.065979 -0.000163427 -0.997821 -0.00247183 0.999997 8.94215e-08 -0.0313383 0.999507 0.00190891 -0.00247182 0.999997 8.90432e-08 0.0263968 0.99965 -0.00190873 0.0374193 0.999296 -0.00263752 0.0250626 0.999684 -0.00182052 -0.0024718 0.999997 8.75589e-08 -0.0300043 0.999548 0.0018207 -0.042359 0.999099 0.0026377 -0.0250682 -0.999684 0.00182089 0.0024718 -0.999997 -8.72824e-08 0.00247179 -0.999997 -8.71514e-08 0.0300099 -0.999548 -0.00182107 0.0423542 -0.999099 -0.00263738 0.0313433 -0.999507 -0.00190924 0.0024718 -0.999997 -8.72824e-08 -0.0264018 -0.99965 0.00190907 -0.0374146 -0.999296 0.00263721 </float_array>
          <technique_common>
            <accessor count="50" offset="0" source="#meshId17-bitangents-array" stride="3">
              <param name="X" type="float" />
              <param name="Y" type="float" />
              <param name="Z" type="float" />
            </accessor>
          </technique_common>
        </source>
        <source id="meshId17-tex0" name="meshId17-tex0">
          <float_array id="meshId17-tex0-array" count="100"> 0.312147 0.50424 0.306826 0.50424 0.306826 0.499666 0.312147 0.499666 0.306826 0.50424 0.301505 0.50424 0.301505 0.499666 0.306826 0.499666 0.301505 0.50424 0.296184 0.50424 0.296184 0.499666 0.301505 0.499666 0.296184 0.50424 0.290863 0.50424 0.290863 0.499666 0.296184 0.499666 0.290863 0.50424 0.285542 0.50424 0.285541 0.499666 0.290863 0.499666 0.285542 0.50424 0.280221 0.50424 0.280221 0.499666 0.285541 0.499666 0.280221 0.50424 0.2749 0.50424 0.2749 0.499666 0.280221 0.499666 0.2749 0.50424 0.269579 0.50424 0.269579 0.499666 0.2749 0.499666 0.378216 0.986476 0.367574 0.982068 0.378216 0.972027 0.388859 0.982068 0.393267 0.971425 0.388859 0.960783 0.378217 0.956374 0.367574 0.960783 0.363165 0.971425 0.277482 0.590673 0.289362 0.585751 0.289362 0.603226 0.301243 0.590673 0.306164 0.602554 0.301243 0.614435 0.289362 0.619356 0.277482 0.614435 0.27256 0.602554 </float_array>
          <technique_common>
            <accessor count="50" offset="0" source="#meshId17-tex0-array" stride="2">
              <param name="S" type="float" />
              <param name="T" type="float" />
            </accessor>
          </technique_common>
        </source>
        <vertices id="meshId17-vertices">
          <input semantic="POSITION" source="#meshId17-positions" />
          <input semantic="NORMAL" source="#meshId17-normals" />
          <input semantic="TANGENT" source="#meshId17-tangents" />
          <input semantic="BINORMAL" source="#meshId17-bitangents" />
          <input semantic="TEXCOORD" source="#meshId17-tex0"  />
        </vertices>
        <polylist count="32" material="defaultMaterial">
          <input offset="0" semantic="VERTEX" source="#meshId17-vertices" />
          <vcount>3 3 3 3 3 3 3 3 3 3 3 3 3 3 3 3 3 3 3 3 3 3 3 3 3 3 3 3 3 3 3 3 </vcount>
          <p>3 0 1 1 2 3 7 4 5 5 6 7 11 8 9 9 10 11 15 12 13 13 14 15 19 16 17 17 18 19 23 20 21 21 22 23 27 24 25 25 26 27 31 28 29 29 30 31 32 33 34 35 32 34 36 35 34 37 36 34 38 37 34 39 38 34 40 39 34 33 40 34 41 42 43 42 44 43 44 45 43 45 46 43 46 47 43 47 48 43 48 49 43 49 41 43 </p>
        </polylist>
      </mesh>
    </geometry>
    <geometry id="meshId18" name="meshId18_name" >
      <mesh>
        <source id="meshId18-positions" name="meshId18-positions">
          <float_array id="meshId18-positions-array" count="150"> -0.592751 0.644329 0.278407 -0.636622 0.665304 0.278407 -0.636622 0.665304 0.300176 -0.592751 0.644329 0.300176 -0.636622 0.665304 0.278407 -0.682474 0.649114 0.278407 -0.682474 0.649114 0.300176 -0.636622 0.665304 0.300176 -0.682474 0.649114 0.278407 -0.703448 0.605243 0.278407 -0.703448 0.605243 0.300176 -0.682474 0.649114 0.300176 -0.703448 0.605243 0.278407 -0.687258 0.559391 0.278407 -0.687258 0.559391 0.300176 -0.703448 0.605243 0.300176 -0.687258 0.559391 0.278407 -0.643388 0.538417 0.278407 -0.643388 0.538417 0.300176 -0.687258 0.559391 0.300176 -0.643388 0.538417 0.278407 -0.597536 0.554607 0.278407 -0.597536 0.554607 0.300176 -0.643388 0.538417 0.300176 -0.597536 0.554607 0.278407 -0.576561 0.598477 0.278407 -0.576561 0.598477 0.300176 -0.597536 0.554607 0.300176 -0.576561 0.598477 0.278407 -0.592751 0.644329 0.278407 -0.592751 0.644329 0.300176 -0.576561 0.598477 0.300176 -0.636622 0.665304 0.278407 -0.592751 0.644329 0.278407 -0.640005 0.60186 0.278407 -0.682474 0.649114 0.278407 -0.703448 0.605243 0.278407 -0.687258 0.559391 0.278407 -0.643388 0.538417 0.278407 -0.597536 0.554607 0.278407 -0.576561 0.598477 0.278407 -0.592751 0.644329 0.300176 -0.636622 0.665304 0.300176 -0.640005 0.60186 0.300176 -0.682474 0.649114 0.300176 -0.703448 0.605243 0.300176 -0.687258 0.559391 0.300176 -0.643388 0.538417 0.300176 -0.597536 0.554607 0.300176 -0.576561 0.598477 0.300176 </float_array>
          <technique_common>
            <accessor count="50" offset="0" source="#meshId18-positions-array" stride="3">
              <param name="X" type="float" />
              <param name="Y" type="float" />
              <param name="Z" type="float" />
            </accessor>
          </technique_common>
        </source>
        <source id="meshId18-normals" name="meshId18-normals">
          <float_array id="meshId18-normals-array" count="150"> 0.431333 0.902193 0 0.431333 0.902193 0 0.431333 0.902193 0 0.431333 0.902193 0 -0.332948 0.942945 -0 -0.332948 0.942945 -0 -0.332948 0.942945 -0 -0.332948 0.942945 -0 -0.902193 0.431333 -0 -0.902193 0.431333 -0 -0.902193 0.431333 -0 -0.902193 0.431333 -0 -0.942945 -0.332948 0 -0.942945 -0.332948 0 -0.942945 -0.332948 0 -0.942945 -0.332948 0 -0.431333 -0.902193 0 -0.431333 -0.902193 0 -0.431333 -0.902193 0 -0.431333 -0.902193 0 0.332948 -0.942945 0 0.332948 -0.942945 0 0.332948 -0.942945 0 0.332948 -0.942945 0 0.902193 -0.431333 0 0.902193 -0.431333 0 0.902193 -0.431333 0 0.902193 -0.431333 0 0.942945 0.332948 0 0.942945 0.332948 0 0.942945 0.332948 0 0.942945 0.332948 0 0 0 -1 0 0 -1 0 0 -1 0 0 -1 0 0 -1 0 0 -1 0 0 -1 0 0 -1 0 0 -1 0 0 1 0 0 1 0 0 1 0 0 1 0 0 1 0 0 1 0 0 1 0 0 1 0 0 1 </float_array>
          <technique_common>
            <accessor count="50" offset="0" source="#meshId18-normals-array" stride="3">
              <param name="X" type="float" />
              <param name="Y" type="float" />
              <param name="Z" type="float" />
            </accessor>
          </technique_common>
        </source>
        <source id="meshId18-tangents" name="meshId18-tangents">
          <float_array id="meshId18-tangents-array" count="150"> 0.902193 -0.431333 0 0.902193 -0.431333 0 0.902193 -0.431333 0 0.902193 -0.431333 0 0.942945 0.332948 0 0.942945 0.332948 0 0.942945 0.332948 0 0.942945 0.332948 0 0.431333 0.902193 0 0.431333 0.902193 0 0.431333 0.902193 0 0.431333 0.902193 0 -0.332948 0.942945 0 -0.332948 0.942945 0 -0.332948 0.942945 0 -0.332948 0.942945 0 -0.902193 0.431333 0 -0.902193 0.431333 0 -0.902193 0.431333 0 -0.902193 0.431333 0 -0.942945 -0.332948 0 -0.942945 -0.332948 0 -0.942945 -0.332948 0 -0.942945 -0.332948 0 -0.431333 -0.902193 0 -0.431333 -0.902193 0 -0.431333 -0.902193 0 -0.431333 -0.902193 0 0.332948 -0.942945 0 0.332948 -0.942945 0 0.332948 -0.942945 0 0.332948 -0.942945 0 -0.998581 0.0532454 0 -0.999704 0.0243122 0 -0.998582 0.0532358 0 -0.996621 0.0821337 0 -0.995656 0.0931063 0 -0.996732 0.080784 0 -0.998584 0.0532057 0 -0.999672 0.0256279 0 -0.999912 0.0133007 0 -0.996732 0.0807759 0 -0.998581 0.0532454 0 -0.998582 0.0532453 0 -0.99967 0.0256742 0 -0.999912 0.0132843 0 -0.999705 0.0242958 0 -0.998581 0.0532454 0 -0.99662 0.0821502 0 -0.995655 0.093121 0 </float_array>
          <technique_common>
            <accessor count="50" offset="0" source="#meshId18-tangents-array" stride="3">
              <param name="X" type="float" />
              <param name="Y" type="float" />
              <param name="Z" type="float" />
            </accessor>
          </technique_common>
        </source>
        <source id="meshId18-bitangents" name="meshId18-bitangents">
          <float_array id="meshId18-bitangents-array" count="150"> 0 0 -1 0 0 -1 0 0 -1 0 0 -1 0 0 -1 0 0 -1 0 0 -1 0 0 -1 0 0 -1 0 0 -1 0 0 -1 0 0 -1 -0 0 -1 -0 0 -1 -0 0 -1 -0 0 -1 -0 0 -1 -0 0 -1 -0 0 -1 -0 0 -1 0 -0 -1 0 -0 -1 0 -0 -1 0 -0 -1 0 -0 -1 0 -0 -1 0 -0 -1 0 -0 -1 0 0 -1 0 0 -1 0 0 -1 0 0 -1 0.0532454 0.998581 0 0.0243122 0.999704 0 0.0532358 0.998582 0 0.0821337 0.996621 0 0.0931063 0.995656 0 0.080784 0.996732 0 0.0532057 0.998584 0 0.0256279 0.999672 0 0.0133007 0.999912 0 -0.0807759 -0.996732 0 -0.0532454 -0.998581 0 -0.0532453 -0.998582 0 -0.0256742 -0.99967 0 -0.0132843 -0.999912 0 -0.0242958 -0.999705 0 -0.0532454 -0.998581 0 -0.0821502 -0.99662 0 -0.093121 -0.995655 0 </float_array>
          <technique_common>
            <accessor count="50" offset="0" source="#meshId18-bitangents-array" stride="3">
              <param name="X" type="float" />
              <param name="Y" type="float" />
              <param name="Z" type="float" />
            </accessor>
          </technique_common>
        </source>
        <source id="meshId18-tex0" name="meshId18-tex0">
          <float_array id="meshId18-tex0-array" count="100"> 0.312147 0.50424 0.306826 0.50424 0.306826 0.499666 0.312147 0.499666 0.306826 0.50424 0.301505 0.50424 0.301505 0.499666 0.306826 0.499666 0.301505 0.50424 0.296184 0.50424 0.296184 0.499666 0.301505 0.499666 0.296184 0.50424 0.290863 0.50424 0.290863 0.499666 0.296184 0.499666 0.290863 0.50424 0.285542 0.50424 0.285541 0.499666 0.290863 0.499666 0.285542 0.50424 0.280221 0.50424 0.280221 0.499666 0.285541 0.499666 0.280221 0.50424 0.2749 0.50424 0.2749 0.499666 0.280221 0.499666 0.2749 0.50424 0.269579 0.50424 0.269579 0.499666 0.2749 0.499666 0.259579 0.997654 0.247304 0.992569 0.259579 0.980988 0.271855 0.992569 0.276939 0.980294 0.271855 0.968019 0.259579 0.962934 0.247304 0.968018 0.242219 0.980294 0.294856 0.36898 0.306736 0.364058 0.306736 0.381532 0.318617 0.36898 0.323538 0.38086 0.318617 0.392741 0.306736 0.397663 0.294856 0.392741 0.289934 0.38086 </float_array>
          <technique_common>
            <accessor count="50" offset="0" source="#meshId18-tex0-array" stride="2">
              <param name="S" type="float" />
              <param name="T" type="float" />
            </accessor>
          </technique_common>
        </source>
        <vertices id="meshId18-vertices">
          <input semantic="POSITION" source="#meshId18-positions" />
          <input semantic="NORMAL" source="#meshId18-normals" />
          <input semantic="TANGENT" source="#meshId18-tangents" />
          <input semantic="BINORMAL" source="#meshId18-bitangents" />
          <input semantic="TEXCOORD" source="#meshId18-tex0"  />
        </vertices>
        <polylist count="32" material="defaultMaterial">
          <input offset="0" semantic="VERTEX" source="#meshId18-vertices" />
          <vcount>3 3 3 3 3 3 3 3 3 3 3 3 3 3 3 3 3 3 3 3 3 3 3 3 3 3 3 3 3 3 3 3 </vcount>
          <p>3 0 1 1 2 3 7 4 5 5 6 7 11 8 9 9 10 11 15 12 13 13 14 15 19 16 17 17 18 19 23 20 21 21 22 23 27 24 25 25 26 27 31 28 29 29 30 31 32 33 34 35 32 34 36 35 34 37 36 34 38 37 34 39 38 34 40 39 34 33 40 34 41 42 43 42 44 43 44 45 43 45 46 43 46 47 43 47 48 43 48 49 43 49 41 43 </p>
        </polylist>
      </mesh>
    </geometry>
    <geometry id="meshId19" name="meshId19_name" >
      <mesh>
        <source id="meshId19-positions" name="meshId19-positions">
          <float_array id="meshId19-positions-array" count="150"> -0.442238 0.618331 0.237188 -0.471147 0.657431 0.237188 -0.471147 0.657431 0.258956 -0.442238 0.618331 0.258956 -0.471147 0.657431 0.237188 -0.519237 0.664637 0.237188 -0.519237 0.664637 0.258956 -0.471147 0.657431 0.258956 -0.519237 0.664637 0.237188 -0.558337 0.635728 0.237188 -0.558337 0.635728 0.258956 -0.519237 0.664637 0.258956 -0.558337 0.635728 0.237188 -0.565543 0.587639 0.237188 -0.565543 0.587639 0.258956 -0.558337 0.635728 0.258956 -0.565543 0.587639 0.237188 -0.536634 0.548539 0.237188 -0.536634 0.548539 0.258956 -0.565543 0.587639 0.258956 -0.536634 0.548539 0.237188 -0.488544 0.541333 0.237188 -0.488544 0.541333 0.258956 -0.536634 0.548539 0.258956 -0.488544 0.541333 0.237188 -0.449444 0.570241 0.237188 -0.449444 0.570241 0.258956 -0.488544 0.541333 0.258956 -0.449444 0.570241 0.237188 -0.442238 0.618331 0.237188 -0.442238 0.618331 0.258956 -0.449444 0.570241 0.258956 -0.471147 0.657431 0.237188 -0.442238 0.618331 0.237188 -0.50389 0.602985 0.237188 -0.519237 0.664637 0.237188 -0.558337 0.635728 0.237188 -0.565543 0.587639 0.237188 -0.536634 0.548539 0.237188 -0.488544 0.541333 0.237188 -0.449444 0.570241 0.237188 -0.442238 0.618331 0.258956 -0.471147 0.657431 0.258956 -0.50389 0.602985 0.258956 -0.519237 0.664637 0.258956 -0.558337 0.635728 0.258956 -0.565543 0.587639 0.258956 -0.536634 0.548539 0.258956 -0.488544 0.541333 0.258956 -0.449444 0.570241 0.258956 </float_array>
          <technique_common>
            <accessor count="50" offset="0" source="#meshId19-positions-array" stride="3">
              <param name="X" type="float" />
              <param name="Y" type="float" />
              <param name="Z" type="float" />
            </accessor>
          </technique_common>
        </source>
        <source id="meshId19-normals" name="meshId19-normals">
          <float_array id="meshId19-normals-array" count="150"> 0.804089 0.594509 0 0.804089 0.594509 0 0.804089 0.594509 0 0.804089 0.594509 0 0.148196 0.988958 0 0.148196 0.988958 0 0.148196 0.988958 0 0.148196 0.988958 0 -0.594509 0.804089 -0 -0.594509 0.804089 -0 -0.594509 0.804089 -0 -0.594509 0.804089 -0 -0.988958 0.148196 0 -0.988958 0.148196 0 -0.988958 0.148196 0 -0.988958 0.148196 0 -0.804089 -0.594509 0 -0.804089 -0.594509 0 -0.804089 -0.594509 0 -0.804089 -0.594509 0 -0.148196 -0.988958 0 -0.148196 -0.988958 0 -0.148196 -0.988958 0 -0.148196 -0.988958 0 0.594509 -0.804089 0 0.594509 -0.804089 0 0.594509 -0.804089 0 0.594509 -0.804089 0 0.988958 -0.148196 0 0.988958 -0.148196 0 0.988958 -0.148196 0 0.988958 -0.148196 0 0 0 -1 0 0 -1 0 0 -1 0 0 -1 0 0 -1 0 0 -1 0 0 -1 0 0 -1 0 0 -1 0 0 1 0 0 1 0 0 1 0 0 1 0 0 1 0 0 1 0 0 1 0 0 1 0 0 1 </float_array>
          <technique_common>
            <accessor count="50" offset="0" source="#meshId19-normals-array" stride="3">
              <param name="X" type="float" />
              <param name="Y" type="float" />
              <param name="Z" type="float" />
            </accessor>
          </technique_common>
        </source>
        <source id="meshId19-tangents" name="meshId19-tangents">
          <float_array id="meshId19-tangents-array" count="150"> 0.594509 -0.804089 0 0.594509 -0.804089 0 0.594509 -0.804089 0 0.594509 -0.804089 0 0.988958 -0.148196 0 0.988958 -0.148196 0 0.988958 -0.148196 0 0.988958 -0.148196 0 0.804089 0.594509 0 0.804089 0.594509 0 0.804089 0.594509 0 0.804089 0.594509 0 0.148196 0.988958 0 0.148196 0.988958 0 0.148196 0.988958 0 0.148196 0.988958 0 -0.594509 0.804089 0 -0.594509 0.804089 0 -0.594509 0.804089 0 -0.594509 0.804089 0 -0.988958 0.148196 0 -0.988958 0.148196 0 -0.988958 0.148196 0 -0.988958 0.148196 0 -0.804089 -0.594509 0 -0.804089 -0.594509 0 -0.804089 -0.594509 0 -0.804089 -0.594509 0 -0.148196 -0.988958 0 -0.148196 -0.988958 0 -0.148196 -0.988958 0 -0.148196 -0.988958 0 -0.856966 0.515373 0 -0.87153 0.490342 0 -0.856966 0.515373 0 -0.841684 0.539971 0 -0.835666 0.549238 0 -0.842395 0.53886 0 -0.856966 0.515373 0 -0.870882 0.491492 0 -0.876895 0.480683 0 -0.842398 0.538856 0 -0.856966 0.515373 0 -0.856966 0.515373 0 -0.87088 0.491496 0 -0.876884 0.480702 0 -0.871523 0.490355 0 -0.856966 0.515373 0 -0.841692 0.539958 0 -0.835678 0.54922 0 </float_array>
          <technique_common>
            <accessor count="50" offset="0" source="#meshId19-tangents-array" stride="3">
              <param name="X" type="float" />
              <param name="Y" type="float" />
              <param name="Z" type="float" />
            </accessor>
          </technique_common>
        </source>
        <source id="meshId19-bitangents" name="meshId19-bitangents">
          <float_array id="meshId19-bitangents-array" count="150"> 0 0 -1 0 0 -1 0 0 -1 0 0 -1 0 0 -1 0 0 -1 0 0 -1 0 0 -1 0 0 -1 0 0 -1 0 0 -1 0 0 -1 0 0 -1 0 0 -1 0 0 -1 0 0 -1 -0 0 -1 -0 0 -1 -0 0 -1 -0 0 -1 -0 0 -1 -0 0 -1 -0 0 -1 -0 0 -1 0 -0 -1 0 -0 -1 0 -0 -1 0 -0 -1 0 -0 -1 0 -0 -1 0 -0 -1 0 -0 -1 0.515373 0.856966 0 0.490342 0.87153 0 0.515373 0.856966 0 0.539971 0.841684 0 0.549238 0.835666 0 0.53886 0.842395 0 0.515373 0.856966 0 0.491492 0.870882 0 0.480683 0.876895 0 -0.538856 -0.842398 0 -0.515373 -0.856966 0 -0.515373 -0.856966 0 -0.491496 -0.87088 0 -0.480702 -0.876884 0 -0.490355 -0.871523 0 -0.515373 -0.856966 0 -0.539958 -0.841692 0 -0.54922 -0.835678 0 </float_array>
          <technique_common>
            <accessor count="50" offset="0" source="#meshId19-bitangents-array" stride="3">
              <param name="X" type="float" />
              <param name="Y" type="float" />
              <param name="Z" type="float" />
            </accessor>
          </technique_common>
        </source>
        <source id="meshId19-tex0" name="meshId19-tex0">
          <float_array id="meshId19-tex0-array" count="100"> 0.312147 0.50424 0.306826 0.50424 0.306826 0.499666 0.312147 0.499666 0.306826 0.50424 0.301505 0.50424 0.301505 0.499666 0.306826 0.499666 0.301505 0.50424 0.296184 0.50424 0.296184 0.499666 0.301505 0.499666 0.296184 0.50424 0.290863 0.50424 0.290863 0.499666 0.296184 0.499666 0.290863 0.50424 0.285542 0.50424 0.285541 0.499666 0.290863 0.499666 0.285542 0.50424 0.280221 0.50424 0.280221 0.499666 0.285541 0.499666 0.280221 0.50424 0.2749 0.50424 0.2749 0.499666 0.280221 0.499666 0.2749 0.50424 0.269579 0.50424 0.269579 0.499666 0.2749 0.499666 0.116319 0.995682 0.104888 0.990947 0.116319 0.980162 0.127751 0.990947 0.132486 0.979515 0.127751 0.968084 0.11632 0.963349 0.104888 0.968084 0.100153 0.979515 0.782965 0.808814 0.794846 0.803893 0.794846 0.821367 0.806727 0.808814 0.811648 0.820695 0.806727 0.832576 0.794846 0.837497 0.782965 0.832576 0.778044 0.820695 </float_array>
          <technique_common>
            <accessor count="50" offset="0" source="#meshId19-tex0-array" stride="2">
              <param name="S" type="float" />
              <param name="T" type="float" />
            </accessor>
          </technique_common>
        </source>
        <vertices id="meshId19-vertices">
          <input semantic="POSITION" source="#meshId19-positions" />
          <input semantic="NORMAL" source="#meshId19-normals" />
          <input semantic="TANGENT" source="#meshId19-tangents" />
          <input semantic="BINORMAL" source="#meshId19-bitangents" />
          <input semantic="TEXCOORD" source="#meshId19-tex0"  />
        </vertices>
        <polylist count="32" material="defaultMaterial">
          <input offset="0" semantic="VERTEX" source="#meshId19-vertices" />
          <vcount>3 3 3 3 3 3 3 3 3 3 3 3 3 3 3 3 3 3 3 3 3 3 3 3 3 3 3 3 3 3 3 3 </vcount>
          <p>3 0 1 1 2 3 7 4 5 5 6 7 11 8 9 9 10 11 15 12 13 13 14 15 19 16 17 17 18 19 23 20 21 21 22 23 27 24 25 25 26 27 31 28 29 29 30 31 32 33 34 35 32 34 36 35 34 37 36 34 38 37 34 39 38 34 40 39 34 33 40 34 41 42 43 42 44 43 44 45 43 45 46 43 46 47 43 47 48 43 48 49 43 49 41 43 </p>
        </polylist>
      </mesh>
    </geometry>
    <geometry id="meshId20" name="meshId20_name" >
      <mesh>
        <source id="meshId20-positions" name="meshId20-positions">
          <float_array id="meshId20-positions-array" count="150"> -0.601932 0.654428 0.238537 -0.649572 0.664173 0.238537 -0.649572 0.664173 0.260305 -0.601932 0.654428 0.260305 -0.649572 0.664173 0.238537 -0.69015 0.637378 0.238537 -0.69015 0.637378 0.260305 -0.649572 0.664173 0.260305 -0.69015 0.637378 0.238537 -0.699895 0.589738 0.238537 -0.699895 0.589738 0.260305 -0.69015 0.637378 0.260305 -0.699895 0.589738 0.238537 -0.6731 0.54916 0.238537 -0.6731 0.54916 0.260305 -0.699895 0.589738 0.260305 -0.6731 0.54916 0.238537 -0.62546 0.539415 0.238537 -0.62546 0.539415 0.260305 -0.6731 0.54916 0.260305 -0.62546 0.539415 0.238537 -0.584882 0.56621 0.238537 -0.584882 0.56621 0.260305 -0.62546 0.539415 0.260305 -0.584882 0.56621 0.238537 -0.575137 0.61385 0.238537 -0.575137 0.61385 0.260305 -0.584882 0.56621 0.260305 -0.575137 0.61385 0.238537 -0.601932 0.654428 0.238537 -0.601932 0.654428 0.260305 -0.575137 0.61385 0.260305 -0.649572 0.664173 0.238537 -0.601932 0.654428 0.238537 -0.637516 0.601794 0.238537 -0.69015 0.637378 0.238537 -0.699895 0.589738 0.238537 -0.6731 0.54916 0.238537 -0.62546 0.539415 0.238537 -0.584882 0.56621 0.238537 -0.575137 0.61385 0.238537 -0.601932 0.654428 0.260305 -0.649572 0.664173 0.260305 -0.637516 0.601794 0.260305 -0.69015 0.637378 0.260305 -0.699895 0.589738 0.260305 -0.6731 0.54916 0.260305 -0.62546 0.539415 0.260305 -0.584882 0.56621 0.260305 -0.575137 0.61385 0.260305 </float_array>
          <technique_common>
            <accessor count="50" offset="0" source="#meshId20-positions-array" stride="3">
              <param name="X" type="float" />
              <param name="Y" type="float" />
              <param name="Z" type="float" />
            </accessor>
          </technique_common>
        </source>
        <source id="meshId20-normals" name="meshId20-normals">
          <float_array id="meshId20-normals-array" count="150"> 0.200414 0.979711 0 0.200414 0.979711 0 0.200414 0.979711 0 0.200414 0.979711 0 -0.551046 0.834475 -0 -0.551046 0.834475 -0 -0.551046 0.834475 -0 -0.551046 0.834475 -0 -0.979711 0.200414 -0 -0.979711 0.200414 -0 -0.979711 0.200414 -0 -0.979711 0.200414 -0 -0.834475 -0.551046 0 -0.834475 -0.551046 0 -0.834475 -0.551046 0 -0.834475 -0.551046 0 -0.200415 -0.979711 0 -0.200415 -0.979711 0 -0.200415 -0.979711 0 -0.200415 -0.979711 0 0.551046 -0.834475 0 0.551046 -0.834475 0 0.551046 -0.834475 0 0.551046 -0.834475 0 0.979711 -0.200414 0 0.979711 -0.200414 0 0.979711 -0.200414 0 0.979711 -0.200414 0 0.834475 0.551046 0 0.834475 0.551046 0 0.834475 0.551046 0 0.834475 0.551046 0 0 0 -1 0 0 -1 0 0 -1 0 0 -1 0 0 -1 0 0 -1 0 0 -1 0 0 -1 0 0 -1 0 0 1 0 0 1 0 0 1 0 0 1 0 0 1 0 0 1 0 0 1 0 0 1 0 0 1 </float_array>
          <technique_common>
            <accessor count="50" offset="0" source="#meshId20-normals-array" stride="3">
              <param name="X" type="float" />
              <param name="Y" type="float" />
              <param name="Z" type="float" />
            </accessor>
          </technique_common>
        </source>
        <source id="meshId20-tangents" name="meshId20-tangents">
          <float_array id="meshId20-tangents-array" count="150"> 0.979711 -0.200414 0 0.979711 -0.200414 0 0.979711 -0.200414 0 0.979711 -0.200414 0 0.834475 0.551046 0 0.834475 0.551046 0 0.834475 0.551046 0 0.834475 0.551046 0 0.200414 0.979711 0 0.200414 0.979711 0 0.200414 0.979711 0 0.200414 0.979711 0 -0.551046 0.834475 0 -0.551046 0.834475 0 -0.551046 0.834475 0 -0.551046 0.834475 0 -0.979711 0.200415 0 -0.979711 0.200415 0 -0.979711 0.200415 0 -0.979711 0.200415 0 -0.834475 -0.551046 0 -0.834475 -0.551046 0 -0.834475 -0.551046 0 -0.834475 -0.551046 0 -0.200414 -0.979711 0 -0.200414 -0.979711 0 -0.200414 -0.979711 0 -0.200414 -0.979711 0 0.551046 -0.834475 0 0.551046 -0.834475 0 0.551046 -0.834475 0 0.551046 -0.834475 0 -0.98183 -0.189761 0 -0.970091 -0.242741 0 -0.979136 -0.203207 0 -0.986914 -0.161248 0 -0.988635 -0.150334 0 -0.9867 -0.162553 0 -0.98183 -0.189761 0 -0.969365 -0.245624 0 -0.959424 -0.281967 0 -0.986696 -0.162574 0 -0.98183 -0.189761 0 -0.981825 -0.189787 0 -0.976209 -0.216832 0 -0.97345 -0.2289 0 -0.975911 -0.218171 0 -0.981822 -0.189806 0 -0.986911 -0.161266 0 -0.988629 -0.150377 0 </float_array>
          <technique_common>
            <accessor count="50" offset="0" source="#meshId20-tangents-array" stride="3">
              <param name="X" type="float" />
              <param name="Y" type="float" />
              <param name="Z" type="float" />
            </accessor>
          </technique_common>
        </source>
        <source id="meshId20-bitangents" name="meshId20-bitangents">
          <float_array id="meshId20-bitangents-array" count="150"> 0 0 -1 0 0 -1 0 0 -1 0 0 -1 0 0 -1 0 0 -1 0 0 -1 0 0 -1 0 0 -1 0 0 -1 0 0 -1 0 0 -1 -0 0 -1 -0 0 -1 -0 0 -1 -0 0 -1 -0 0 -1 -0 0 -1 -0 0 -1 -0 0 -1 0 -0 -1 0 -0 -1 0 -0 -1 0 -0 -1 0 -0 -1 0 -0 -1 0 -0 -1 0 -0 -1 0 0 -1 0 0 -1 0 0 -1 0 0 -1 -0.189761 0.98183 0 -0.242741 0.970091 0 -0.203207 0.979136 0 -0.161248 0.986914 0 -0.150334 0.988635 0 -0.162553 0.9867 0 -0.189761 0.98183 0 -0.245624 0.969365 0 -0.281967 0.959424 0 0.162574 -0.986696 0 0.189761 -0.98183 0 0.189787 -0.981825 0 0.216832 -0.976209 0 0.2289 -0.97345 0 0.218171 -0.975911 0 0.189806 -0.981822 0 0.161266 -0.986911 0 0.150377 -0.988629 0 </float_array>
          <technique_common>
            <accessor count="50" offset="0" source="#meshId20-bitangents-array" stride="3">
              <param name="X" type="float" />
              <param name="Y" type="float" />
              <param name="Z" type="float" />
            </accessor>
          </technique_common>
        </source>
        <source id="meshId20-tex0" name="meshId20-tex0">
          <float_array id="meshId20-tex0-array" count="100"> 0.312147 0.50424 0.306826 0.50424 0.306826 0.499666 0.312147 0.499666 0.306826 0.50424 0.301505 0.50424 0.301505 0.499666 0.306826 0.499666 0.301505 0.50424 0.296184 0.50424 0.296184 0.499666 0.301505 0.499666 0.296184 0.50424 0.290863 0.50424 0.290863 0.499666 0.296184 0.499666 0.290863 0.50424 0.285542 0.50424 0.285541 0.499666 0.290863 0.499666 0.285542 0.50424 0.280221 0.50424 0.280221 0.499666 0.285541 0.499666 0.280221 0.50424 0.2749 0.50424 0.2749 0.499666 0.280221 0.499666 0.2749 0.50424 0.269579 0.50424 0.269579 0.499666 0.2749 0.499666 0.224427 0.996851 0.212996 0.992116 0.224427 0.981331 0.235859 0.992116 0.240594 0.980684 0.235859 0.969253 0.224428 0.964518 0.212996 0.969253 0.205591 0.979794 0.970978 0.704019 0.982421 0.699279 0.982421 0.71611 0.993864 0.704019 0.998604 0.715462 0.993864 0.726905 0.982421 0.731646 0.970978 0.726906 0.966238 0.715463 </float_array>
          <technique_common>
            <accessor count="50" offset="0" source="#meshId20-tex0-array" stride="2">
              <param name="S" type="float" />
              <param name="T" type="float" />
            </accessor>
          </technique_common>
        </source>
        <vertices id="meshId20-vertices">
          <input semantic="POSITION" source="#meshId20-positions" />
          <input semantic="NORMAL" source="#meshId20-normals" />
          <input semantic="TANGENT" source="#meshId20-tangents" />
          <input semantic="BINORMAL" source="#meshId20-bitangents" />
          <input semantic="TEXCOORD" source="#meshId20-tex0"  />
        </vertices>
        <polylist count="32" material="defaultMaterial">
          <input offset="0" semantic="VERTEX" source="#meshId20-vertices" />
          <vcount>3 3 3 3 3 3 3 3 3 3 3 3 3 3 3 3 3 3 3 3 3 3 3 3 3 3 3 3 3 3 3 3 </vcount>
          <p>3 0 1 1 2 3 7 4 5 5 6 7 11 8 9 9 10 11 15 12 13 13 14 15 19 16 17 17 18 19 23 20 21 21 22 23 27 24 25 25 26 27 31 28 29 29 30 31 32 33 34 35 32 34 36 35 34 37 36 34 38 37 34 39 38 34 40 39 34 33 40 34 41 42 43 42 44 43 44 45 43 45 46 43 46 47 43 47 48 43 48 49 43 49 41 43 </p>
        </polylist>
      </mesh>
    </geometry>
    <geometry id="meshId21" name="meshId21_name" >
      <mesh>
        <source id="meshId21-positions" name="meshId21-positions">
          <float_array id="meshId21-positions-array" count="150"> -0.321383 0.648361 0.277123 -0.366354 0.666859 0.277123 -0.366354 0.666859 0.298891 -0.321383 0.648361 0.298891 -0.366354 0.666859 0.277123 -0.411233 0.648139 0.277123 -0.411233 0.648139 0.298891 -0.366354 0.666859 0.298891 -0.411233 0.648139 0.277123 -0.42973 0.603168 0.277123 -0.42973 0.603168 0.298891 -0.411233 0.648139 0.298891 -0.42973 0.603168 0.277123 -0.411011 0.558289 0.277123 -0.411011 0.558289 0.298891 -0.42973 0.603168 0.298891 -0.411011 0.558289 0.277123 -0.36604 0.539792 0.277123 -0.36604 0.539792 0.298891 -0.411011 0.558289 0.298891 -0.36604 0.539792 0.277123 -0.321161 0.558511 0.277123 -0.321161 0.558511 0.298891 -0.36604 0.539792 0.298891 -0.321161 0.558511 0.277123 -0.302663 0.603482 0.277123 -0.302663 0.603482 0.298891 -0.321161 0.558511 0.298891 -0.302663 0.603482 0.277123 -0.321383 0.648361 0.277123 -0.321383 0.648361 0.298891 -0.302663 0.603482 0.298891 -0.366354 0.666859 0.277123 -0.321383 0.648361 0.277123 -0.366197 0.603325 0.277123 -0.411233 0.648139 0.277123 -0.42973 0.603168 0.277123 -0.411011 0.558289 0.277123 -0.36604 0.539792 0.277123 -0.321161 0.558511 0.277123 -0.302663 0.603482 0.277123 -0.321383 0.648361 0.298891 -0.366354 0.666859 0.298891 -0.366197 0.603325 0.298891 -0.411233 0.648139 0.298891 -0.42973 0.603168 0.298891 -0.411011 0.558289 0.298891 -0.36604 0.539792 0.298891 -0.321161 0.558511 0.298891 -0.302663 0.603482 0.298891 </float_array>
          <technique_common>
            <accessor count="50" offset="0" source="#meshId21-positions-array" stride="3">
              <param name="X" type="float" />
              <param name="Y" type="float" />
              <param name="Z" type="float" />
            </accessor>
          </technique_common>
        </source>
        <source id="meshId21-normals" name="meshId21-normals">
          <float_array id="meshId21-normals-array" count="150"> 0.380399 0.924823 0 0.380399 0.924823 0 0.380399 0.924823 0 0.380399 0.924823 0 -0.384966 0.922931 -0 -0.384966 0.922931 -0 -0.384966 0.922931 -0 -0.384966 0.922931 -0 -0.924823 0.380399 -0 -0.924823 0.380399 -0 -0.924823 0.380399 -0 -0.924823 0.380399 -0 -0.922931 -0.384966 0 -0.922931 -0.384966 0 -0.922931 -0.384966 0 -0.922931 -0.384966 0 -0.380399 -0.924823 0 -0.380399 -0.924823 0 -0.380399 -0.924823 0 -0.380399 -0.924823 0 0.384966 -0.922931 0 0.384966 -0.922931 0 0.384966 -0.922931 0 0.384966 -0.922931 0 0.924823 -0.380399 0 0.924823 -0.380399 0 0.924823 -0.380399 0 0.924823 -0.380399 0 0.922931 0.384966 0 0.922931 0.384966 0 0.922931 0.384966 0 0.922931 0.384966 0 0 0 -1 0 0 -1 0 0 -1 0 0 -1 0 0 -1 0 0 -1 0 0 -1 0 0 -1 0 0 -1 0 0 1 0 0 1 0 0 1 0 0 1 0 0 1 0 0 1 0 0 1 0 0 1 0 0 1 </float_array>
          <technique_common>
            <accessor count="50" offset="0" source="#meshId21-normals-array" stride="3">
              <param name="X" type="float" />
              <param name="Y" type="float" />
              <param name="Z" type="float" />
            </accessor>
          </technique_common>
        </source>
        <source id="meshId21-tangents" name="meshId21-tangents">
          <float_array id="meshId21-tangents-array" count="150"> 0.924823 -0.380399 0 0.924823 -0.380399 0 0.924823 -0.380399 0 0.924823 -0.380399 0 0.922931 0.384966 0 0.922931 0.384966 0 0.922931 0.384966 0 0.922931 0.384966 0 0.380399 0.924823 0 0.380399 0.924823 0 0.380399 0.924823 0 0.380399 0.924823 0 -0.384966 0.922931 0 -0.384966 0.922931 0 -0.384966 0.922931 0 -0.384966 0.922931 0 -0.924823 0.380399 0 -0.924823 0.380399 0 -0.924823 0.380399 0 -0.924823 0.380399 0 -0.922931 -0.384966 0 -0.922931 -0.384966 0 -0.922931 -0.384966 0 -0.922931 -0.384966 0 -0.380399 -0.924823 0 -0.380399 -0.924823 0 -0.380399 -0.924823 0 -0.380399 -0.924823 0 0.384966 -0.922931 0 0.384966 -0.922931 0 0.384966 -0.922931 0 0.384966 -0.922931 0 -0.999997 -0.00247175 0 -0.999505 -0.031472 0 -0.999997 -0.00247234 0 -0.999648 0.0265294 0 -0.999296 0.0375255 0 -0.999683 0.025174 0 -0.999997 -0.00247175 0 -0.999546 -0.0301169 0 -0.999098 -0.0424675 0 -0.999683 0.0251609 0 -0.999997 -0.00247174 0 -0.999997 -0.00247238 0 -0.999547 -0.0301038 0 -0.999099 -0.042447 0 -0.999507 -0.0314118 0 -0.999997 -0.00247175 0 -0.99965 0.0264691 0 -0.999296 0.0375049 0 </float_array>
          <technique_common>
            <accessor count="50" offset="0" source="#meshId21-tangents-array" stride="3">
              <param name="X" type="float" />
              <param name="Y" type="float" />
              <param name="Z" type="float" />
            </accessor>
          </technique_common>
        </source>
        <source id="meshId21-bitangents" name="meshId21-bitangents">
          <float_array id="meshId21-bitangents-array" count="150"> 0 0 -1 0 0 -1 0 0 -1 0 0 -1 0 0 -1 0 0 -1 0 0 -1 0 0 -1 0 0 -1 0 0 -1 0 0 -1 0 0 -1 -0 0 -1 -0 0 -1 -0 0 -1 -0 0 -1 -0 0 -1 -0 0 -1 -0 0 -1 -0 0 -1 0 -0 -1 0 -0 -1 0 -0 -1 0 -0 -1 0 -0 -1 0 -0 -1 0 -0 -1 0 -0 -1 0 0 -1 0 0 -1 0 0 -1 0 0 -1 -0.00247175 0.999997 0 -0.031472 0.999505 0 -0.00247234 0.999997 0 0.0265294 0.999648 0 0.0375255 0.999296 0 0.025174 0.999683 0 -0.00247175 0.999997 0 -0.0301169 0.999546 0 -0.0424675 0.999098 0 -0.0251609 -0.999683 0 0.00247174 -0.999997 0 0.00247238 -0.999997 0 0.0301038 -0.999547 0 0.042447 -0.999099 0 0.0314118 -0.999507 0 0.00247175 -0.999997 0 -0.0264691 -0.99965 0 -0.0375049 -0.999296 0 </float_array>
          <technique_common>
            <accessor count="50" offset="0" source="#meshId21-bitangents-array" stride="3">
              <param name="X" type="float" />
              <param name="Y" type="float" />
              <param name="Z" type="float" />
            </accessor>
          </technique_common>
        </source>
        <source id="meshId21-tex0" name="meshId21-tex0">
          <float_array id="meshId21-tex0-array" count="100"> 0.312147 0.50424 0.306826 0.50424 0.306826 0.499666 0.312147 0.499666 0.306826 0.50424 0.301505 0.50424 0.301505 0.499666 0.306826 0.499666 0.301505 0.50424 0.296184 0.50424 0.296184 0.499666 0.301505 0.499666 0.296184 0.50424 0.290863 0.50424 0.290863 0.499666 0.296184 0.499666 0.290863 0.50424 0.285542 0.50424 0.285541 0.499666 0.290863 0.499666 0.285542 0.50424 0.280221 0.50424 0.280221 0.499666 0.285541 0.499666 0.280221 0.50424 0.2749 0.50424 0.2749 0.499666 0.280221 0.499666 0.2749 0.50424 0.269579 0.50424 0.269579 0.499666 0.2749 0.499666 0.330992 0.996401 0.319561 0.991665 0.330992 0.980881 0.342424 0.991665 0.347159 0.980234 0.342424 0.968802 0.330993 0.964067 0.319561 0.968802 0.314826 0.980234 0.73114 0.918319 0.743021 0.913398 0.743021 0.930872 0.754902 0.918319 0.759823 0.9302 0.754902 0.942081 0.743021 0.947002 0.73114 0.942081 0.726219 0.9302 </float_array>
          <technique_common>
            <accessor count="50" offset="0" source="#meshId21-tex0-array" stride="2">
              <param name="S" type="float" />
              <param name="T" type="float" />
            </accessor>
          </technique_common>
        </source>
        <vertices id="meshId21-vertices">
          <input semantic="POSITION" source="#meshId21-positions" />
          <input semantic="NORMAL" source="#meshId21-normals" />
          <input semantic="TANGENT" source="#meshId21-tangents" />
          <input semantic="BINORMAL" source="#meshId21-bitangents" />
          <input semantic="TEXCOORD" source="#meshId21-tex0"  />
        </vertices>
        <polylist count="32" material="defaultMaterial">
          <input offset="0" semantic="VERTEX" source="#meshId21-vertices" />
          <vcount>3 3 3 3 3 3 3 3 3 3 3 3 3 3 3 3 3 3 3 3 3 3 3 3 3 3 3 3 3 3 3 3 </vcount>
          <p>3 0 1 1 2 3 7 4 5 5 6 7 11 8 9 9 10 11 15 12 13 13 14 15 19 16 17 17 18 19 23 20 21 21 22 23 27 24 25 25 26 27 31 28 29 29 30 31 32 33 34 35 32 34 36 35 34 37 36 34 38 37 34 39 38 34 40 39 34 33 40 34 41 42 43 42 44 43 44 45 43 45 46 43 46 47 43 47 48 43 48 49 43 49 41 43 </p>
        </polylist>
      </mesh>
    </geometry>
    <geometry id="meshId22" name="meshId22_name" >
      <mesh>
        <source id="meshId22-positions" name="meshId22-positions">
          <float_array id="meshId22-positions-array" count="282"> -0.542829 -0.165879 -0.219335 -0.542829 -0.160839 -0.219335 -0.532582 -0.160839 -0.231355 -0.532582 -0.165879 -0.231355 -0.542829 -0.160839 -0.219335 -0.537517 -0.160839 -0.214807 -0.52727 -0.160839 -0.226826 -0.532582 -0.160839 -0.231355 -0.473439 -0.160839 -0.16018 -0.473439 -0.165879 -0.16018 -0.463192 -0.165879 -0.1722 -0.463192 -0.160839 -0.1722 -0.537517 -0.176535 -0.214807 -0.542829 -0.176535 -0.219335 -0.532582 -0.176535 -0.231355 -0.52727 -0.176535 -0.226826 -0.525595 -0.165879 -0.236019 -0.525595 -0.160839 -0.236019 -0.517751 -0.160839 -0.237993 -0.517751 -0.165879 -0.237993 -0.537517 -0.165879 -0.214807 -0.537517 -0.160839 -0.214807 -0.542829 -0.160839 -0.219335 -0.542829 -0.165879 -0.219335 -0.365933 -0.168077 -0.0726295 -0.365933 -0.168916 -0.0726295 -0.36579 -0.168916 -0.0891643 -0.36579 -0.168077 -0.0891643 -0.537517 -0.171113 -0.214807 -0.542829 -0.171113 -0.219335 -0.542829 -0.171113 -0.219335 -0.532582 -0.171113 -0.231355 -0.525595 -0.171113 -0.236019 -0.517751 -0.171113 -0.237993 -0.473439 -0.171113 -0.16018 -0.473439 -0.176535 -0.16018 -0.463192 -0.176535 -0.1722 -0.463192 -0.171113 -0.1722 -0.537517 -0.176535 -0.214807 -0.542829 -0.176535 -0.219335 -0.542829 -0.176535 -0.219335 -0.532582 -0.176535 -0.231355 -0.525595 -0.176535 -0.236019 -0.517751 -0.176535 -0.237993 -0.453673 -0.165879 -0.183366 -0.453673 -0.160839 -0.183366 -0.37855 -0.168916 -0.114401 -0.37855 -0.168077 -0.114401 -0.453673 -0.176535 -0.183366 -0.453673 -0.171113 -0.183366 -0.525595 -0.176535 -0.236019 -0.517751 -0.176535 -0.237993 -0.525595 -0.171113 -0.236019 -0.525595 -0.176535 -0.236019 -0.525595 -0.165879 -0.236019 -0.525595 -0.160839 -0.236019 -0.517751 -0.160839 -0.237993 -0.525595 -0.160839 -0.236019 -0.532582 -0.160839 -0.231355 -0.473439 -0.165879 -0.16018 -0.365933 -0.168077 -0.0726295 -0.36579 -0.168077 -0.0891643 -0.463192 -0.165879 -0.1722 -0.463192 -0.171113 -0.1722 -0.36579 -0.168916 -0.0891643 -0.365933 -0.168916 -0.0726295 -0.473439 -0.171113 -0.16018 -0.473439 -0.171113 -0.16018 -0.365933 -0.168916 -0.0726295 -0.365933 -0.168077 -0.0726295 -0.473439 -0.165879 -0.16018 -0.37855 -0.168077 -0.114401 -0.453673 -0.165879 -0.183366 -0.453673 -0.165879 -0.183366 -0.37855 -0.168077 -0.114401 -0.37855 -0.168916 -0.114401 -0.453673 -0.171113 -0.183366 -0.453673 -0.171113 -0.183366 -0.37855 -0.168916 -0.114401 -0.463192 -0.160839 -0.1722 -0.453673 -0.160839 -0.183366 -0.517751 -0.160839 -0.237993 -0.473439 -0.160839 -0.16018 -0.473439 -0.165879 -0.16018 -0.473439 -0.160839 -0.16018 -0.473439 -0.171113 -0.16018 -0.473439 -0.176535 -0.16018 -0.473439 -0.176535 -0.16018 -0.463192 -0.176535 -0.1722 -0.453673 -0.176535 -0.183366 -0.453673 -0.171113 -0.183366 -0.453673 -0.176535 -0.183366 -0.453673 -0.165879 -0.183366 -0.453673 -0.160839 -0.183366 </float_array>
          <technique_common>
            <accessor count="94" offset="0" source="#meshId22-positions-array" stride="3">
              <param name="X" type="float" />
              <param name="Y" type="float" />
              <param name="Z" type="float" />
            </accessor>
          </technique_common>
        </source>
        <source id="meshId22-normals" name="meshId22-normals">
          <float_array id="meshId22-normals-array" count="282"> -0.760998 0 -0.648754 -0.760999 0 -0.648753 -0.695542 0 -0.718486 -0.695542 0 -0.718486 0 1 0 0 1 1e-06 0 1 -2e-06 0 1 0 0.761 0 0.648752 0.761 0 0.648752 0.761 0 0.648752 0.761 0 0.648752 0 -1 0 0 -1 0 0 -1 0 0 -1 -1e-06 -0.244049 0 -0.969763 -0.24405 0 -0.969763 0.590707 0 -0.806886 0.590703 0 -0.806889 -0.648751 0 0.761001 -0.648751 0 0.761001 -0.64875 0 0.761001 -0.648751 0 0.761001 0.999962 0 0.008684 0.999962 0 0.008684 0.957288 0 -0.289136 0.957288 0 -0.289136 -0.648753 0 0.760999 -0.648751 0 0.761001 -0.761 0 -0.648752 -0.695543 0 -0.718485 -0.244047 0 -0.969763 0.590702 0 -0.80689 0.761003 0 0.648748 0.761003 0 0.648748 0.761001 0 0.648751 0.761001 0 0.648751 -0.648754 0 0.760998 -0.648751 0 0.761001 -0.761001 0 -0.64875 -0.695544 0 -0.718483 -0.244046 0 -0.969764 0.590703 0 -0.806889 0.761 0 0.648752 0.761 0 0.648752 0.892412 0 -0.451221 0.892412 0 -0.451221 0.760999 0 0.648753 0.760999 0 0.648753 0 -1 0 0 -1 -2e-06 -0.555173 0 -0.831735 -0.555174 0 -0.831734 -0.555172 0 -0.831736 -0.555171 0 -0.831736 0 1 -5e-06 0 1 0 0 1 0 0.016458 0.999847 0.005988 0.016458 0.999847 0.005988 0.01777 0.99983 0.004997 0.021281 0.999771 0.002343 0.021281 -0.999771 0.00234 0.01777 -0.99983 0.004996 0.016458 -0.999847 0.005988 0.016458 -0.999847 0.005988 -0.631466 0 0.775403 -0.631466 0 0.775403 -0.631466 0 0.775403 -0.631466 0 0.775403 0.027631 0.999615 -0.002458 0.027631 0.999615 -0.002458 0.676276 0 -0.736648 0.676276 0 -0.736648 0.676276 0 -0.736648 0.676276 0 -0.736648 0.027631 -0.999615 -0.002465 0.027631 -0.999615 -0.002465 0 1 -2e-06 0 1 -5e-06 0 1 -5e-06 0 1 1e-06 -0.648751 0 0.761001 -0.648751 0 0.761001 -0.648753 0 0.760999 -0.648754 0 0.760998 0 -1 0 0 -1 -1e-06 0 -1 -2e-06 0.648753 0 -0.760999 0.648754 0 -0.760998 0.648754 0 -0.760998 0.648758 0 -0.760995 </float_array>
          <technique_common>
            <accessor count="94" offset="0" source="#meshId22-normals-array" stride="3">
              <param name="X" type="float" />
              <param name="Y" type="float" />
              <param name="Z" type="float" />
            </accessor>
          </technique_common>
        </source>
        <source id="meshId22-tangents" name="meshId22-tangents">
          <float_array id="meshId22-tangents-array" count="282"> -0.648754 0 0.760998 -0.648753 0 0.760999 -0.718486 0 0.695542 -0.718486 0 0.695542 -0.760999 0 -0.648753 -0.761 6.48752e-07 -0.648752 -0.761 -1.2975e-06 -0.648751 -0.761001 0 -0.64875 -0.00012015 1 0.000140939 -9.65239e-05 1 0.000113225 0 1 0 -1.18132e-05 1 1.38572e-05 -0.761 0 -0.648752 -0.761 0 -0.648752 -0.761002 0 -0.64875 -0.714336 6.99803e-07 -0.699803 -0.969763 4.44177e-05 0.244049 -0.969763 0 0.24405 -0.806886 0 -0.590707 -0.806889 0 -0.590703 -0.761001 0 -0.648751 -0.761001 0 -0.648751 -0.761001 0 -0.64875 -0.761001 0 -0.648751 -0.00826442 0.307083 0.951647 -0.00823891 0.31604 0.94871 0.223707 0.633541 0.740662 0.224327 0.630913 0.742715 -0.760999 0 -0.648753 -0.761001 0 -0.648751 -0.648752 0 0.761 -0.718485 0 0.695543 -0.969763 9.60324e-05 0.244047 -0.80689 7.84041e-05 -0.590702 0 -1 0 0 -1 0 0 -1 0 1.16927e-05 -1 -1.37158e-05 -0.760998 3.19281e-07 -0.648754 -0.761001 0 -0.648751 -0.64875 0 0.761001 -0.718483 0 0.695544 -0.969764 0 0.244046 -0.806889 4.61386e-05 -0.590703 0 1 0 0 1 0 0.279343 0.785326 0.552477 0.278197 0.787321 0.550211 8.04054e-05 -1 -9.4317e-05 0.000103791 -1 -0.000121748 -0.189237 0 -0.981932 -0.57718 1.63323e-06 -0.816617 -0.831735 0 0.555173 -0.831734 0 0.555174 -0.831736 0 0.555172 -0.831736 0 0.555171 -0.806056 2.95919e-06 0.591839 -0.806056 0 0.591839 -0.806056 0 0.591839 -0.648662 0.00611944 0.761052 -0.673491 0.00665922 0.739165 -0.675088 0.00831148 0.737691 -0.64938 0.0120407 0.760368 0.760515 0.0177074 0.649079 0.762304 0.0167814 0.647001 0.762734 0.0164269 0.646504 0.760702 0.0164077 0.648893 0 -1 0 -0.0206292 -0.999646 -0.0167998 -0.0211317 -0.999629 -0.017209 -8.22135e-05 -1 -6.69523e-05 -0.669931 0.0203429 0.742145 -0.649437 0.0198207 0.760157 0 1 0 0.41702 0.824333 0.382843 0.428392 0.813516 0.393283 0.0022736 0.999995 0.00208727 0.760462 0.0194198 0.649092 0.760487 0.0194206 0.649062 -0.760999 -1.29751e-06 -0.648753 -0.760999 -3.24376e-06 -0.648753 -0.760999 -3.24376e-06 -0.648753 -0.760999 6.48753e-07 -0.648753 -0.761001 0 -0.648751 -0.761001 0 -0.648751 -0.760999 7.48091e-06 -0.648753 -0.760998 1.56004e-05 -0.648754 -0.76101 0 -0.648741 -0.761004 6.48747e-07 -0.648748 -0.760999 1.29751e-06 -0.648753 -0.760999 -6.99703e-06 -0.648753 -0.760998 0 -0.648754 -0.760998 -6.4591e-06 -0.648754 -0.760995 0 -0.648758 </float_array>
          <technique_common>
            <accessor count="94" offset="0" source="#meshId22-tangents-array" stride="3">
              <param name="X" type="float" />
              <param name="Y" type="float" />
              <param name="Z" type="float" />
            </accessor>
          </technique_common>
        </source>
        <source id="meshId22-bitangents" name="meshId22-bitangents">
          <float_array id="meshId22-bitangents-array" count="282"> 0 1 0 0 1 0 0 1 0 0 1 0 -0.648753 0 0.760999 -0.648752 -7.61e-07 0.761 -0.648751 1.522e-06 0.761 -0.64875 0 0.761001 -0.648752 -0.000185202 0.761 -0.648752 -0.000148784 0.761 -0.648752 0 0.761 -0.648752 -1.82092e-05 0.761 0.648752 0 -0.761 0.648752 0 -0.761 0.64875 0 -0.761002 0.699803 7.14336e-07 -0.714336 4.30746e-05 1 -1.08401e-05 0 1 0 0 1 0 0 1 0 -0 -1 0 -0 -1 0 -0 -1 0 -0 -1 0 -0.00266671 -0.951683 0.307071 -0.00274449 -0.948746 0.316028 0.18318 -0.773709 0.606481 0.18242 -0.775853 0.603966 -0 -1 0 -0 -1 0 0 1 0 0 1 0 9.31287e-05 1 -2.34364e-05 6.32634e-05 1 4.63134e-05 0.648748 0 -0.761003 0.648748 0 -0.761003 0.648751 0 -0.761001 0.648751 1.80234e-05 -0.761001 -2.42972e-07 -1 -2.07135e-07 -0 -1 0 0 1 0 0 1 0 0 1 0 3.72287e-05 1 2.72542e-05 -0.648752 0 0.761 -0.648752 0 0.761 0.354355 -0.619083 0.700834 0.355256 -0.616543 0.702615 0.648753 0.000123938 -0.760999 0.648753 0.000159985 -0.760999 0.981932 0 -0.189237 0.816617 1.15436e-06 -0.57718 0 1 0 0 1 0 0 1 0 0 1 0 -0.591839 -4.03028e-06 -0.806056 -0.591839 0 -0.806056 -0.591839 0 -0.806056 0.760898 -0.0164096 0.648664 0.739012 -0.016198 0.673498 0.737523 -0.0164822 0.67512 0.760166 -0.0177029 0.649488 -0.648972 -0.0120334 0.760717 -0.646975 -0.00768874 0.762473 -0.646503 -0.0060729 0.762888 -0.648892 -0.0061244 0.760856 0.775403 0 0.631466 0.775129 -0.0266044 0.631243 0.775115 -0.0272525 0.631232 0.775403 -0.000106027 0.631466 0.741909 -0.0188595 0.670235 0.759914 -0.0194076 0.649734 0.736648 -0 0.676276 0.607243 -0.566105 0.557477 0.599275 -0.581542 0.550162 0.736645 -0.00308641 0.676273 -0.648795 -0.0198096 0.760706 -0.648765 -0.0198088 0.760731 -0.648753 1.522e-06 0.760999 -0.648753 3.805e-06 0.760999 -0.648753 3.805e-06 0.760999 -0.648753 -7.60999e-07 0.760999 -0 -1 0 -0 -1 0 -5.69297e-06 -1 -4.85326e-06 -1.18719e-05 -1 -1.01208e-05 0.648741 0 -0.76101 0.648748 7.61004e-07 -0.761004 0.648753 1.522e-06 -0.760999 -5.32474e-06 1 -4.53934e-06 0 1 0 -4.91536e-06 1 -4.19037e-06 0 1 0 </float_array>
          <technique_common>
            <accessor count="94" offset="0" source="#meshId22-bitangents-array" stride="3">
              <param name="X" type="float" />
              <param name="Y" type="float" />
              <param name="Z" type="float" />
            </accessor>
          </technique_common>
        </source>
        <source id="meshId22-tex0" name="meshId22-tex0">
          <float_array id="meshId22-tex0-array" count="188"> 0.346738 0.430329 0.346738 0.434527 0.336298 0.434527 0.336298 0.430329 0.330475 0.456863 0.325422 0.456863 0.325422 0.445011 0.330475 0.445011 0.344541 0.479515 0.341049 0.479516 0.34105 0.462374 0.344541 0.462374 0.325445 0.469805 0.330408 0.469805 0.33034 0.481656 0.325467 0.481656 0.330519 0.430329 0.330518 0.434527 0.325422 0.434527 0.325422 0.430329 0.325422 0.460601 0.325422 0.456863 0.330475 0.456863 0.330475 0.460601 0.686679 0.845848 0.685576 0.847444 0.672657 0.836498 0.674891 0.8357 0.325422 0.465622 0.330475 0.465622 0.346738 0.425647 0.336298 0.425647 0.330519 0.425647 0.325422 0.425648 0.335216 0.447209 0.338708 0.447209 0.338708 0.462374 0.335216 0.462374 0.325445 0.469805 0.330408 0.469805 0.346738 0.420742 0.336298 0.420742 0.330519 0.420742 0.325422 0.420742 0.34105 0.447209 0.344541 0.447209 0.662771 0.812203 0.665027 0.811644 0.338708 0.479515 0.335216 0.479516 0.328746 0.482958 0.325467 0.492141 0.330519 0.425647 0.330519 0.420742 0.330519 0.430329 0.330518 0.434527 0.325422 0.434527 0.328882 0.443861 0.330475 0.445011 0.689209 0.718636 0.686679 0.845848 0.674891 0.8357 0.674951 0.718636 0.269544 0.407273 0.341455 0.407236 0.347688 0.414478 0.269544 0.416031 0.698368 0.718636 0.688149 0.845869 0.686679 0.845848 0.689209 0.718636 0.665027 0.811644 0.661705 0.718636 0.661705 0.718636 0.665027 0.811644 0.662771 0.812203 0.655386 0.718636 0.269544 0.399136 0.326677 0.401177 0.267048 0.445011 0.267048 0.434527 0.325422 0.434527 0.267048 0.456863 0.267048 0.460601 0.267048 0.456863 0.267048 0.465622 0.267071 0.469804 0.267071 0.469804 0.267093 0.481656 0.267094 0.492141 0.267048 0.425647 0.267048 0.420742 0.267048 0.430329 0.267048 0.434527 </float_array>
          <technique_common>
            <accessor count="94" offset="0" source="#meshId22-tex0-array" stride="2">
              <param name="S" type="float" />
              <param name="T" type="float" />
            </accessor>
          </technique_common>
        </source>
        <vertices id="meshId22-vertices">
          <input semantic="POSITION" source="#meshId22-positions" />
          <input semantic="NORMAL" source="#meshId22-normals" />
          <input semantic="TANGENT" source="#meshId22-tangents" />
          <input semantic="BINORMAL" source="#meshId22-bitangents" />
          <input semantic="TEXCOORD" source="#meshId22-tex0"  />
        </vertices>
        <polylist count="76" material="defaultMaterial">
          <input offset="0" semantic="VERTEX" source="#meshId22-vertices" />
          <vcount>3 3 3 3 3 3 3 3 3 3 3 3 3 3 3 3 3 3 3 3 3 3 3 3 3 3 3 3 3 3 3 3 3 3 3 3 3 3 3 3 3 3 3 3 3 3 3 3 3 3 3 3 3 3 3 3 3 3 3 3 3 3 3 3 3 3 3 3 3 3 3 3 3 3 3 3 </vcount>
          <p>3 0 1 1 2 3 7 4 5 5 6 7 11 8 9 9 10 11 15 12 13 13 14 15 19 16 17 17 18 19 23 20 21 21 22 23 27 24 25 25 26 27 29 28 20 20 23 29 31 30 0 0 3 31 33 32 16 16 19 33 37 34 35 35 36 37 39 38 28 28 29 39 41 40 30 30 31 41 43 42 32 32 33 43 45 11 10 10 44 45 27 26 46 46 47 27 37 36 48 48 49 37 15 14 50 50 51 15 41 31 52 52 53 41 31 3 54 54 52 31 3 2 55 55 54 3 58 6 56 56 57 58 62 59 60 60 61 62 66 63 64 64 65 66 70 67 68 68 69 70 72 62 61 61 71 72 76 73 74 74 75 76 63 77 78 78 64 63 6 79 80 80 81 6 6 5 82 82 79 6 20 83 84 84 21 20 28 85 83 83 20 28 38 86 85 85 28 38 88 87 12 12 15 88 15 51 89 89 88 15 43 33 90 90 91 43 33 19 92 92 90 33 19 18 93 93 92 19 </p>
        </polylist>
      </mesh>
    </geometry>
    <geometry id="meshId23" name="meshId23_name" >
      <mesh>
        <source id="meshId23-positions" name="meshId23-positions">
          <float_array id="meshId23-positions-array" count="123"> -0.0665714 -0.196672 0.158714 -0.103169 -0.196672 0.171928 -0.103169 -0.0782673 0.171928 -0.0665714 -0.0782673 0.158714 -0.103169 -0.196672 0.171928 -0.119705 -0.196672 0.20715 -0.119705 -0.0782673 0.20715 -0.103169 -0.0782673 0.171928 -0.119705 -0.196672 0.20715 -0.106491 -0.196672 0.243748 -0.106491 -0.0782673 0.243748 -0.119705 -0.0782673 0.20715 -0.106491 -0.196672 0.243748 -0.0712689 -0.196672 0.260283 -0.0712689 -0.0782673 0.260283 -0.106491 -0.0782673 0.243748 -0.0712689 -0.196672 0.260283 -0.034671 -0.196672 0.24707 -0.034671 -0.0782673 0.24707 -0.0712689 -0.0782673 0.260283 -0.034671 -0.196672 0.24707 -0.0181358 -0.196672 0.211848 -0.0181358 -0.0782673 0.211848 -0.034671 -0.0782673 0.24707 -0.0181358 -0.196672 0.211848 -0.0313493 -0.196672 0.17525 -0.0313493 -0.0782673 0.17525 -0.0181358 -0.0782673 0.211848 -0.0313493 -0.196672 0.17525 -0.0665714 -0.196672 0.158714 -0.0665714 -0.0782673 0.158714 -0.0313493 -0.0782673 0.17525 -0.0665714 -0.0782673 0.158714 -0.103169 -0.0782673 0.171928 -0.0689202 -0.0782673 0.209499 -0.119705 -0.0782673 0.20715 -0.106491 -0.0782673 0.243748 -0.0712689 -0.0782673 0.260283 -0.034671 -0.0782673 0.24707 -0.0181358 -0.0782673 0.211848 -0.0313493 -0.0782673 0.17525 </float_array>
          <technique_common>
            <accessor count="41" offset="0" source="#meshId23-positions-array" stride="3">
              <param name="X" type="float" />
              <param name="Y" type="float" />
              <param name="Z" type="float" />
            </accessor>
          </technique_common>
        </source>
        <source id="meshId23-normals" name="meshId23-normals">
          <float_array id="meshId23-normals-array" count="123"> -0.339591 0 -0.940573 -0.339591 0 -0.940573 -0.339591 0 -0.940573 -0.339591 0 -0.940573 -0.905213 0 -0.424958 -0.905213 0 -0.424958 -0.905213 0 -0.424958 -0.905213 0 -0.424958 -0.940573 0 0.339591 -0.940573 0 0.339591 -0.940573 0 0.339591 -0.940573 0 0.339591 -0.424958 0 0.905213 -0.424958 0 0.905213 -0.424958 0 0.905213 -0.424958 0 0.905213 0.339591 0 0.940573 0.339591 0 0.940573 0.339591 0 0.940573 0.339591 0 0.940573 0.905213 0 0.424958 0.905213 0 0.424958 0.905213 0 0.424958 0.905213 0 0.424958 0.940573 0 -0.339591 0.940573 0 -0.339591 0.940573 0 -0.339591 0.940573 0 -0.339591 0.424958 0 -0.905213 0.424958 0 -0.905213 0.424958 0 -0.905213 0.424958 0 -0.905213 -0 1 -0 0 1 0 -0 1 -0 -0 1 -0 -0 1 -0 0 1 0 0 1 0 0 1 0 -0 1 -0 </float_array>
          <technique_common>
            <accessor count="41" offset="0" source="#meshId23-normals-array" stride="3">
              <param name="X" type="float" />
              <param name="Y" type="float" />
              <param name="Z" type="float" />
            </accessor>
          </technique_common>
        </source>
        <source id="meshId23-tangents" name="meshId23-tangents">
          <float_array id="meshId23-tangents-array" count="123"> 0 -1 0 0 -1 0 0 -1 0 0 -1 0 0 -1 0 0 -1 0 0 -1 0 0 -1 0 0 -1 0 0 -1 0 0 -1 0 0 -1 0 0 -1 0 8.17574e-06 -1 3.83815e-06 4.04483e-05 -1 1.89887e-05 3.22725e-05 -1 1.51505e-05 4.20283e-05 -1 -1.51742e-05 3.35332e-05 -1 -1.2107e-05 0 -1 0 8.4951e-06 -1 -3.06713e-06 0 -1 0 0 -1 0 0 -1 0 0 -1 0 0 -1 0 0 -1 0 0 -1 0 0 -1 0 0 -1 0 0 -1 0 0 -1 0 0 -1 0 0.673704 0 0.739001 0.673683 0 0.73902 0.67369 0 0.739014 0.673691 0 0.739013 0.673683 0 0.73902 0.673675 0 0.739028 0.673683 0 0.73902 0.673691 0 0.739013 0.673712 0 0.738994 </float_array>
          <technique_common>
            <accessor count="41" offset="0" source="#meshId23-tangents-array" stride="3">
              <param name="X" type="float" />
              <param name="Y" type="float" />
              <param name="Z" type="float" />
            </accessor>
          </technique_common>
        </source>
        <source id="meshId23-bitangents" name="meshId23-bitangents">
          <float_array id="meshId23-bitangents-array" count="123"> -0.940573 0 0.339591 -0.940573 0 0.339591 -0.940573 0 0.339591 -0.940573 0 0.339591 -0.424958 0 0.905213 -0.424958 0 0.905213 -0.424958 0 0.905213 -0.424958 0 0.905213 0.339591 0 0.940573 0.339591 0 0.940573 0.339591 0 0.940573 0.339591 0 0.940573 0.905213 0 0.424958 0.905213 9.03184e-06 0.424958 0.905213 4.46837e-05 0.424958 0.905213 3.56519e-05 0.424958 0.940573 4.46837e-05 -0.339591 0.940573 3.56518e-05 -0.339591 0.940573 0 -0.339591 0.940573 9.03183e-06 -0.339591 0.424958 0 -0.905213 0.424958 0 -0.905213 0.424958 0 -0.905213 0.424958 0 -0.905213 -0.339591 -0 -0.940573 -0.339591 -0 -0.940573 -0.339591 -0 -0.940573 -0.339591 -0 -0.940573 -0.905213 -0 -0.424958 -0.905213 -0 -0.424958 -0.905213 -0 -0.424958 -0.905213 -0 -0.424958 0.739001 0 -0.673704 0.73902 0 -0.673683 0.739014 0 -0.67369 0.739013 0 -0.673691 0.73902 0 -0.673683 0.739028 0 -0.673675 0.73902 0 -0.673683 0.739013 0 -0.673691 0.738994 0 -0.673712 </float_array>
          <technique_common>
            <accessor count="41" offset="0" source="#meshId23-bitangents-array" stride="3">
              <param name="X" type="float" />
              <param name="Y" type="float" />
              <param name="Z" type="float" />
            </accessor>
          </technique_common>
        </source>
        <source id="meshId23-tex0" name="meshId23-tex0">
          <float_array id="meshId23-tex0-array" count="82"> 0.023143 0.598035 0.023143 0.605486 0.001586 0.605486 0.001586 0.598035 0.023143 0.605486 0.023143 0.612937 0.001586 0.612937 0.001586 0.605486 0.023143 0.612937 0.023143 0.620389 0.001586 0.620389 0.001586 0.612937 0.023143 0.620389 0.023143 0.62784 0.001586 0.627841 0.001586 0.620389 0.023143 0.62784 0.023143 0.635292 0.001586 0.635292 0.001586 0.627841 0.023143 0.635292 0.023143 0.642743 0.001586 0.642743 0.001586 0.635292 0.023143 0.642743 0.023143 0.650195 0.001586 0.650195 0.001586 0.642743 0.023143 0.650195 0.023143 0.657646 0.001586 0.657646 0.001586 0.650195 0.196424 0.578805 0.191045 0.565819 0.210144 0.565819 0.196424 0.552834 0.209409 0.547455 0.222395 0.552834 0.227773 0.565819 0.222395 0.578804 0.209409 0.584183 </float_array>
          <technique_common>
            <accessor count="41" offset="0" source="#meshId23-tex0-array" stride="2">
              <param name="S" type="float" />
              <param name="T" type="float" />
            </accessor>
          </technique_common>
        </source>
        <vertices id="meshId23-vertices">
          <input semantic="POSITION" source="#meshId23-positions" />
          <input semantic="NORMAL" source="#meshId23-normals" />
          <input semantic="TANGENT" source="#meshId23-tangents" />
          <input semantic="BINORMAL" source="#meshId23-bitangents" />
          <input semantic="TEXCOORD" source="#meshId23-tex0"  />
        </vertices>
        <polylist count="24" material="defaultMaterial">
          <input offset="0" semantic="VERTEX" source="#meshId23-vertices" />
          <vcount>3 3 3 3 3 3 3 3 3 3 3 3 3 3 3 3 3 3 3 3 3 3 3 3 </vcount>
          <p>3 0 1 1 2 3 7 4 5 5 6 7 11 8 9 9 10 11 15 12 13 13 14 15 19 16 17 17 18 19 23 20 21 21 22 23 27 24 25 25 26 27 31 28 29 29 30 31 32 33 34 33 35 34 35 36 34 36 37 34 37 38 34 38 39 34 39 40 34 40 32 34 </p>
        </polylist>
      </mesh>
    </geometry>
    <geometry id="meshId24" name="meshId24_name" >
      <mesh>
        <source id="meshId24-positions" name="meshId24-positions">
          <float_array id="meshId24-positions-array" count="396"> -0.2164 0.195379 0.0938404 -0.282085 0.195379 0.117704 -0.321256 0.228078 0.0847963 -0.207487 0.228078 0.0434632 -0.282085 0.195379 0.117704 -0.294261 0.195379 0.186521 -0.342345 0.228078 0.20399 -0.321256 0.228078 0.0847963 -0.294261 0.195379 0.186521 -0.240752 0.195379 0.231474 -0.249665 0.228078 0.281851 -0.342345 0.228078 0.20399 -0.240752 0.195379 0.231474 -0.175067 0.195379 0.20761 -0.135895 0.228078 0.240518 -0.249665 0.228078 0.281851 -0.175067 0.195379 0.20761 -0.162891 0.195379 0.138793 -0.114806 0.228078 0.121324 -0.135895 0.228078 0.240518 -0.162891 0.195379 0.138793 -0.2164 0.195379 0.0938404 -0.207487 0.228078 0.0434632 -0.114806 0.228078 0.121324 -0.207487 0.228078 0.0434632 -0.321256 0.228078 0.0847963 -0.335594 0.297963 0.0727512 -0.204224 0.297963 0.0250238 -0.321256 0.228078 0.0847963 -0.342345 0.228078 0.20399 -0.359945 0.297963 0.210384 -0.335594 0.297963 0.0727512 -0.342345 0.228078 0.20399 -0.249665 0.228078 0.281851 -0.252927 0.297963 0.30029 -0.359945 0.297963 0.210384 -0.249665 0.228078 0.281851 -0.135895 0.228078 0.240518 -0.121558 0.297963 0.252563 -0.252927 0.297963 0.30029 -0.135895 0.228078 0.240518 -0.114806 0.228078 0.121324 -0.0972061 0.297963 0.11493 -0.121558 0.297963 0.252563 -0.114806 0.228078 0.121324 -0.207487 0.228078 0.0434632 -0.204224 0.297963 0.0250238 -0.0972061 0.297963 0.11493 -0.204224 0.297963 0.0250238 -0.335594 0.297963 0.0727512 -0.321256 0.289907 0.0847963 -0.207487 0.289907 0.0434632 -0.335594 0.297963 0.0727512 -0.359945 0.297963 0.210384 -0.342345 0.289907 0.20399 -0.321256 0.289907 0.0847963 -0.359945 0.297963 0.210384 -0.252927 0.297963 0.30029 -0.249665 0.289907 0.281851 -0.342345 0.289907 0.20399 -0.252927 0.297963 0.30029 -0.121558 0.297963 0.252563 -0.135895 0.289907 0.240518 -0.249665 0.289907 0.281851 -0.121558 0.297963 0.252563 -0.0972061 0.297963 0.11493 -0.114806 0.289907 0.121324 -0.135895 0.289907 0.240518 -0.0972061 0.297963 0.11493 -0.204224 0.297963 0.0250238 -0.207487 0.289907 0.0434632 -0.114806 0.289907 0.121324 -0.207487 0.289907 0.0434632 -0.321256 0.289907 0.0847963 -0.282085 0.341067 0.117704 -0.2164 0.341067 0.0938404 -0.321256 0.289907 0.0847963 -0.342345 0.289907 0.20399 -0.294261 0.341067 0.186521 -0.282085 0.341067 0.117704 -0.342345 0.289907 0.20399 -0.249665 0.289907 0.281851 -0.240752 0.341067 0.231474 -0.294261 0.341067 0.186521 -0.249665 0.289907 0.281851 -0.135895 0.289907 0.240518 -0.175067 0.341067 0.20761 -0.240752 0.341067 0.231474 -0.135895 0.289907 0.240518 -0.114806 0.289907 0.121324 -0.162891 0.341067 0.138793 -0.175067 0.341067 0.20761 -0.114806 0.289907 0.121324 -0.207487 0.289907 0.0434632 -0.2164 0.341067 0.0938404 -0.162891 0.341067 0.138793 -0.282085 0.195379 0.117704 -0.2164 0.195379 0.0938404 -0.228576 0.191371 0.162657 -0.294261 0.195379 0.186521 -0.282085 0.195379 0.117704 -0.228576 0.191371 0.162657 -0.240752 0.195379 0.231474 -0.294261 0.195379 0.186521 -0.228576 0.191371 0.162657 -0.175067 0.195379 0.20761 -0.240752 0.195379 0.231474 -0.228576 0.191371 0.162657 -0.162891 0.195379 0.138793 -0.175067 0.195379 0.20761 -0.228576 0.191371 0.162657 -0.2164 0.195379 0.0938404 -0.162891 0.195379 0.138793 -0.228576 0.191371 0.162657 -0.2164 0.341067 0.0938404 -0.282085 0.341067 0.117704 -0.228576 0.371264 0.162657 -0.282085 0.341067 0.117704 -0.294261 0.341067 0.186521 -0.228576 0.371264 0.162657 -0.294261 0.341067 0.186521 -0.240752 0.341067 0.231474 -0.228576 0.371264 0.162657 -0.240752 0.341067 0.231474 -0.175067 0.341067 0.20761 -0.228576 0.371264 0.162657 -0.175067 0.341067 0.20761 -0.162891 0.341067 0.138793 -0.228576 0.371264 0.162657 -0.162891 0.341067 0.138793 -0.2164 0.341067 0.0938404 -0.228576 0.371264 0.162657 </float_array>
          <technique_common>
            <accessor count="132" offset="0" source="#meshId24-positions-array" stride="3">
              <param name="X" type="float" />
              <param name="Y" type="float" />
              <param name="Z" type="float" />
            </accessor>
          </technique_common>
        </source>
        <source id="meshId24-normals" name="meshId24-normals">
          <float_array id="meshId24-normals-array" count="396"> -0.202771 -0.804598 -0.558127 -0.202771 -0.804598 -0.558127 -0.202771 -0.804598 -0.558127 -0.202771 -0.804598 -0.558127 -0.584738 -0.804598 -0.103459 -0.584738 -0.804598 -0.103459 -0.584738 -0.804598 -0.103459 -0.584738 -0.804598 -0.103459 -0.381967 -0.804598 0.454669 -0.381967 -0.804598 0.454669 -0.381967 -0.804598 0.454669 -0.381967 -0.804598 0.454669 0.202771 -0.804598 0.558127 0.202771 -0.804598 0.558127 0.202771 -0.804598 0.558127 0.202771 -0.804598 0.558127 0.584738 -0.804598 0.103459 0.584738 -0.804598 0.103459 0.584738 -0.804598 0.103459 0.584738 -0.804598 0.103459 0.381967 -0.804598 -0.454669 0.381967 -0.804598 -0.454669 0.381967 -0.804598 -0.454669 0.381967 -0.804598 -0.454669 -0.33263 -0.226045 -0.915566 -0.33263 -0.226045 -0.915566 -0.33263 -0.226045 -0.915566 -0.33263 -0.226045 -0.915566 -0.959219 -0.226045 -0.169716 -0.959219 -0.226045 -0.169716 -0.959219 -0.226045 -0.169716 -0.959219 -0.226045 -0.169716 -0.626588 -0.226045 0.745849 -0.626588 -0.226045 0.745849 -0.626588 -0.226045 0.745849 -0.626588 -0.226045 0.745849 0.332631 -0.226045 0.915566 0.332631 -0.226045 0.915566 0.332631 -0.226045 0.915566 0.332631 -0.226045 0.915566 0.959219 -0.226045 0.169716 0.959219 -0.226045 0.169716 0.959219 -0.226045 0.169716 0.959219 -0.226045 0.169716 0.626588 -0.226045 -0.745849 0.626588 -0.226045 -0.745849 0.626588 -0.226045 -0.745849 0.626588 -0.226045 -0.745849 0.151912 0.89559 0.418139 0.151912 0.89559 0.418139 0.151912 0.89559 0.418139 0.151912 0.89559 0.418139 0.438076 0.89559 0.07751 0.438076 0.89559 0.07751 0.438076 0.89559 0.07751 0.438076 0.89559 0.07751 0.286163 0.89559 -0.34063 0.286163 0.89559 -0.34063 0.286163 0.89559 -0.34063 0.286163 0.89559 -0.34063 -0.151913 0.89559 -0.418139 -0.151912 0.89559 -0.418139 -0.151912 0.89559 -0.418139 -0.151913 0.89559 -0.418139 -0.438076 0.89559 -0.07751 -0.438076 0.89559 -0.07751 -0.438076 0.89559 -0.07751 -0.438076 0.89559 -0.07751 -0.286163 0.89559 0.34063 -0.286163 0.89559 0.34063 -0.286163 0.89559 0.34063 -0.286163 0.89559 0.34063 -0.258126 0.654654 -0.710492 -0.258126 0.654654 -0.710492 -0.258126 0.654654 -0.710493 -0.258126 0.654654 -0.710493 -0.744368 0.654654 -0.131702 -0.744368 0.654654 -0.131702 -0.744368 0.654654 -0.131702 -0.744368 0.654654 -0.131702 -0.486241 0.654654 0.57879 -0.486241 0.654654 0.57879 -0.486241 0.654654 0.57879 -0.486241 0.654654 0.57879 0.258126 0.654654 0.710492 0.258126 0.654654 0.710492 0.258126 0.654654 0.710492 0.258126 0.654654 0.710492 0.744368 0.654654 0.131702 0.744368 0.654654 0.131702 0.744368 0.654654 0.131702 0.744368 0.654654 0.131702 0.486242 0.654654 -0.57879 0.486242 0.654654 -0.57879 0.486242 0.654654 -0.57879 0.486242 0.654654 -0.57879 -0.022563 -0.997814 -0.062106 -0.022563 -0.997814 -0.062106 -0.022563 -0.997814 -0.062106 -0.065067 -0.997815 -0.011512 -0.065067 -0.997815 -0.011512 -0.065067 -0.997815 -0.011512 -0.042503 -0.997815 0.050593 -0.042503 -0.997815 0.050593 -0.042503 -0.997815 0.050593 0.022563 -0.997814 0.062106 0.022563 -0.997814 0.062106 0.022563 -0.997814 0.062106 0.065067 -0.997815 0.011512 0.065067 -0.997815 0.011512 0.065067 -0.997815 0.011512 0.042503 -0.997815 -0.050593 0.042503 -0.997815 -0.050593 0.042503 -0.997815 -0.050593 -0.152448 0.89481 -0.419613 -0.152448 0.89481 -0.419613 -0.152448 0.89481 -0.419613 -0.439619 0.89481 -0.077783 -0.439619 0.89481 -0.077783 -0.439619 0.89481 -0.077783 -0.287171 0.89481 0.34183 -0.287172 0.89481 0.34183 -0.287172 0.89481 0.34183 0.152448 0.89481 0.419613 0.152448 0.89481 0.419613 0.152448 0.89481 0.419613 0.439619 0.89481 0.077783 0.439619 0.89481 0.077783 0.439619 0.89481 0.077783 0.287171 0.89481 -0.34183 0.287171 0.89481 -0.34183 0.287171 0.89481 -0.34183 </float_array>
          <technique_common>
            <accessor count="132" offset="0" source="#meshId24-normals-array" stride="3">
              <param name="X" type="float" />
              <param name="Y" type="float" />
              <param name="Z" type="float" />
            </accessor>
          </technique_common>
        </source>
        <source id="meshId24-tangents" name="meshId24-tangents">
          <float_array id="meshId24-tangents-array" count="396"> 0.758621 -0.489472 0.430013 0.856314 -0.422166 0.297492 0.884336 -0.39523 0.24848 0.822434 -0.449294 0.348908 0.786982 -0.593577 0.168303 0.780982 -0.523846 -0.340077 0.730513 -0.466805 -0.498441 0.809011 -0.568972 -0.147555 0.691887 -0.575119 -0.436497 0.247937 -0.563152 -0.788281 0.0726142 -0.51658 -0.853154 0.43832 -0.590839 -0.677336 0.0930537 -0.551556 -0.828932 -0.412761 -0.587087 -0.696388 -0.564638 -0.561742 -0.604673 -0.223724 -0.592958 -0.77353 -0.611737 -0.521107 -0.595169 -0.764075 -0.589101 -0.262962 -0.792831 -0.593817 -0.137113 -0.717597 -0.572507 -0.3966 -0.889209 -0.454011 0.0564097 -0.874453 -0.47385 0.103914 -0.868647 -0.480527 0.120608 -0.880312 -0.466528 0.0860349 0.583985 -0.811679 -0.0117685 0.511418 -0.858931 0.0262613 0.47958 -0.876485 0.0421621 0.548669 -0.83601 0.00706893 0.257558 -0.946324 -0.195281 0.264165 -0.930519 -0.253674 0.266648 -0.922855 -0.277917 0.260952 -0.938929 -0.224313 0.0925144 -0.97182 -0.216809 0.0523465 -0.967059 -0.249111 0.0354359 -0.964287 -0.262477 0.0726374 -0.969786 -0.232891 0.0338422 -0.967362 -0.251128 -0.0134546 -0.971887 -0.235062 -0.033307 -0.973059 -0.228139 0.0104117 -0.969909 -0.243244 -0.163641 -0.933645 -0.318637 -0.175102 -0.946517 -0.271005 -0.179782 -0.951199 -0.250795 -0.169374 -0.940324 -0.295132 -0.441933 -0.891329 -0.101132 -0.404956 -0.91211 -0.0637697 -0.389041 -0.919968 -0.0480184 -0.423783 -0.901985 -0.0826547 -0.0458499 0.428979 -0.90215 -0.455401 0.43889 -0.774587 -0.507645 0.433684 -0.744456 -0.0775424 0.432544 -0.898272 -0.555542 0.33751 -0.759908 -0.898576 0.438715 0.00949797 -0.895859 0.427819 0.120032 -0.595518 0.35372 -0.721277 -0.926212 0.349608 0.141085 -0.337622 0.426942 0.838887 -0.229842 0.409277 0.882986 -0.909483 0.365767 0.197624 -0.238342 0.377372 0.894865 0.642814 0.41088 0.646504 0.726631 0.387975 0.566994 -0.179283 0.391064 0.902733 0.725931 0.403303 0.557109 0.873882 0.404064 -0.270302 0.845359 0.381108 -0.374334 0.755209 0.413431 0.508659 0.829171 0.409616 -0.380382 0.51643 0.443602 -0.732473 0.461831 0.440396 -0.769911 0.811792 0.41546 -0.410349 -0.223516 -0.755929 -0.615315 -0.223526 -0.755929 -0.615311 -0.223536 -0.755929 -0.615307 -0.223522 -0.755929 -0.615312 -0.295714 -0.499993 -0.813978 -0.295733 -0.500011 -0.81396 -0.295753 -0.50003 -0.813941 -0.295726 -0.500005 -0.813966 -0.295708 0.500008 -0.813971 -0.295711 0.500006 -0.813971 -0.295714 0.500004 -0.813971 -0.29571 0.500007 -0.813971 -0.223556 0.755929 -0.6153 -0.223567 0.755929 -0.615296 -0.223578 0.755929 -0.615292 -0.223563 0.755929 -0.615298 -0.295737 0.500015 -0.813956 -0.295699 0.499979 -0.813992 -0.29566 0.499942 -0.814029 -0.295712 0.499992 -0.81398 -0.295741 -0.499985 -0.813973 -0.295736 -0.499989 -0.813972 -0.29573 -0.499993 -0.813972 -0.295738 -0.499988 -0.813973 0.764006 -0.0572766 0.642662 0.764006 -0.0572766 0.642662 0.764006 -0.0572766 0.642662 0.99788 -0.0650775 0.00054626 0.99788 -0.0650775 0.00054626 0.99788 -0.0650776 0.00054626 0.617239 -0.0660437 -0.783999 0.617239 -0.0660437 -0.783999 0.617239 -0.0660437 -0.783999 -0.261129 -0.0658472 -0.963055 -0.261129 -0.0658472 -0.963055 -0.261129 -0.0658472 -0.963055 -0.923359 -0.0645782 -0.378467 -0.923359 -0.0645782 -0.378467 -0.923359 -0.0645782 -0.378467 -0.913025 -0.0593534 0.403562 -0.913025 -0.0593534 0.403562 -0.913025 -0.0593534 0.403562 -0.30557 -0.446447 -0.841018 -0.30557 -0.446447 -0.841018 -0.30557 -0.446448 -0.841018 -0.331336 -0.242057 -0.911935 -0.331336 -0.242057 -0.911935 -0.331336 -0.242057 -0.911935 -0.331292 0.242057 -0.911951 -0.331292 0.242056 -0.911951 -0.331292 0.242056 -0.911951 -0.305529 0.446447 -0.841033 -0.305529 0.446448 -0.841033 -0.305529 0.446448 -0.841033 -0.331271 0.242027 -0.911966 -0.331271 0.242027 -0.911966 -0.331271 0.242027 -0.911966 -0.331362 -0.242027 -0.911933 -0.331362 -0.242027 -0.911933 -0.331362 -0.242027 -0.911933 </float_array>
          <technique_common>
            <accessor count="132" offset="0" source="#meshId24-tangents-array" stride="3">
              <param name="X" type="float" />
              <param name="Y" type="float" />
              <param name="Z" type="float" />
            </accessor>
          </technique_common>
        </source>
        <source id="meshId24-bitangents" name="meshId24-bitangents">
          <float_array id="meshId24-bitangents-array" count="396"> -0.619176 -0.336213 0.709636 -0.474984 -0.417609 0.774592 -0.420515 -0.443187 0.791676 -0.531494 -0.388274 0.752833 -0.196827 0.0169928 0.980291 0.219429 -0.279656 0.934689 0.352749 -0.367035 0.860728 0.0598568 -0.16998 0.983628 0.612693 0.147852 0.776368 0.890297 -0.188368 0.414595 0.921319 -0.292861 0.255742 0.813619 -0.0594295 0.578352 0.974795 0.220019 -0.0369686 0.887982 -0.0891659 -0.451151 0.800043 -0.192529 -0.568212 0.953327 0.0319832 -0.300242 0.532785 0.284728 -0.796913 0.272526 0.0747132 -0.959243 0.171756 -0.00185049 -0.985138 0.378334 0.157665 -0.912143 -0.251812 0.382749 -0.888872 -0.299054 0.357895 -0.884578 -0.315522 0.348878 -0.882457 -0.281339 0.367388 -0.886495 -0.740486 -0.538591 0.401996 -0.792344 -0.459502 0.40131 -0.81201 -0.425063 0.399952 -0.76702 -0.499991 0.402106 -0.116464 -0.231029 0.965951 -0.100582 -0.288162 0.952285 -0.0938015 -0.311837 0.945494 -0.108646 -0.259453 0.959625 0.77384 -0.0668481 0.629844 0.777591 -0.117047 0.61778 0.778545 -0.138035 0.612221 0.775958 -0.0917503 0.624076 0.94245 0.114518 -0.314125 0.942961 0.0658704 -0.326321 0.942469 0.0453912 -0.331198 0.943 0.0904432 -0.320268 0.230481 0.27787 -0.93256 0.221898 0.230236 -0.947498 0.218125 0.210055 -0.953047 0.226301 0.25435 -0.940263 -0.641937 0.392983 -0.658393 -0.665881 0.341993 -0.663055 -0.675303 0.320254 -0.664382 -0.654061 0.367868 -0.660967 -0.98733 0.117876 0.10623 -0.87723 -0.0727521 0.474526 -0.848068 -0.0991744 0.520524 -0.985348 0.104035 0.135155 -0.706726 0.289837 0.645393 -0.0254985 -0.0738095 0.996946 0.0743395 -0.122021 0.98974 -0.673385 0.269815 0.688296 0.245441 0.275123 0.929552 0.896729 -0.125054 0.424546 0.930206 -0.174387 0.322965 0.301581 0.253245 0.919193 0.959227 0.235602 0.156129 0.750808 -0.170574 -0.638116 0.670022 -0.2177 -0.709702 0.971998 0.212102 0.101156 0.530201 0.187789 -0.826814 -0.210761 -0.186147 -0.959651 -0.30571 -0.22951 -0.924049 0.487595 0.164295 -0.857472 -0.480194 0.173589 -0.859814 -0.8071 -0.0336952 -0.589452 -0.839537 -0.0630065 -0.539637 -0.509023 0.159094 -0.845922 -0.9399 -2.26647e-05 0.34145 -0.939897 -1.44392e-05 0.341457 -0.939895 -5.70714e-06 0.341464 -0.939898 -1.71065e-05 0.341454 -0.598724 -0.566953 0.565769 -0.598714 -0.566937 0.565795 -0.598705 -0.56692 0.565822 -0.598718 -0.566942 0.565786 -0.822269 -0.566939 -0.0495378 -0.822268 -0.566941 -0.049535 -0.822267 -0.566942 -0.0495321 -0.822268 -0.56694 -0.049536 -0.93989 -1.0103e-05 0.341477 -0.939888 -1.86116e-05 0.341484 -0.939885 -2.75075e-05 0.341491 -0.939888 -1.56611e-05 0.341482 -0.598712 0.566934 0.5658 -0.598731 0.566965 0.565749 -0.59875 0.566998 0.565695 -0.598725 0.566954 0.565767 -0.822257 0.56696 -0.0495054 -0.822259 0.566956 -0.049511 -0.822261 0.566953 -0.0495168 -0.822258 0.566957 -0.049509 -0.644815 -0.0329489 0.763628 -0.644815 -0.0329489 0.763628 -0.644815 -0.0329489 0.763628 -0.00129424 -0.011452 0.999934 -0.00129424 -0.011452 0.999934 -0.00129424 -0.011452 0.999934 0.785627 -0.00209435 0.618697 0.785627 -0.00209435 0.618697 0.785627 -0.00209435 0.618697 0.96504 0.00551173 -0.262044 0.96504 0.00551173 -0.262044 0.96504 0.00551173 -0.262044 0.378383 0.013996 -0.925543 0.378383 0.013996 -0.925543 0.378383 0.013996 -0.925543 -0.405682 0.0290401 -0.913553 -0.405682 0.0290401 -0.913553 -0.405682 0.0290401 -0.913553 -0.939886 9.62615e-06 0.341487 -0.939886 9.61125e-06 0.341487 -0.939887 9.62615e-06 0.341487 -0.834836 -0.375131 0.402896 -0.834836 -0.375131 0.402896 -0.834836 -0.375131 0.402896 -0.898765 -0.375131 0.226932 -0.898765 -0.375132 0.226932 -0.898765 -0.375132 0.226932 -0.9399 9.76026e-06 0.341451 -0.9399 9.76026e-06 0.341451 -0.9399 9.77516e-06 0.341451 -0.834862 0.37515 0.402824 -0.834862 0.37515 0.402824 -0.834862 0.37515 0.402824 -0.898739 0.37515 0.227003 -0.898739 0.37515 0.227003 -0.898739 0.37515 0.227003 </float_array>
          <technique_common>
            <accessor count="132" offset="0" source="#meshId24-bitangents-array" stride="3">
              <param name="X" type="float" />
              <param name="Y" type="float" />
              <param name="Z" type="float" />
            </accessor>
          </technique_common>
        </source>
        <source id="meshId24-tex0" name="meshId24-tex0">
          <float_array id="meshId24-tex0-array" count="264"> 0.827914 0.656171 0.819209 0.671254 0.808296 0.664636 0.82034 0.642487 0.819209 0.671254 0.814815 0.690522 0.802357 0.687217 0.808296 0.664636 0.814815 0.690522 0.813309 0.710741 0.800346 0.709694 0.802357 0.687217 0.813309 0.710741 0.814561 0.730987 0.801647 0.732236 0.800346 0.709694 0.814561 0.730987 0.818594 0.750352 0.806287 0.755165 0.801647 0.732236 0.818594 0.750352 0.826102 0.76649 0.815949 0.779871 0.806287 0.755165 0.82034 0.642487 0.808296 0.664636 0.792991 0.659622 0.804972 0.632063 0.808296 0.664636 0.802357 0.687217 0.786007 0.684562 0.792991 0.659622 0.802357 0.687217 0.800346 0.709694 0.783649 0.709532 0.786007 0.684562 0.800346 0.709694 0.801647 0.732236 0.785245 0.734507 0.783649 0.709532 0.801647 0.732236 0.806287 0.755165 0.790846 0.75971 0.785245 0.734507 0.806287 0.755165 0.815949 0.779871 0.798335 0.786437 0.790846 0.75971 0.804972 0.632063 0.792991 0.659622 0.789232 0.658518 0.799861 0.632928 0.792991 0.659622 0.786007 0.684562 0.782178 0.683689 0.789232 0.658518 0.786007 0.684562 0.783649 0.709532 0.77971 0.709185 0.782178 0.683689 0.783649 0.709532 0.785245 0.734507 0.781311 0.734675 0.77971 0.709185 0.785245 0.734507 0.790846 0.75971 0.786925 0.760033 0.781311 0.734675 0.790846 0.75971 0.798335 0.786437 0.793575 0.785038 0.786925 0.760033 0.739861 0.871059 0.739862 0.910253 0.725516 0.90197 0.725516 0.879341 0.739862 0.910253 0.705919 0.92985 0.705919 0.913285 0.725516 0.90197 0.705919 0.92985 0.671976 0.910253 0.686322 0.90197 0.705919 0.913285 0.671976 0.910253 0.671976 0.871059 0.686322 0.879341 0.686322 0.90197 0.671976 0.871059 0.705919 0.851462 0.705919 0.868028 0.686322 0.879341 0.705919 0.851462 0.739861 0.871059 0.725516 0.879341 0.705919 0.868028 0.819209 0.671254 0.827914 0.656171 0.835445 0.671243 0.814815 0.690522 0.819209 0.671254 0.830769 0.683831 0.813309 0.710741 0.814815 0.690522 0.82812 0.701188 0.814561 0.730987 0.813309 0.710741 0.827927 0.719393 0.818594 0.750352 0.814561 0.730987 0.830166 0.737027 0.826102 0.76649 0.818594 0.750352 0.834634 0.751568 0.725516 0.879341 0.725516 0.90197 0.705919 0.890656 0.725516 0.90197 0.705919 0.913285 0.705919 0.890656 0.705919 0.913285 0.686322 0.90197 0.705919 0.890656 0.686322 0.90197 0.686322 0.879341 0.705919 0.890656 0.686322 0.879341 0.705919 0.868028 0.705919 0.890656 0.705919 0.868028 0.725516 0.879341 0.705919 0.890656 </float_array>
          <technique_common>
            <accessor count="132" offset="0" source="#meshId24-tex0-array" stride="2">
              <param name="S" type="float" />
              <param name="T" type="float" />
            </accessor>
          </technique_common>
        </source>
        <vertices id="meshId24-vertices">
          <input semantic="POSITION" source="#meshId24-positions" />
          <input semantic="NORMAL" source="#meshId24-normals" />
          <input semantic="TANGENT" source="#meshId24-tangents" />
          <input semantic="BINORMAL" source="#meshId24-bitangents" />
          <input semantic="TEXCOORD" source="#meshId24-tex0"  />
        </vertices>
        <polylist count="60" material="defaultMaterial">
          <input offset="0" semantic="VERTEX" source="#meshId24-vertices" />
          <vcount>3 3 3 3 3 3 3 3 3 3 3 3 3 3 3 3 3 3 3 3 3 3 3 3 3 3 3 3 3 3 3 3 3 3 3 3 3 3 3 3 3 3 3 3 3 3 3 3 3 3 3 3 3 3 3 3 3 3 3 3 </vcount>
          <p>3 0 1 1 2 3 7 4 5 5 6 7 11 8 9 9 10 11 15 12 13 13 14 15 19 16 17 17 18 19 23 20 21 21 22 23 27 24 25 25 26 27 31 28 29 29 30 31 35 32 33 33 34 35 39 36 37 37 38 39 43 40 41 41 42 43 47 44 45 45 46 47 51 48 49 49 50 51 55 52 53 53 54 55 59 56 57 57 58 59 63 60 61 61 62 63 67 64 65 65 66 67 71 68 69 69 70 71 75 72 73 73 74 75 79 76 77 77 78 79 83 80 81 81 82 83 87 84 85 85 86 87 91 88 89 89 90 91 95 92 93 93 94 95 96 97 98 99 100 101 102 103 104 105 106 107 108 109 110 111 112 113 114 115 116 117 118 119 120 121 122 123 124 125 126 127 128 129 130 131 </p>
        </polylist>
      </mesh>
    </geometry>
    <geometry id="meshId25" name="meshId25_name" >
      <mesh>
        <source id="meshId25-positions" name="meshId25-positions">
          <float_array id="meshId25-positions-array" count="396"> -0.492513 0.195379 0.0748845 -0.562398 0.195379 0.0748845 -0.587978 0.228078 0.0305789 -0.466933 0.228078 0.0305789 -0.562398 0.195379 0.0748845 -0.597341 0.195379 0.135407 -0.6485 0.228078 0.135407 -0.587978 0.228078 0.0305789 -0.597341 0.195379 0.135407 -0.562398 0.195379 0.19593 -0.587978 0.228078 0.240235 -0.6485 0.228078 0.135407 -0.562398 0.195379 0.19593 -0.492513 0.195379 0.19593 -0.466933 0.228078 0.240235 -0.587978 0.228078 0.240235 -0.492513 0.195379 0.19593 -0.45757 0.195379 0.135407 -0.40641 0.228078 0.135407 -0.466933 0.228078 0.240235 -0.45757 0.195379 0.135407 -0.492513 0.195379 0.0748845 -0.466933 0.228078 0.0305789 -0.40641 0.228078 0.135407 -0.466933 0.228078 0.0305789 -0.587978 0.228078 0.0305789 -0.597341 0.297963 0.0143619 -0.45757 0.297963 0.0143619 -0.587978 0.228078 0.0305789 -0.6485 0.228078 0.135407 -0.667226 0.297963 0.135407 -0.597341 0.297963 0.0143619 -0.6485 0.228078 0.135407 -0.587978 0.228078 0.240235 -0.597341 0.297963 0.256452 -0.667226 0.297963 0.135407 -0.587978 0.228078 0.240235 -0.466933 0.228078 0.240235 -0.45757 0.297963 0.256452 -0.597341 0.297963 0.256452 -0.466933 0.228078 0.240235 -0.40641 0.228078 0.135407 -0.387684 0.297963 0.135407 -0.45757 0.297963 0.256452 -0.40641 0.228078 0.135407 -0.466933 0.228078 0.0305789 -0.45757 0.297963 0.0143619 -0.387684 0.297963 0.135407 -0.45757 0.297963 0.0143619 -0.597341 0.297963 0.0143619 -0.587978 0.289907 0.0305789 -0.466933 0.289907 0.0305789 -0.597341 0.297963 0.0143619 -0.667226 0.297963 0.135407 -0.6485 0.289907 0.135407 -0.587978 0.289907 0.0305789 -0.667226 0.297963 0.135407 -0.597341 0.297963 0.256452 -0.587978 0.289907 0.240235 -0.6485 0.289907 0.135407 -0.597341 0.297963 0.256452 -0.45757 0.297963 0.256452 -0.466933 0.289907 0.240235 -0.587978 0.289907 0.240235 -0.45757 0.297963 0.256452 -0.387684 0.297963 0.135407 -0.40641 0.289907 0.135407 -0.466933 0.289907 0.240235 -0.387684 0.297963 0.135407 -0.45757 0.297963 0.0143619 -0.466933 0.289907 0.0305789 -0.40641 0.289907 0.135407 -0.466933 0.289907 0.0305789 -0.587978 0.289907 0.0305789 -0.562398 0.341067 0.0748845 -0.492513 0.341067 0.0748845 -0.587978 0.289907 0.0305789 -0.6485 0.289907 0.135407 -0.597341 0.341067 0.135407 -0.562398 0.341067 0.0748845 -0.6485 0.289907 0.135407 -0.587978 0.289907 0.240235 -0.562398 0.341067 0.19593 -0.597341 0.341067 0.135407 -0.587978 0.289907 0.240235 -0.466933 0.289907 0.240235 -0.492513 0.341067 0.19593 -0.562398 0.341067 0.19593 -0.466933 0.289907 0.240235 -0.40641 0.289907 0.135407 -0.45757 0.341067 0.135407 -0.492513 0.341067 0.19593 -0.40641 0.289907 0.135407 -0.466933 0.289907 0.0305789 -0.492513 0.341067 0.0748845 -0.45757 0.341067 0.135407 -0.562398 0.195379 0.0748845 -0.492513 0.195379 0.0748845 -0.527455 0.191371 0.135407 -0.597341 0.195379 0.135407 -0.562398 0.195379 0.0748845 -0.527455 0.191371 0.135407 -0.562398 0.195379 0.19593 -0.597341 0.195379 0.135407 -0.527455 0.191371 0.135407 -0.492513 0.195379 0.19593 -0.562398 0.195379 0.19593 -0.527455 0.191371 0.135407 -0.45757 0.195379 0.135407 -0.492513 0.195379 0.19593 -0.527455 0.191371 0.135407 -0.492513 0.195379 0.0748845 -0.45757 0.195379 0.135407 -0.527455 0.191371 0.135407 -0.492513 0.341067 0.0748845 -0.562398 0.341067 0.0748845 -0.527455 0.359793 0.135407 -0.562398 0.341067 0.0748845 -0.597341 0.341067 0.135407 -0.527455 0.359793 0.135407 -0.597341 0.341067 0.135407 -0.562398 0.341067 0.19593 -0.527455 0.359793 0.135407 -0.562398 0.341067 0.19593 -0.492513 0.341067 0.19593 -0.527455 0.359793 0.135407 -0.492513 0.341067 0.19593 -0.45757 0.341067 0.135407 -0.527455 0.359793 0.135407 -0.45757 0.341067 0.135407 -0.492513 0.341067 0.0748845 -0.527455 0.359793 0.135407 </float_array>
          <technique_common>
            <accessor count="132" offset="0" source="#meshId25-positions-array" stride="3">
              <param name="X" type="float" />
              <param name="Y" type="float" />
              <param name="Z" type="float" />
            </accessor>
          </technique_common>
        </source>
        <source id="meshId25-normals" name="meshId25-normals">
          <float_array id="meshId25-normals-array" count="396"> 0 -0.804598 -0.59382 0 -0.804598 -0.59382 0 -0.804598 -0.59382 0 -0.804598 -0.59382 -0.514263 -0.804598 -0.29691 -0.514263 -0.804598 -0.29691 -0.514263 -0.804598 -0.29691 -0.514263 -0.804598 -0.29691 -0.514263 -0.804598 0.29691 -0.514263 -0.804598 0.29691 -0.514263 -0.804598 0.29691 -0.514263 -0.804598 0.29691 0 -0.804598 0.59382 0 -0.804598 0.59382 0 -0.804598 0.59382 0 -0.804598 0.59382 0.514263 -0.804598 0.29691 0.514263 -0.804598 0.29691 0.514263 -0.804598 0.29691 0.514263 -0.804598 0.29691 0.514263 -0.804598 -0.29691 0.514263 -0.804598 -0.29691 0.514263 -0.804598 -0.29691 0.514263 -0.804598 -0.29691 0 -0.226045 -0.974117 0 -0.226045 -0.974117 0 -0.226045 -0.974117 0 -0.226045 -0.974117 -0.84361 -0.226045 -0.487059 -0.84361 -0.226045 -0.487059 -0.84361 -0.226045 -0.487059 -0.84361 -0.226045 -0.487059 -0.84361 -0.226045 0.487058 -0.84361 -0.226045 0.487058 -0.84361 -0.226045 0.487058 -0.84361 -0.226045 0.487058 0 -0.226045 0.974117 0 -0.226045 0.974117 0 -0.226045 0.974117 0 -0.226045 0.974117 0.84361 -0.226045 0.487058 0.84361 -0.226045 0.487058 0.84361 -0.226045 0.487059 0.84361 -0.226045 0.487059 0.84361 -0.226045 -0.487058 0.84361 -0.226045 -0.487058 0.84361 -0.226045 -0.487058 0.84361 -0.226045 -0.487058 0 0.89559 0.44488 0 0.89559 0.44488 0 0.89559 0.44488 0 0.89559 0.44488 0.385277 0.89559 0.22244 0.385277 0.89559 0.22244 0.385277 0.89559 0.22244 0.385277 0.89559 0.22244 0.385277 0.89559 -0.22244 0.385277 0.89559 -0.22244 0.385277 0.89559 -0.22244 0.385277 0.89559 -0.22244 0 0.89559 -0.44488 0 0.89559 -0.44488 0 0.89559 -0.44488 0 0.89559 -0.44488 -0.385277 0.89559 -0.22244 -0.385277 0.89559 -0.22244 -0.385277 0.89559 -0.22244 -0.385277 0.89559 -0.22244 -0.385277 0.89559 0.22244 -0.385277 0.89559 0.22244 -0.385277 0.89559 0.22244 -0.385277 0.89559 0.22244 0 0.654654 -0.755929 0 0.654654 -0.755929 0 0.654654 -0.755929 0 0.654654 -0.755929 -0.654654 0.654654 -0.377965 -0.654654 0.654654 -0.377965 -0.654654 0.654654 -0.377965 -0.654654 0.654654 -0.377965 -0.654654 0.654654 0.377964 -0.654654 0.654654 0.377964 -0.654654 0.654654 0.377964 -0.654654 0.654654 0.377964 0 0.654654 0.755929 0 0.654654 0.755929 0 0.654654 0.755929 0 0.654654 0.755929 0.654654 0.654654 0.377965 0.654654 0.654654 0.377965 0.654654 0.654654 0.377965 0.654654 0.654654 0.377965 0.654654 0.654654 -0.377964 0.654654 0.654654 -0.377964 0.654654 0.654654 -0.377964 0.654654 0.654654 -0.377964 0 -0.997815 -0.066077 0 -0.997815 -0.066077 0 -0.997815 -0.066077 -0.057225 -0.997815 -0.033038 -0.057225 -0.997815 -0.033038 -0.057225 -0.997815 -0.033038 -0.057225 -0.997815 0.033039 -0.057225 -0.997815 0.033039 -0.057225 -0.997815 0.033039 0 -0.997815 0.066077 0 -0.997815 0.066077 0 -0.997815 0.066077 0.057225 -0.997815 0.033038 0.057225 -0.997815 0.033038 0.057225 -0.997815 0.033038 0.057225 -0.997815 -0.033038 0.057225 -0.997815 -0.033038 0.057225 -0.997815 -0.033038 0 0.955319 -0.295577 0 0.955319 -0.295577 0 0.955319 -0.295577 -0.255977 0.955319 -0.147788 -0.255977 0.955319 -0.147788 -0.255977 0.955319 -0.147788 -0.255977 0.955319 0.147788 -0.255977 0.955319 0.147788 -0.255977 0.955319 0.147788 0 0.955319 0.295577 0 0.955319 0.295577 0 0.955319 0.295577 0.255977 0.955319 0.147788 0.255977 0.955319 0.147788 0.255977 0.955319 0.147788 0.255977 0.955319 -0.147788 0.255977 0.955319 -0.147788 0.255977 0.955319 -0.147788 </float_array>
          <technique_common>
            <accessor count="132" offset="0" source="#meshId25-normals-array" stride="3">
              <param name="X" type="float" />
              <param name="Y" type="float" />
              <param name="Z" type="float" />
            </accessor>
          </technique_common>
        </source>
        <source id="meshId25-tangents" name="meshId25-tangents">
          <float_array id="meshId25-tangents-array" count="396"> 0.566187 -0.489472 0.663212 0.703259 -0.422166 0.572016 0.746333 -0.39523 0.535518 0.653859 -0.449294 0.608772 0.682209 -0.593577 0.426917 0.850165 -0.523846 -0.0529555 0.856806 -0.466805 -0.219033 0.810769 -0.568972 0.137567 0.799351 -0.575119 -0.174002 0.502208 -0.563151 -0.656237 0.359575 -0.516579 -0.777079 0.643264 -0.590838 -0.486951 0.370515 -0.551556 -0.747332 -0.150156 -0.587087 -0.795476 -0.324222 -0.561742 -0.761134 0.0538598 -0.592958 -0.80343 -0.371735 -0.521106 -0.768284 -0.628356 -0.589101 -0.508064 -0.698357 -0.593817 -0.399599 -0.539038 -0.572506 -0.617798 -0.855024 -0.454011 -0.250618 -0.857376 -0.47385 -0.20093 -0.857619 -0.480527 -0.183257 -0.856778 -0.466528 -0.219735 0.552902 -0.81168 0.188351 0.471711 -0.858931 0.199316 0.436357 -0.876485 0.203389 0.513276 -0.83601 0.193997 0.308759 -0.946324 -0.095595 0.334909 -0.930519 -0.148222 0.345521 -0.922855 -0.17016 0.321863 -0.938929 -0.121723 0.160987 -0.97182 -0.172186 0.134264 -0.967059 -0.216263 0.122934 -0.964287 -0.2346 0.147796 -0.969786 -0.194089 0.11756 -0.967362 -0.224477 0.0676202 -0.971887 -0.225528 0.0465968 -0.973059 -0.225799 0.0928461 -0.969909 -0.225069 -0.0450011 -0.933645 -0.355363 -0.0720378 -0.946517 -0.314508 -0.0833367 -0.951199 -0.29711 -0.0584152 -0.940324 -0.335228 -0.380836 -0.891329 -0.24596 -0.35884 -0.91211 -0.198217 -0.34926 -0.919968 -0.177978 -0.370086 -0.901985 -0.222395 0.264962 0.42898 -0.863581 -0.16353 0.438891 -0.883534 -0.222923 0.433685 -0.873054 0.23385 0.432545 -0.870758 -0.262665 0.337509 -0.903933 -0.847809 0.438714 -0.29791 -0.882999 0.427819 -0.193092 -0.313429 0.353719 -0.881275 -0.918717 0.349608 -0.183669 -0.603782 0.426942 0.673177 -0.51754 0.409277 0.751429 -0.922299 0.365766 -0.124816 -0.529584 0.377373 0.759691 0.383416 0.410881 0.827145 0.489346 0.387975 0.781035 -0.476761 0.391064 0.787253 0.492063 0.403303 0.771505 0.913655 0.404063 0.0443476 0.92237 0.381108 -0.0631695 0.536125 0.413431 0.735965 0.909221 0.409615 -0.0743823 0.735506 0.443602 -0.512102 0.696973 0.440396 -0.565933 0.903119 0.41546 -0.108482 -1.41099e-05 -0.755929 -0.654654 6.31066e-06 -0.755929 -0.654654 2.75565e-05 -0.755929 -0.654654 -8.11146e-07 -0.755929 -0.654654 1.09899e-05 -0.499992 -0.86603 -1.30115e-05 -0.50001 -0.86602 -3.79829e-05 -0.500029 -0.866009 -4.64083e-06 -0.500004 -0.866023 9.78585e-06 0.500007 -0.866022 7.18667e-06 0.500005 -0.866023 4.48244e-06 0.500003 -0.866024 8.09315e-06 0.500005 -0.866022 -1.56899e-05 0.755929 -0.654654 3.79124e-06 0.755929 -0.654654 2.40597e-05 0.755929 -0.654654 -3.00292e-06 0.755929 -0.654654 8.86278e-06 0.499994 -0.866029 2.18189e-05 0.499984 -0.866035 3.52986e-05 0.499974 -0.86604 1.73004e-05 0.499987 -0.866033 -1.90033e-05 -0.499985 -0.866034 -1.76404e-05 -0.499986 -0.866033 -1.62225e-05 -0.499987 -0.866033 -1.81157e-05 -0.499986 -0.866034 0.498635 -0.0572763 0.864918 0.498635 -0.0572763 0.864918 0.498635 -0.0572763 0.864918 0.937714 -0.0650774 0.341258 0.937714 -0.0650774 0.341258 0.937714 -0.0650774 0.341258 0.84785 -0.0660446 -0.526107 0.84785 -0.0660446 -0.526107 0.84785 -0.0660446 -0.526107 0.0834209 -0.0658466 -0.994337 0.0834209 -0.0658466 -0.994336 0.0834209 -0.0658466 -0.994337 -0.738624 -0.0645779 -0.671018 -0.738624 -0.0645779 -0.671018 -0.738624 -0.0645779 -0.671018 -0.99595 -0.0593542 0.0675352 -0.99595 -0.0593541 0.0675351 -0.99595 -0.0593541 0.0675351 -1.90837e-06 -0.295577 -0.955319 -1.90837e-06 -0.295577 -0.955319 -1.90837e-06 -0.295577 -0.955319 -2.5676e-05 -0.152888 -0.988243 -2.5676e-05 -0.152888 -0.988243 -2.5676e-05 -0.152888 -0.988243 2.56474e-05 0.152888 -0.988243 2.56474e-05 0.152888 -0.988243 2.56474e-05 0.152888 -0.988243 2.39561e-06 0.295577 -0.955319 2.39561e-06 0.295577 -0.955319 2.39561e-06 0.295577 -0.955319 2.06977e-06 0.152881 -0.988245 2.06977e-06 0.152881 -0.988245 2.06977e-06 0.152881 -0.988245 -1.16092e-06 -0.152881 -0.988245 -1.16092e-06 -0.152881 -0.988245 -1.16092e-06 -0.152881 -0.988245 </float_array>
          <technique_common>
            <accessor count="132" offset="0" source="#meshId25-tangents-array" stride="3">
              <param name="X" type="float" />
              <param name="Y" type="float" />
              <param name="Z" type="float" />
            </accessor>
          </technique_common>
        </source>
        <source id="meshId25-bitangents" name="meshId25-bitangents">
          <float_array id="meshId25-bitangents-array" count="396"> -0.824277 -0.336213 0.455553 -0.710933 -0.417609 0.565841 -0.665573 -0.443188 0.600498 -0.756616 -0.388275 0.526094 -0.519735 0.0169929 0.854159 -0.112927 -0.279656 0.953436 0.0376345 -0.367035 0.929446 -0.279619 -0.16998 0.944944 0.31076 0.147852 0.938918 0.695212 -0.188368 0.693684 0.778614 -0.292861 0.554971 0.567226 -0.0594296 0.821415 0.928827 0.220019 0.298116 0.988662 -0.0891658 -0.120815 0.945981 -0.192529 -0.260868 0.998549 0.031983 0.0433355 0.772882 0.284728 -0.567083 0.583697 0.0747133 -0.808527 0.497826 -0.00185038 -0.867275 0.667062 0.157665 -0.728128 0.0668465 0.382749 -0.921431 0.0209775 0.357895 -0.933526 0.00477506 0.348878 -0.937156 0.0382819 0.367388 -0.92928 -0.833247 -0.538591 0.124981 -0.881753 -0.459501 0.106628 -0.899774 -0.425062 0.0986362 -0.858224 -0.499991 0.116023 -0.439307 -0.231029 0.868122 -0.419713 -0.288162 0.8607 -0.411021 -0.311837 0.856632 -0.429799 -0.259453 0.864845 0.512255 -0.066848 0.856228 0.519899 -0.117047 0.846171 0.522694 -0.138035 0.841271 0.516215 -0.0917502 0.85153 0.993066 0.114518 0.0265739 0.997711 0.06587 0.0152852 0.998914 0.0453907 0.010533 0.995681 0.0904429 0.0209874 0.535067 0.277869 -0.797804 0.532102 0.230236 -0.814776 0.53045 0.210055 -0.821279 0.53377 0.25435 -0.806471 -0.378531 0.392984 -0.83802 -0.399445 0.341993 -0.850579 -0.407847 0.320254 -0.855043 -0.389048 0.367868 -0.84458 -0.964259 0.117876 -0.237298 -0.986538 -0.0727513 0.146456 -0.974836 -0.0991738 0.199647 -0.972273 0.104035 -0.209434 -0.884629 0.289837 0.365275 -0.364393 -0.0738088 0.928316 -0.268095 -0.122021 0.955634 -0.867942 0.269816 0.416984 -0.0867254 0.275123 0.957489 0.69786 -0.125054 0.705232 0.764012 -0.174387 0.621189 -0.0304224 0.253245 0.966924 0.848257 0.235602 0.47429 0.923576 -0.170574 -0.343383 0.87209 -0.2177 -0.438253 0.879033 0.212102 0.426983 0.780663 0.187789 -0.596071 0.129597 -0.186147 -0.973937 0.0281997 -0.22951 -0.972898 0.751087 0.164295 -0.639434 -0.157731 0.173589 -0.972105 -0.557308 -0.0336952 -0.829622 -0.604806 -0.0630064 -0.793877 -0.189571 0.159094 -0.968892 -1 1.06661e-05 9.23711e-06 -1 -4.77041e-06 -4.1313e-06 -1 -2.08308e-05 -1.804e-05 -1 6.13168e-07 5.3102e-07 -0.755929 -0.566954 0.327314 -0.755929 -0.566938 0.327342 -0.755929 -0.566921 0.32737 -0.755929 -0.566944 0.327332 -0.755929 -0.566941 -0.327338 -0.755929 -0.566942 -0.327335 -0.755929 -0.566944 -0.327332 -0.755929 -0.566942 -0.327336 -1 -1.18604e-05 1.02714e-05 -1 2.86591e-06 -2.48195e-06 -1 1.81874e-05 -1.57508e-05 -1 -2.26999e-06 1.96587e-06 -0.755929 0.566952 0.327317 -0.755929 0.566961 0.327302 -0.755929 0.56697 0.327287 -0.755929 0.566958 0.327307 -0.755929 0.56696 -0.327305 -0.755929 0.566959 -0.327306 -0.755929 0.566958 -0.327308 -0.755929 0.566959 -0.327306 -0.866812 -0.0329483 0.497545 -0.866812 -0.0329483 0.497545 -0.866812 -0.0329483 0.497545 -0.342662 -0.0114517 0.939389 -0.342662 -0.0114517 0.939389 -0.342662 -0.0114517 0.939389 0.52714 -0.00209438 0.849776 0.52714 -0.00209438 0.849776 0.52714 -0.00209438 0.849776 0.996514 0.0055122 0.0832386 0.996514 0.0055122 0.0832386 0.996514 0.0055122 0.0832386 0.671685 0.0139963 -0.740705 0.671685 0.0139963 -0.740705 0.671685 0.0139963 -0.740705 -0.0693485 0.0290395 -0.99717 -0.0693485 0.0290395 -0.99717 -0.0693485 0.0290395 -0.99717 -1 5.6407e-07 1.8231e-06 -1 5.6407e-07 1.8231e-06 -1 5.6407e-07 1.8231e-06 -0.966683 -0.252964 0.0391604 -0.966683 -0.252964 0.0391604 -0.966683 -0.252964 0.0391604 -0.966683 -0.252964 -0.0391604 -0.966683 -0.252964 -0.0391604 -0.966683 -0.252964 -0.0391604 -1 7.08089e-07 -2.28858e-06 -1 7.08089e-07 -2.28858e-06 -1 7.08089e-07 -2.28858e-06 -0.966683 0.252968 0.0391321 -0.966683 0.252968 0.0391321 -0.966683 0.252968 0.0391321 -0.966683 0.252968 -0.039133 -0.966683 0.252968 -0.039133 -0.966683 0.252968 -0.039133 </float_array>
          <technique_common>
            <accessor count="132" offset="0" source="#meshId25-bitangents-array" stride="3">
              <param name="X" type="float" />
              <param name="Y" type="float" />
              <param name="Z" type="float" />
            </accessor>
          </technique_common>
        </source>
        <source id="meshId25-tex0" name="meshId25-tex0">
          <float_array id="meshId25-tex0-array" count="264"> 0.827914 0.656171 0.819209 0.671254 0.808296 0.664636 0.82034 0.642487 0.819209 0.671254 0.814815 0.690522 0.802357 0.687217 0.808296 0.664636 0.814815 0.690522 0.813309 0.710741 0.800346 0.709694 0.802357 0.687217 0.813309 0.710741 0.814561 0.730987 0.801647 0.732236 0.800346 0.709694 0.814561 0.730987 0.818594 0.750352 0.806287 0.755165 0.801647 0.732236 0.818594 0.750352 0.826102 0.76649 0.815949 0.779871 0.806287 0.755165 0.82034 0.642487 0.808296 0.664636 0.792991 0.659622 0.804972 0.632063 0.808296 0.664636 0.802357 0.687217 0.786007 0.684562 0.792991 0.659622 0.802357 0.687217 0.800346 0.709694 0.783649 0.709532 0.786007 0.684562 0.800346 0.709694 0.801647 0.732236 0.785245 0.734507 0.783649 0.709532 0.801647 0.732236 0.806287 0.755165 0.790846 0.75971 0.785245 0.734507 0.806287 0.755165 0.815949 0.779871 0.798335 0.786437 0.790846 0.75971 0.804972 0.632063 0.792991 0.659622 0.789232 0.658518 0.799861 0.632928 0.792991 0.659622 0.786007 0.684562 0.782178 0.683689 0.789232 0.658518 0.786007 0.684562 0.783649 0.709532 0.77971 0.709185 0.782178 0.683689 0.783649 0.709532 0.785245 0.734507 0.781311 0.734675 0.77971 0.709185 0.785245 0.734507 0.790846 0.75971 0.786925 0.760033 0.781311 0.734675 0.790846 0.75971 0.798335 0.786437 0.793575 0.785038 0.786925 0.760033 0.884474 0.870378 0.884475 0.909572 0.870129 0.901289 0.870129 0.878661 0.884475 0.909572 0.850532 0.929169 0.850532 0.912604 0.870129 0.901289 0.850532 0.929169 0.816589 0.909572 0.830935 0.901289 0.850532 0.912604 0.816589 0.909572 0.816589 0.870378 0.830935 0.878661 0.830935 0.901289 0.816589 0.870378 0.850532 0.850781 0.850532 0.867347 0.830935 0.878661 0.850532 0.850781 0.884474 0.870378 0.870129 0.878661 0.850532 0.867347 0.819209 0.671254 0.827914 0.656171 0.835445 0.671243 0.814815 0.690522 0.819209 0.671254 0.830769 0.683831 0.813309 0.710741 0.814815 0.690522 0.82812 0.701188 0.814561 0.730987 0.813309 0.710741 0.827927 0.719393 0.818594 0.750352 0.814561 0.730987 0.830166 0.737027 0.826102 0.76649 0.818594 0.750352 0.834634 0.751568 0.870129 0.878661 0.870129 0.901289 0.850532 0.889975 0.870129 0.901289 0.850532 0.912604 0.850532 0.889975 0.850532 0.912604 0.830935 0.901289 0.850532 0.889975 0.830935 0.901289 0.830935 0.878661 0.850532 0.889975 0.830935 0.878661 0.850532 0.867347 0.850532 0.889975 0.850532 0.867347 0.870129 0.878661 0.850532 0.889975 </float_array>
          <technique_common>
            <accessor count="132" offset="0" source="#meshId25-tex0-array" stride="2">
              <param name="S" type="float" />
              <param name="T" type="float" />
            </accessor>
          </technique_common>
        </source>
        <vertices id="meshId25-vertices">
          <input semantic="POSITION" source="#meshId25-positions" />
          <input semantic="NORMAL" source="#meshId25-normals" />
          <input semantic="TANGENT" source="#meshId25-tangents" />
          <input semantic="BINORMAL" source="#meshId25-bitangents" />
          <input semantic="TEXCOORD" source="#meshId25-tex0"  />
        </vertices>
        <polylist count="60" material="defaultMaterial">
          <input offset="0" semantic="VERTEX" source="#meshId25-vertices" />
          <vcount>3 3 3 3 3 3 3 3 3 3 3 3 3 3 3 3 3 3 3 3 3 3 3 3 3 3 3 3 3 3 3 3 3 3 3 3 3 3 3 3 3 3 3 3 3 3 3 3 3 3 3 3 3 3 3 3 3 3 3 3 </vcount>
          <p>3 0 1 1 2 3 7 4 5 5 6 7 11 8 9 9 10 11 15 12 13 13 14 15 19 16 17 17 18 19 23 20 21 21 22 23 27 24 25 25 26 27 31 28 29 29 30 31 35 32 33 33 34 35 39 36 37 37 38 39 43 40 41 41 42 43 47 44 45 45 46 47 51 48 49 49 50 51 55 52 53 53 54 55 59 56 57 57 58 59 63 60 61 61 62 63 67 64 65 65 66 67 71 68 69 69 70 71 75 72 73 73 74 75 79 76 77 77 78 79 83 80 81 81 82 83 87 84 85 85 86 87 91 88 89 89 90 91 95 92 93 93 94 95 96 97 98 99 100 101 102 103 104 105 106 107 108 109 110 111 112 113 114 115 116 117 118 119 120 121 122 123 124 125 126 127 128 129 130 131 </p>
        </polylist>
      </mesh>
    </geometry>
    <geometry id="meshId26" name="meshId26_name" >
      <mesh>
        <source id="meshId26-positions" name="meshId26-positions">
          <float_array id="meshId26-positions-array" count="150"> 0.581185 -0.0778376 0.148299 0.552577 -0.0778376 0.121926 0.552577 0.0405675 0.121926 0.581185 0.0405675 0.148299 0.552577 -0.0778376 0.121926 0.513698 -0.0778376 0.123506 0.513698 0.0405675 0.123506 0.552577 0.0405675 0.121926 0.513698 -0.0778376 0.123506 0.487325 -0.0778376 0.152114 0.487325 0.0405675 0.152114 0.513698 0.0405675 0.123506 0.487325 -0.0778376 0.152114 0.488905 -0.0778376 0.190992 0.488905 0.0405675 0.190992 0.487325 0.0405675 0.152114 0.488905 -0.0778376 0.190992 0.517514 -0.0778376 0.217366 0.517514 0.0405675 0.217366 0.488905 0.0405675 0.190992 0.517514 -0.0778376 0.217366 0.556392 -0.0778376 0.215786 0.556392 0.0405675 0.215786 0.517514 0.0405675 0.217366 0.556392 -0.0778376 0.215786 0.582765 -0.0778376 0.187177 0.582765 0.0405675 0.187177 0.556392 0.0405675 0.215786 0.582765 -0.0778376 0.187177 0.581185 -0.0778376 0.148299 0.581185 0.0405675 0.148299 0.582765 0.0405675 0.187177 0.552577 -0.0778376 0.121926 0.581185 -0.0778376 0.148299 0.535045 -0.0778376 0.169646 0.513698 -0.0778376 0.123506 0.487325 -0.0778376 0.152114 0.488905 -0.0778376 0.190992 0.517514 -0.0778376 0.217366 0.556392 -0.0778376 0.215786 0.582765 -0.0778376 0.187177 0.581185 0.0405675 0.148299 0.552577 0.0405675 0.121926 0.535045 0.0405675 0.169646 0.513698 0.0405675 0.123506 0.487325 0.0405675 0.152114 0.488905 0.0405675 0.190992 0.517514 0.0405675 0.217366 0.556392 0.0405675 0.215786 0.582765 0.0405675 0.187177 </float_array>
          <technique_common>
            <accessor count="50" offset="0" source="#meshId26-positions-array" stride="3">
              <param name="X" type="float" />
              <param name="Y" type="float" />
              <param name="Z" type="float" />
            </accessor>
          </technique_common>
        </source>
        <source id="meshId26-normals" name="meshId26-normals">
          <float_array id="meshId26-normals-array" count="150"> 0.677805 0 -0.735241 0.677805 0 -0.735241 0.677805 0 -0.735241 0.677805 0 -0.735241 -0.040613 0 -0.999175 -0.040613 0 -0.999175 -0.040613 0 -0.999175 -0.040613 0 -0.999175 -0.735242 0 -0.677805 -0.735242 0 -0.677805 -0.735242 0 -0.677805 -0.735242 0 -0.677805 -0.999175 0 0.040613 -0.999175 0 0.040613 -0.999175 0 0.040613 -0.999175 0 0.040613 -0.677805 0 0.735241 -0.677805 0 0.735241 -0.677805 0 0.735241 -0.677805 0 0.735241 0.040614 0 0.999175 0.040614 0 0.999175 0.040614 0 0.999175 0.040614 0 0.999175 0.735241 0 0.677805 0.735241 0 0.677805 0.735241 0 0.677805 0.735241 0 0.677805 0.999175 0 -0.040614 0.999175 0 -0.040614 0.999175 0 -0.040614 0.999175 0 -0.040614 0 -1 0 0 -1 0 0 -1 0 0 -1 0 0 -1 0 0 -1 0 0 -1 0 0 -1 0 0 -1 0 0 1 0 0 1 0 0 1 0 0 1 0 0 1 0 0 1 0 0 1 0 0 1 0 0 1 0 </float_array>
          <technique_common>
            <accessor count="50" offset="0" source="#meshId26-normals-array" stride="3">
              <param name="X" type="float" />
              <param name="Y" type="float" />
              <param name="Z" type="float" />
            </accessor>
          </technique_common>
        </source>
        <source id="meshId26-tangents" name="meshId26-tangents">
          <float_array id="meshId26-tangents-array" count="150"> 0 -1 0 0 -1 0 0 -1 0 0 -1 0 0 -1 0 0 -1 0 0 -1 0 0 -1 0 0 -1 0 0 -1 0 0 -1 0 0 -1 0 0 -1 0 3.6681e-07 -1 9.02437e-06 1.81474e-06 -1 4.46468e-05 1.44793e-06 -1 3.56224e-05 3.28533e-05 -1 3.02869e-05 2.62127e-05 -1 2.4165e-05 0 -1 0 6.64059e-06 -1 6.12183e-06 0 -1 0 0 -1 0 0 -1 0 0 -1 0 0 -1 0 0 -1 0 0 -1 0 0 -1 0 0 -1 0 0 -1 0 0 -1 0 0 -1 0 0.344845 0 -0.93866 0.344866 0 -0.938652 0.344855 0 -0.938656 0.344863 0 -0.938653 0.344847 0 -0.938659 0.344829 0 -0.938666 0.344846 0 -0.938659 0.344863 0 -0.938653 0.344885 0 -0.938645 -0.344845 0 0.93866 -0.344845 0 0.93866 -0.344846 0 0.938659 -0.34486 0 0.938654 -0.344847 0 0.938659 -0.344832 0 0.938664 -0.344846 0 0.938659 -0.344845 0 0.938659 -0.344845 0 0.93866 </float_array>
          <technique_common>
            <accessor count="50" offset="0" source="#meshId26-tangents-array" stride="3">
              <param name="X" type="float" />
              <param name="Y" type="float" />
              <param name="Z" type="float" />
            </accessor>
          </technique_common>
        </source>
        <source id="meshId26-bitangents" name="meshId26-bitangents">
          <float_array id="meshId26-bitangents-array" count="150"> -0.735241 -0 -0.677805 -0.735241 -0 -0.677805 -0.735241 -0 -0.677805 -0.735241 -0 -0.677805 -0.999175 0 0.040613 -0.999175 0 0.040613 -0.999175 0 0.040613 -0.999175 0 0.040613 -0.677805 0 0.735242 -0.677805 0 0.735242 -0.677805 0 0.735242 -0.677805 0 0.735242 0.040613 0 0.999175 0.040613 9.03183e-06 0.999175 0.040613 4.46837e-05 0.999175 0.040613 3.56518e-05 0.999175 0.735241 4.46837e-05 0.677805 0.735241 3.56519e-05 0.677805 0.735241 0 0.677805 0.735241 9.03185e-06 0.677805 0.999175 0 -0.040614 0.999175 0 -0.040614 0.999175 0 -0.040614 0.999175 0 -0.040614 0.677805 0 -0.735241 0.677805 0 -0.735241 0.677805 0 -0.735241 0.677805 0 -0.735241 -0.040614 -0 -0.999175 -0.040614 -0 -0.999175 -0.040614 -0 -0.999175 -0.040614 -0 -0.999175 0.93866 0 0.344845 0.938652 0 0.344866 0.938656 0 0.344855 0.938653 0 0.344863 0.938659 0 0.344847 0.938666 0 0.344829 0.938659 0 0.344846 0.938653 0 0.344863 0.938645 0 0.344885 0.93866 -0 0.344845 0.93866 -0 0.344845 0.938659 -0 0.344846 0.938654 -0 0.34486 0.938659 -0 0.344847 0.938664 -0 0.344832 0.938659 -0 0.344846 0.938659 -0 0.344845 0.93866 -0 0.344845 </float_array>
          <technique_common>
            <accessor count="50" offset="0" source="#meshId26-bitangents-array" stride="3">
              <param name="X" type="float" />
              <param name="Y" type="float" />
              <param name="Z" type="float" />
            </accessor>
          </technique_common>
        </source>
        <source id="meshId26-tex0" name="meshId26-tex0">
          <float_array id="meshId26-tex0-array" count="100"> 0.179674 0.598035 0.179674 0.605486 0.158117 0.605486 0.158117 0.598035 0.179674 0.605486 0.179674 0.612937 0.158117 0.612937 0.158117 0.605486 0.179674 0.612937 0.179674 0.620389 0.158117 0.620389 0.158117 0.612937 0.179674 0.620389 0.179674 0.62784 0.158117 0.627841 0.158117 0.620389 0.179674 0.62784 0.179674 0.635292 0.158117 0.635292 0.158117 0.627841 0.179674 0.635292 0.179674 0.642743 0.158117 0.642743 0.158117 0.635292 0.179674 0.642743 0.179674 0.650195 0.158117 0.650195 0.158117 0.642743 0.179674 0.650195 0.179674 0.657646 0.158117 0.657646 0.158117 0.650195 0.346019 0.513482 0.341071 0.525428 0.3298 0.513482 0.341071 0.501535 0.329124 0.496587 0.317178 0.501535 0.312229 0.513482 0.317178 0.525429 0.329124 0.530377 0.196424 0.539713 0.191045 0.526727 0.210144 0.526727 0.196424 0.513742 0.209409 0.508364 0.222395 0.513742 0.227773 0.526727 0.222395 0.539713 0.209409 0.545092 </float_array>
          <technique_common>
            <accessor count="50" offset="0" source="#meshId26-tex0-array" stride="2">
              <param name="S" type="float" />
              <param name="T" type="float" />
            </accessor>
          </technique_common>
        </source>
        <vertices id="meshId26-vertices">
          <input semantic="POSITION" source="#meshId26-positions" />
          <input semantic="NORMAL" source="#meshId26-normals" />
          <input semantic="TANGENT" source="#meshId26-tangents" />
          <input semantic="BINORMAL" source="#meshId26-bitangents" />
          <input semantic="TEXCOORD" source="#meshId26-tex0"  />
        </vertices>
        <polylist count="32" material="defaultMaterial">
          <input offset="0" semantic="VERTEX" source="#meshId26-vertices" />
          <vcount>3 3 3 3 3 3 3 3 3 3 3 3 3 3 3 3 3 3 3 3 3 3 3 3 3 3 3 3 3 3 3 3 </vcount>
          <p>3 0 1 1 2 3 7 4 5 5 6 7 11 8 9 9 10 11 15 12 13 13 14 15 19 16 17 17 18 19 23 20 21 21 22 23 27 24 25 25 26 27 31 28 29 29 30 31 32 33 34 35 32 34 36 35 34 37 36 34 38 37 34 39 38 34 40 39 34 33 40 34 41 42 43 42 44 43 44 45 43 45 46 43 46 47 43 47 48 43 48 49 43 49 41 43 </p>
        </polylist>
      </mesh>
    </geometry>
    <geometry id="meshId27" name="meshId27_name" >
      <mesh>
        <source id="meshId27-positions" name="meshId27-positions">
          <float_array id="meshId27-positions-array" count="150"> 0.678275 -0.0777313 0.134124 0.642249 -0.0783711 0.119438 0.640657 0.0400167 0.118184 0.676684 0.0406566 0.13287 0.642249 -0.0783711 0.119438 0.606386 -0.0786934 0.13453 0.604794 0.0396944 0.133276 0.640657 0.0400167 0.118184 0.606386 -0.0786934 0.13453 0.591695 -0.0785092 0.170559 0.590103 0.0398785 0.169306 0.604794 0.0396944 0.133276 0.591695 -0.0785092 0.170559 0.606781 -0.0779266 0.206421 0.60519 0.0404612 0.205167 0.590103 0.0398785 0.169306 0.606781 -0.0779266 0.206421 0.642808 -0.0772868 0.221108 0.641216 0.041101 0.219854 0.60519 0.0404612 0.205167 0.642808 -0.0772868 0.221108 0.67867 -0.0769646 0.206016 0.677079 0.0414233 0.204762 0.641216 0.041101 0.219854 0.67867 -0.0769646 0.206016 0.693362 -0.0771486 0.169986 0.69177 0.0412391 0.168732 0.677079 0.0414233 0.204762 0.693362 -0.0771486 0.169986 0.678275 -0.0777313 0.134124 0.676684 0.0406566 0.13287 0.69177 0.0412391 0.168732 0.642249 -0.0783711 0.119438 0.678275 -0.0777313 0.134124 0.642528 -0.0778289 0.170273 0.606386 -0.0786934 0.13453 0.591695 -0.0785092 0.170559 0.606781 -0.0779266 0.206421 0.642808 -0.0772868 0.221108 0.67867 -0.0769646 0.206016 0.693362 -0.0771486 0.169986 0.676684 0.0406566 0.13287 0.640657 0.0400167 0.118184 0.640937 0.0405588 0.169019 0.604794 0.0396944 0.133276 0.590103 0.0398785 0.169306 0.60519 0.0404612 0.205167 0.641216 0.041101 0.219854 0.677079 0.0414233 0.204762 0.69177 0.0412391 0.168732 </float_array>
          <technique_common>
            <accessor count="50" offset="0" source="#meshId27-positions-array" stride="3">
              <param name="X" type="float" />
              <param name="Y" type="float" />
              <param name="Z" type="float" />
            </accessor>
          </technique_common>
        </source>
        <source id="meshId27-normals" name="meshId27-normals">
          <float_array id="meshId27-normals-array" count="150"> 0.377564 -0.004732 -0.925971 0.377564 -0.004732 -0.925971 0.377564 -0.004732 -0.925971 0.377564 -0.004732 -0.925971 -0.387722 -0.014974 -0.921655 -0.387722 -0.014974 -0.921655 -0.387722 -0.014974 -0.921655 -0.387722 -0.014974 -0.921655 -0.925886 -0.016444 -0.377445 -0.925886 -0.016444 -0.377445 -0.925886 -0.016444 -0.377445 -0.925886 -0.016444 -0.377445 -0.921678 -0.008282 0.387867 -0.921678 -0.008282 0.387867 -0.921678 -0.008282 0.387867 -0.921678 -0.008282 0.387867 -0.377564 0.004732 0.925971 -0.377564 0.004732 0.925971 -0.377564 0.004732 0.925971 -0.377564 0.004732 0.925971 0.387722 0.014974 0.921655 0.387722 0.014974 0.921655 0.387722 0.014974 0.921655 0.387722 0.014974 0.921655 0.925886 0.016444 0.377445 0.925886 0.016444 0.377445 0.925886 0.016444 0.377445 0.925886 0.016444 0.377445 0.921678 0.008282 -0.387867 0.921678 0.008282 -0.387867 0.921678 0.008282 -0.387867 0.921678 0.008282 -0.387867 0.013441 -0.999854 0.01059 0.013441 -0.999854 0.01059 0.013441 -0.999854 0.01059 0.013441 -0.999854 0.01059 0.013441 -0.999854 0.01059 0.013441 -0.999854 0.01059 0.013441 -0.999854 0.01059 0.013441 -0.999854 0.01059 0.013441 -0.999854 0.01059 -0.013441 0.999854 -0.01059 -0.013441 0.999854 -0.01059 -0.013441 0.999854 -0.01059 -0.013441 0.999854 -0.01059 -0.013441 0.999854 -0.01059 -0.013441 0.999854 -0.01059 -0.013441 0.999854 -0.01059 -0.013441 0.999854 -0.01059 -0.013441 0.999854 -0.01059 </float_array>
          <technique_common>
            <accessor count="50" offset="0" source="#meshId27-normals-array" stride="3">
              <param name="X" type="float" />
              <param name="Y" type="float" />
              <param name="Z" type="float" />
            </accessor>
          </technique_common>
        </source>
        <source id="meshId27-tangents" name="meshId27-tangents">
          <float_array id="meshId27-tangents-array" count="150"> 0.0134409 -0.999853 0.0105901 0.013441 -0.999853 0.0105901 0.013441 -0.999854 0.0105901 0.013441 -0.999854 0.0105901 0.0134413 -0.999854 0.01059 0.0134413 -0.999853 0.01059 0.0134413 -0.999853 0.01059 0.0134413 -0.999854 0.01059 0.0134408 -0.999854 0.0105895 0.0134408 -0.999854 0.0105895 0.0134407 -0.999854 0.0105896 0.0134407 -0.999853 0.0105896 0.013441 -0.999854 0.0105899 0.0134445 -0.999853 0.0105982 0.0134582 -0.999853 0.0106308 0.0134547 -0.999853 0.0106225 0.0134819 -0.999853 0.0106068 0.0134737 -0.999853 0.0106034 0.013441 -0.999854 0.0105901 0.0134493 -0.999853 0.0105935 0.0134413 -0.999854 0.01059 0.0134412 -0.999853 0.01059 0.0134409 -0.999853 0.0105902 0.013441 -0.999853 0.0105901 0.0134407 -0.999853 0.0105897 0.0134407 -0.999854 0.0105897 0.0134408 -0.999853 0.0105895 0.0134408 -0.999853 0.0105896 0.0134409 -0.999854 0.0105898 0.0134409 -0.999853 0.0105898 0.0134409 -0.999853 0.0105897 0.0134409 -0.999853 0.0105897 -0.00549752 -0.0106647 -0.999928 -0.00547452 -0.0106644 -0.999928 -0.00548681 -0.0106645 -0.999928 -0.00547952 -0.0106644 -0.999928 -0.00549733 -0.0106647 -0.999928 -0.00551532 -0.0106649 -0.999928 -0.0054975 -0.0106647 -0.999928 -0.00547787 -0.0106644 -0.999928 -0.0054549 -0.0106641 -0.999928 0.00552617 0.0106651 0.999928 0.00549867 0.0106647 0.999928 0.00550758 0.0106648 0.999928 0.00550861 0.0106648 0.999928 0.00549814 0.0106647 0.999928 0.00548704 0.0106645 0.999928 0.00549634 0.0106647 0.999928 0.00550848 0.0106648 0.999928 0.00553715 0.0106652 0.999928 </float_array>
          <technique_common>
            <accessor count="50" offset="0" source="#meshId27-tangents-array" stride="3">
              <param name="X" type="float" />
              <param name="Y" type="float" />
              <param name="Z" type="float" />
            </accessor>
          </technique_common>
        </source>
        <source id="meshId27-bitangents" name="meshId27-bitangents">
          <float_array id="meshId27-bitangents-array" count="150"> -0.925886 -0.0164444 -0.377445 -0.925886 -0.0164444 -0.377445 -0.925886 -0.0164444 -0.377445 -0.925886 -0.0164444 -0.377445 -0.921678 -0.00828227 0.387866 -0.921678 -0.00828227 0.387866 -0.921678 -0.00828226 0.387866 -0.921678 -0.00828227 0.387866 -0.377564 0.00473154 0.925971 -0.377564 0.00473156 0.925971 -0.377564 0.00473166 0.925971 -0.377564 0.00473163 0.925971 0.387723 0.0149738 0.921654 0.387722 0.0149828 0.921654 0.387722 0.0150182 0.921654 0.387722 0.0150092 0.921654 0.925885 0.0164886 0.377445 0.925885 0.0164797 0.377445 0.925886 0.0164444 0.377445 0.925886 0.0164534 0.377445 0.921678 0.00828227 -0.387866 0.921678 0.00828217 -0.387866 0.921678 0.0082818 -0.387866 0.921678 0.00828189 -0.387866 0.377564 -0.00473172 -0.925971 0.377564 -0.00473169 -0.925971 0.377564 -0.00473154 -0.925971 0.377564 -0.00473158 -0.925971 -0.387723 -0.0149737 -0.921654 -0.387723 -0.0149736 -0.921654 -0.387723 -0.0149735 -0.921654 -0.387723 -0.0149736 -0.921654 0.999895 0.0133818 -0.00564005 0.999895 0.0133821 -0.00561706 0.999894 0.0133819 -0.00562935 0.999895 0.013382 -0.00562206 0.999895 0.0133818 -0.00563986 0.999894 0.0133816 -0.00565786 0.999895 0.0133818 -0.00564004 0.999895 0.013382 -0.00562041 0.999895 0.0133823 -0.00559743 0.999894 0.0133815 -0.00566871 0.999894 0.0133818 -0.00564121 0.999894 0.0133817 -0.00565012 0.999894 0.0133817 -0.00565115 0.999894 0.0133818 -0.00564068 0.999895 0.0133819 -0.00562958 0.999895 0.0133818 -0.00563888 0.999894 0.0133817 -0.00565102 0.999894 0.0133814 -0.00567969 </float_array>
          <technique_common>
            <accessor count="50" offset="0" source="#meshId27-bitangents-array" stride="3">
              <param name="X" type="float" />
              <param name="Y" type="float" />
              <param name="Z" type="float" />
            </accessor>
          </technique_common>
        </source>
        <source id="meshId27-tex0" name="meshId27-tex0">
          <float_array id="meshId27-tex0-array" count="100"> 0.157704 0.598035 0.157704 0.605486 0.136147 0.605486 0.136147 0.598035 0.157704 0.605486 0.157704 0.612937 0.136147 0.612937 0.136147 0.605486 0.157704 0.612937 0.157704 0.620389 0.136147 0.620389 0.136147 0.612937 0.157704 0.620389 0.157704 0.62784 0.136147 0.627841 0.136147 0.620389 0.157704 0.62784 0.157704 0.635292 0.136147 0.635292 0.136147 0.627841 0.157704 0.635292 0.157704 0.642743 0.136147 0.642743 0.136147 0.635292 0.157704 0.642743 0.157704 0.650195 0.136147 0.650195 0.136147 0.642743 0.157704 0.650195 0.157704 0.657646 0.136148 0.657646 0.136147 0.650195 0.346019 0.513482 0.341071 0.525428 0.3298 0.513482 0.341071 0.501535 0.329124 0.496587 0.317178 0.501535 0.312229 0.513482 0.317178 0.525429 0.329124 0.530377 0.235459 0.578805 0.23008 0.565819 0.249179 0.565819 0.235459 0.552834 0.248445 0.547455 0.26143 0.552834 0.266809 0.565819 0.26143 0.578804 0.248445 0.584183 </float_array>
          <technique_common>
            <accessor count="50" offset="0" source="#meshId27-tex0-array" stride="2">
              <param name="S" type="float" />
              <param name="T" type="float" />
            </accessor>
          </technique_common>
        </source>
        <vertices id="meshId27-vertices">
          <input semantic="POSITION" source="#meshId27-positions" />
          <input semantic="NORMAL" source="#meshId27-normals" />
          <input semantic="TANGENT" source="#meshId27-tangents" />
          <input semantic="BINORMAL" source="#meshId27-bitangents" />
          <input semantic="TEXCOORD" source="#meshId27-tex0"  />
        </vertices>
        <polylist count="32" material="defaultMaterial">
          <input offset="0" semantic="VERTEX" source="#meshId27-vertices" />
          <vcount>3 3 3 3 3 3 3 3 3 3 3 3 3 3 3 3 3 3 3 3 3 3 3 3 3 3 3 3 3 3 3 3 </vcount>
          <p>3 0 1 1 2 3 7 4 5 5 6 7 11 8 9 9 10 11 15 12 13 13 14 15 19 16 17 17 18 19 23 20 21 21 22 23 27 24 25 25 26 27 31 28 29 29 30 31 32 33 34 35 32 34 36 35 34 37 36 34 38 37 34 39 38 34 40 39 34 33 40 34 41 42 43 42 44 43 44 45 43 45 46 43 46 47 43 47 48 43 48 49 43 49 41 43 </p>
        </polylist>
      </mesh>
    </geometry>
    <geometry id="meshId28" name="meshId28_name" >
      <mesh>
        <source id="meshId28-positions" name="meshId28-positions">
          <float_array id="meshId28-positions-array" count="150"> 0.496248 -0.0773311 0.248093 0.490975 -0.0769937 0.286643 0.489383 0.0413941 0.285389 0.494657 0.0410568 0.246839 0.490975 -0.0769937 0.286643 0.514503 -0.0763493 0.317627 0.512912 0.0420384 0.316373 0.489383 0.0413941 0.285389 0.514503 -0.0763493 0.317627 0.553051 -0.0757753 0.322895 0.551459 0.0426126 0.321641 0.512912 0.0420384 0.316373 0.553051 -0.0757753 0.322895 0.584037 -0.075608 0.299361 0.582446 0.0427798 0.298107 0.551459 0.0426126 0.321641 0.584037 -0.075608 0.299361 0.58931 -0.0759454 0.260811 0.587719 0.0424424 0.259557 0.582446 0.0427798 0.298107 0.58931 -0.0759454 0.260811 0.565782 -0.0765899 0.229827 0.56419 0.041798 0.228574 0.587719 0.0424424 0.259557 0.565782 -0.0765899 0.229827 0.527234 -0.0771638 0.224559 0.525643 0.0412239 0.223305 0.56419 0.041798 0.228574 0.527234 -0.0771638 0.224559 0.496248 -0.0773311 0.248093 0.494657 0.0410568 0.246839 0.525643 0.0412239 0.223305 0.490975 -0.0769937 0.286643 0.496248 -0.0773311 0.248093 0.540142 -0.0764696 0.273727 0.514503 -0.0763493 0.317627 0.553051 -0.0757753 0.322895 0.584037 -0.075608 0.299361 0.58931 -0.0759454 0.260811 0.565782 -0.0765899 0.229827 0.527234 -0.0771638 0.224559 0.494657 0.0410568 0.246839 0.489383 0.0413941 0.285389 0.538551 0.0419183 0.272473 0.512912 0.0420384 0.316373 0.551459 0.0426126 0.321641 0.582446 0.0427798 0.298107 0.587719 0.0424424 0.259557 0.56419 0.041798 0.228574 0.525643 0.0412239 0.223305 </float_array>
          <technique_common>
            <accessor count="50" offset="0" source="#meshId28-positions-array" stride="3">
              <param name="X" type="float" />
              <param name="Y" type="float" />
              <param name="Z" type="float" />
            </accessor>
          </technique_common>
        </source>
        <source id="meshId28-normals" name="meshId28-normals">
          <float_array id="meshId28-normals-array" count="150"> -0.990682 -0.014752 -0.135391 -0.990682 -0.014752 -0.135391 -0.990682 -0.014752 -0.135391 -0.990682 -0.014752 -0.135391 -0.796351 -0.004299 0.60482 -0.796351 -0.004299 0.60482 -0.796351 -0.004299 0.60482 -0.796351 -0.004299 0.60482 -0.135527 0.008671 0.990736 -0.135527 0.008671 0.990736 -0.135527 0.008671 0.990736 -0.135527 0.008671 0.990736 0.604686 0.016562 0.796292 0.604686 0.016562 0.796292 0.604686 0.016562 0.796292 0.604686 0.016562 0.796292 0.990682 0.014752 0.135391 0.990682 0.014752 0.135391 0.990682 0.014752 0.135391 0.990682 0.014752 0.135391 0.796351 0.004299 -0.60482 0.796351 0.004299 -0.60482 0.796351 0.004299 -0.60482 0.796351 0.004299 -0.60482 0.135528 -0.008671 -0.990736 0.135528 -0.008671 -0.990736 0.135528 -0.008671 -0.990736 0.135528 -0.008671 -0.990736 -0.604686 -0.016562 -0.796292 -0.604686 -0.016562 -0.796292 -0.604686 -0.016562 -0.796292 -0.604686 -0.016562 -0.796292 0.013441 -0.999854 0.01059 0.013441 -0.999854 0.01059 0.013441 -0.999854 0.01059 0.013441 -0.999854 0.01059 0.013441 -0.999854 0.01059 0.013441 -0.999854 0.01059 0.013441 -0.999854 0.01059 0.013441 -0.999854 0.01059 0.013441 -0.999854 0.01059 -0.013441 0.999854 -0.01059 -0.013441 0.999854 -0.01059 -0.013441 0.999854 -0.01059 -0.013441 0.999854 -0.01059 -0.013441 0.999854 -0.01059 -0.013441 0.999854 -0.01059 -0.013441 0.999854 -0.01059 -0.013441 0.999854 -0.01059 -0.013441 0.999854 -0.01059 </float_array>
          <technique_common>
            <accessor count="50" offset="0" source="#meshId28-normals-array" stride="3">
              <param name="X" type="float" />
              <param name="Y" type="float" />
              <param name="Z" type="float" />
            </accessor>
          </technique_common>
        </source>
        <source id="meshId28-tangents" name="meshId28-tangents">
          <float_array id="meshId28-tangents-array" count="150"> 0.0134413 -0.999853 0.0105897 0.0134413 -0.999853 0.0105897 0.0134413 -0.999854 0.0105897 0.0134413 -0.999853 0.0105897 0.0134405 -0.999853 0.01059 0.0134406 -0.999854 0.01059 0.0134406 -0.999854 0.0105901 0.0134406 -0.999854 0.0105901 0.0134412 -0.999853 0.0105895 0.0134412 -0.999853 0.0105895 0.0134412 -0.999854 0.0105895 0.0134412 -0.999854 0.0105895 0.0134408 -0.999854 0.0105892 0.013448 -0.999854 0.0105837 0.0134764 -0.999853 0.0105622 0.0134692 -0.999853 0.0105676 0.0134474 -0.999854 0.0105454 0.0134462 -0.999854 0.0105543 0.0134414 -0.999853 0.0105895 0.0134426 -0.999854 0.0105806 0.0134405 -0.999854 0.0105899 0.0134405 -0.999854 0.01059 0.0134406 -0.999854 0.0105901 0.0134406 -0.999853 0.01059 0.0134412 -0.999854 0.0105895 0.0134412 -0.999853 0.0105895 0.0134412 -0.999854 0.0105895 0.0134412 -0.999854 0.0105895 0.0134408 -0.999854 0.0105893 0.0134407 -0.999854 0.0105893 0.0134406 -0.999854 0.0105893 0.0134407 -0.999854 0.0105893 -0.967135 -0.0103103 0.254053 -0.967141 -0.0103107 0.254031 -0.967138 -0.0103105 0.254043 -0.96714 -0.0103106 0.254036 -0.967135 -0.0103103 0.254053 -0.967131 -0.0103101 0.25407 -0.967135 -0.0103104 0.254053 -0.96714 -0.0103106 0.254034 -0.967146 -0.0103109 0.254012 0.967135 0.0103103 -0.254053 0.967135 0.0103104 -0.254053 0.967135 0.0103103 -0.254053 0.967139 0.0103106 -0.254038 0.967135 0.0103104 -0.254053 0.967131 0.0103101 -0.254068 0.967135 0.0103103 -0.254053 0.967135 0.0103104 -0.254053 0.967135 0.0103103 -0.254053 </float_array>
          <technique_common>
            <accessor count="50" offset="0" source="#meshId28-tangents-array" stride="3">
              <param name="X" type="float" />
              <param name="Y" type="float" />
              <param name="Z" type="float" />
            </accessor>
          </technique_common>
        </source>
        <source id="meshId28-bitangents" name="meshId28-bitangents">
          <float_array id="meshId28-bitangents-array" count="150"> -0.135527 0.00867123 0.990736 -0.135527 0.00867123 0.990736 -0.135527 0.00867123 0.990736 -0.135527 0.00867123 0.990736 0.604686 0.0165624 0.796292 0.604686 0.0165625 0.796292 0.604686 0.0165626 0.796292 0.604686 0.0165626 0.796292 0.990682 0.0147518 0.135391 0.990682 0.0147518 0.135391 0.990682 0.0147518 0.135391 0.990682 0.0147518 0.135391 0.796351 0.00429966 -0.60482 0.796351 0.00430869 -0.60482 0.79635 0.00434434 -0.60482 0.79635 0.00433531 -0.60482 0.135527 -0.00862652 -0.990736 0.135527 -0.0086355 -0.990736 0.135527 -0.00867095 -0.990736 0.135527 -0.00866197 -0.990736 -0.604686 -0.0165624 -0.796292 -0.604686 -0.0165624 -0.796292 -0.604686 -0.0165626 -0.796292 -0.604686 -0.0165625 -0.796292 -0.990682 -0.0147518 -0.135392 -0.990682 -0.0147518 -0.135392 -0.990682 -0.0147519 -0.135392 -0.990682 -0.0147519 -0.135392 -0.796351 -0.00429959 0.60482 -0.796351 -0.00429956 0.60482 -0.796351 -0.00429946 0.60482 -0.796351 -0.00429948 0.60482 -0.253907 -0.0136567 -0.967132 -0.253885 -0.0136564 -0.967138 -0.253896 -0.0136566 -0.967135 -0.253889 -0.0136565 -0.967137 -0.253907 -0.0136567 -0.967132 -0.253924 -0.0136569 -0.967128 -0.253907 -0.0136567 -0.967132 -0.253888 -0.0136565 -0.967137 -0.253866 -0.0136562 -0.967143 -0.253907 -0.0136567 -0.967132 -0.253906 -0.0136567 -0.967132 -0.253907 -0.0136567 -0.967132 -0.253892 -0.0136565 -0.967136 -0.253907 -0.0136567 -0.967132 -0.253921 -0.0136568 -0.967128 -0.253907 -0.0136567 -0.967132 -0.253906 -0.0136567 -0.967132 -0.253907 -0.0136567 -0.967132 </float_array>
          <technique_common>
            <accessor count="50" offset="0" source="#meshId28-bitangents-array" stride="3">
              <param name="X" type="float" />
              <param name="Y" type="float" />
              <param name="Z" type="float" />
            </accessor>
          </technique_common>
        </source>
        <source id="meshId28-tex0" name="meshId28-tex0">
          <float_array id="meshId28-tex0-array" count="100"> 0.24803 0.598035 0.24803 0.605486 0.226474 0.605486 0.226474 0.598035 0.24803 0.605486 0.248031 0.612937 0.226474 0.612937 0.226474 0.605486 0.248031 0.612937 0.248031 0.620389 0.226474 0.620389 0.226474 0.612937 0.248031 0.620389 0.248031 0.62784 0.226474 0.627841 0.226474 0.620389 0.248031 0.62784 0.248031 0.635292 0.226474 0.635292 0.226474 0.627841 0.248031 0.635292 0.24803 0.642743 0.226474 0.642743 0.226474 0.635292 0.24803 0.642743 0.24803 0.650195 0.226474 0.650195 0.226474 0.642743 0.24803 0.650195 0.24803 0.657646 0.226474 0.657646 0.226474 0.650195 0.346019 0.513482 0.341071 0.525428 0.3298 0.513482 0.341071 0.501535 0.329124 0.496587 0.317178 0.501535 0.312229 0.513482 0.317178 0.525429 0.329124 0.530377 0.235459 0.539713 0.23008 0.526727 0.249179 0.526727 0.235459 0.513742 0.248445 0.508364 0.26143 0.513742 0.266809 0.526727 0.26143 0.539713 0.248445 0.545092 </float_array>
          <technique_common>
            <accessor count="50" offset="0" source="#meshId28-tex0-array" stride="2">
              <param name="S" type="float" />
              <param name="T" type="float" />
            </accessor>
          </technique_common>
        </source>
        <vertices id="meshId28-vertices">
          <input semantic="POSITION" source="#meshId28-positions" />
          <input semantic="NORMAL" source="#meshId28-normals" />
          <input semantic="TANGENT" source="#meshId28-tangents" />
          <input semantic="BINORMAL" source="#meshId28-bitangents" />
          <input semantic="TEXCOORD" source="#meshId28-tex0"  />
        </vertices>
        <polylist count="32" material="defaultMaterial">
          <input offset="0" semantic="VERTEX" source="#meshId28-vertices" />
          <vcount>3 3 3 3 3 3 3 3 3 3 3 3 3 3 3 3 3 3 3 3 3 3 3 3 3 3 3 3 3 3 3 3 </vcount>
          <p>3 0 1 1 2 3 7 4 5 5 6 7 11 8 9 9 10 11 15 12 13 13 14 15 19 16 17 17 18 19 23 20 21 21 22 23 27 24 25 25 26 27 31 28 29 29 30 31 32 33 34 35 32 34 36 35 34 37 36 34 38 37 34 39 38 34 40 39 34 33 40 34 41 42 43 42 44 43 44 45 43 45 46 43 46 47 43 47 48 43 48 49 43 49 41 43 </p>
        </polylist>
      </mesh>
    </geometry>
    <geometry id="meshId29" name="meshId29_name" >
      <mesh>
        <source id="meshId29-positions" name="meshId29-positions">
          <float_array id="meshId29-positions-array" count="150"> 0.638025 -0.0770929 0.223331 0.604341 -0.0773394 0.242808 0.60275 0.0410484 0.241554 0.636433 0.0412948 0.222077 0.604341 -0.0773394 0.242808 0.594292 -0.0770764 0.280397 0.592701 0.0413114 0.279143 0.60275 0.0410484 0.241554 0.594292 -0.0770764 0.280397 0.613764 -0.0764579 0.314079 0.612172 0.04193 0.312825 0.592701 0.0413114 0.279143 0.613764 -0.0764579 0.314079 0.651351 -0.0758463 0.324123 0.649759 0.0425416 0.32287 0.612172 0.04193 0.312825 0.651351 -0.0758463 0.324123 0.685034 -0.0755998 0.304646 0.683443 0.0427881 0.303392 0.649759 0.0425416 0.32287 0.685034 -0.0755998 0.304646 0.695083 -0.0758628 0.267057 0.693492 0.0425251 0.265803 0.683443 0.0427881 0.303392 0.695083 -0.0758628 0.267057 0.675611 -0.0764812 0.233375 0.67402 0.0419065 0.232121 0.693492 0.0425251 0.265803 0.675611 -0.0764812 0.233375 0.638025 -0.0770929 0.223331 0.636433 0.0412948 0.222077 0.67402 0.0419065 0.232121 0.604341 -0.0773394 0.242808 0.638025 -0.0770929 0.223331 0.644688 -0.0764696 0.273727 0.594292 -0.0770764 0.280397 0.613764 -0.0764579 0.314079 0.651351 -0.0758463 0.324123 0.685034 -0.0755998 0.304646 0.695083 -0.0758628 0.267057 0.675611 -0.0764812 0.233375 0.636433 0.0412948 0.222077 0.60275 0.0410484 0.241554 0.643096 0.0419183 0.272473 0.592701 0.0413114 0.279143 0.612172 0.04193 0.312825 0.649759 0.0425416 0.32287 0.683443 0.0427881 0.303392 0.693492 0.0425251 0.265803 0.67402 0.0419065 0.232121 </float_array>
          <technique_common>
            <accessor count="50" offset="0" source="#meshId29-positions-array" stride="3">
              <param name="X" type="float" />
              <param name="Y" type="float" />
              <param name="Z" type="float" />
            </accessor>
          </technique_common>
        </source>
        <source id="meshId29-normals" name="meshId29-normals">
          <float_array id="meshId29-normals-array" count="150"> -0.500431 -0.015895 -0.865631 -0.500431 -0.015895 -0.865631 -0.500431 -0.015895 -0.865631 -0.500431 -0.015895 -0.865631 -0.965981 -0.01572 -0.258136 -0.965981 -0.01572 -0.258136 -0.965981 -0.01572 -0.258136 -0.965981 -0.01572 -0.258136 -0.865672 -0.006335 0.500571 -0.865672 -0.006335 0.500571 -0.865672 -0.006335 0.500571 -0.865672 -0.006335 0.500571 -0.258265 0.00676 0.966051 -0.258265 0.00676 0.966051 -0.258265 0.00676 0.966051 -0.258265 0.00676 0.966051 0.500431 0.015895 0.865631 0.500431 0.015895 0.865631 0.500431 0.015895 0.865631 0.500431 0.015895 0.865631 0.965981 0.01572 0.258136 0.965981 0.01572 0.258136 0.965981 0.01572 0.258136 0.965981 0.01572 0.258136 0.865672 0.006335 -0.500571 0.865672 0.006335 -0.500571 0.865672 0.006335 -0.500571 0.865672 0.006335 -0.500571 0.258265 -0.00676 -0.966051 0.258265 -0.00676 -0.966051 0.258265 -0.00676 -0.966051 0.258265 -0.00676 -0.966051 0.013441 -0.999854 0.01059 0.013441 -0.999854 0.01059 0.013441 -0.999854 0.01059 0.013441 -0.999854 0.01059 0.013441 -0.999854 0.01059 0.013441 -0.999854 0.01059 0.013441 -0.999854 0.01059 0.013441 -0.999854 0.01059 0.013441 -0.999854 0.01059 -0.013441 0.999854 -0.01059 -0.013441 0.999854 -0.01059 -0.013441 0.999854 -0.01059 -0.013441 0.999854 -0.01059 -0.013441 0.999854 -0.01059 -0.013441 0.999854 -0.01059 -0.013441 0.999854 -0.01059 -0.013441 0.999854 -0.01059 -0.013441 0.999854 -0.01059 </float_array>
          <technique_common>
            <accessor count="50" offset="0" source="#meshId29-normals-array" stride="3">
              <param name="X" type="float" />
              <param name="Y" type="float" />
              <param name="Z" type="float" />
            </accessor>
          </technique_common>
        </source>
        <source id="meshId29-tangents" name="meshId29-tangents">
          <float_array id="meshId29-tangents-array" count="150"> 0.0134406 -0.999854 0.0105895 0.0134406 -0.999854 0.0105895 0.0134406 -0.999854 0.0105895 0.0134406 -0.999854 0.0105895 0.0134413 -0.999854 0.0105899 0.0134413 -0.999854 0.0105898 0.0134414 -0.999853 0.0105897 0.0134414 -0.999854 0.0105898 0.0134406 -0.999854 0.01059 0.0134406 -0.999854 0.01059 0.0134405 -0.999854 0.0105898 0.0134405 -0.999853 0.0105899 0.013441 -0.999854 0.0105899 0.0134498 -0.999853 0.0105922 0.0134843 -0.999853 0.0106014 0.0134755 -0.999853 0.0105991 0.0134796 -0.999853 0.0105669 0.0134718 -0.999853 0.0105714 0.0134409 -0.999854 0.0105893 0.0134487 -0.999854 0.0105848 0.0134414 -0.999854 0.0105897 0.0134414 -0.999853 0.0105897 0.0134414 -0.999854 0.0105895 0.0134414 -0.999854 0.0105895 0.0134405 -0.999854 0.0105898 0.0134405 -0.999854 0.0105899 0.0134406 -0.999854 0.01059 0.0134406 -0.999854 0.01059 0.0134411 -0.999853 0.0105899 0.013441 -0.999854 0.0105899 0.0134407 -0.999854 0.0105898 0.0134408 -0.999853 0.0105898 -0.793616 -0.0171101 -0.608178 -0.793602 -0.0171101 -0.608196 -0.79361 -0.0171101 -0.608186 -0.793605 -0.0171101 -0.608193 -0.793616 -0.0171101 -0.608178 -0.793627 -0.0171101 -0.608163 -0.793616 -0.0171101 -0.608178 -0.793604 -0.0171101 -0.608194 -0.79359 -0.0171101 -0.608212 0.793633 0.0171101 0.608156 0.793616 0.0171101 0.608179 0.793622 0.0171101 0.608171 0.793622 0.0171101 0.60817 0.793616 0.0171101 0.608178 0.79361 0.0171101 0.608186 0.793616 0.0171101 0.608178 0.793623 0.0171101 0.60817 0.793639 0.0171101 0.608148 </float_array>
          <technique_common>
            <accessor count="50" offset="0" source="#meshId29-tangents-array" stride="3">
              <param name="X" type="float" />
              <param name="Y" type="float" />
              <param name="Z" type="float" />
            </accessor>
          </technique_common>
        </source>
        <source id="meshId29-bitangents" name="meshId29-bitangents">
          <float_array id="meshId29-bitangents-array" count="150"> -0.865672 -0.00633525 0.500571 -0.865672 -0.00633525 0.500571 -0.865672 -0.00633525 0.500571 -0.865672 -0.00633525 0.500571 -0.258265 0.00675991 0.966051 -0.258265 0.00675988 0.966051 -0.258265 0.00675978 0.96605 -0.258265 0.00675981 0.966051 0.500431 0.0158955 0.865631 0.500431 0.0158954 0.865631 0.500431 0.0158952 0.865631 0.500431 0.0158953 0.865631 0.965981 0.0157197 0.258136 0.96598 0.0157288 0.258136 0.96598 0.0157645 0.258136 0.96598 0.0157554 0.258136 0.865672 0.00638036 -0.500572 0.865672 0.00637133 -0.500571 0.865672 0.00633568 -0.500571 0.865672 0.00634471 -0.500571 0.258265 -0.00675977 -0.966051 0.258265 -0.00675973 -0.96605 0.258265 -0.00675953 -0.966051 0.258265 -0.00675958 -0.966051 -0.500431 -0.0158952 -0.865631 -0.500431 -0.0158953 -0.865631 -0.500431 -0.0158955 -0.865631 -0.500431 -0.0158954 -0.865631 -0.965981 -0.0157198 -0.258136 -0.965981 -0.0157197 -0.258136 -0.965981 -0.0157193 -0.258136 -0.965981 -0.0157194 -0.258136 0.608271 -0.000229867 -0.79373 0.608288 -0.000229483 -0.793716 0.608279 -0.000229693 -0.793724 0.608285 -0.000229562 -0.793719 0.60827 -0.000229878 -0.79373 0.608256 -0.000230188 -0.793741 0.60827 -0.000229878 -0.79373 0.608286 -0.000229537 -0.793718 0.608304 -0.000229149 -0.793704 0.608249 -0.000230341 -0.793747 0.608271 -0.000229859 -0.793729 0.608263 -0.000230036 -0.793736 0.608262 -0.00023004 -0.793736 0.60827 -0.000229878 -0.79373 0.608278 -0.000229705 -0.793724 0.60827 -0.000229875 -0.79373 0.608262 -0.000230053 -0.793736 0.60824 -0.000230528 -0.793753 </float_array>
          <technique_common>
            <accessor count="50" offset="0" source="#meshId29-bitangents-array" stride="3">
              <param name="X" type="float" />
              <param name="Y" type="float" />
              <param name="Z" type="float" />
            </accessor>
          </technique_common>
        </source>
        <source id="meshId29-tex0" name="meshId29-tex0">
          <float_array id="meshId29-tex0-array" count="100"> 0.045487 0.598035 0.045487 0.605486 0.023931 0.605486 0.023931 0.598035 0.045487 0.605486 0.045487 0.612937 0.023931 0.612937 0.023931 0.605486 0.045487 0.612937 0.045487 0.620389 0.023931 0.620389 0.023931 0.612937 0.045487 0.620389 0.045487 0.62784 0.023931 0.627841 0.023931 0.620389 0.045487 0.62784 0.045487 0.635292 0.023931 0.635292 0.023931 0.627841 0.045487 0.635292 0.045487 0.642743 0.023931 0.642743 0.023931 0.635292 0.045487 0.642743 0.045487 0.650195 0.023931 0.650195 0.023931 0.642743 0.045487 0.650195 0.045487 0.657646 0.023931 0.657646 0.023931 0.650195 0.346019 0.513482 0.341071 0.525428 0.3298 0.513482 0.341071 0.501535 0.329124 0.496587 0.317178 0.501535 0.312229 0.513482 0.317178 0.525429 0.329124 0.530377 0.274495 0.578805 0.269116 0.565819 0.288215 0.565819 0.274495 0.552834 0.28748 0.547455 0.300465 0.552834 0.305844 0.565819 0.300465 0.578804 0.28748 0.584183 </float_array>
          <technique_common>
            <accessor count="50" offset="0" source="#meshId29-tex0-array" stride="2">
              <param name="S" type="float" />
              <param name="T" type="float" />
            </accessor>
          </technique_common>
        </source>
        <vertices id="meshId29-vertices">
          <input semantic="POSITION" source="#meshId29-positions" />
          <input semantic="NORMAL" source="#meshId29-normals" />
          <input semantic="TANGENT" source="#meshId29-tangents" />
          <input semantic="BINORMAL" source="#meshId29-bitangents" />
          <input semantic="TEXCOORD" source="#meshId29-tex0"  />
        </vertices>
        <polylist count="32" material="defaultMaterial">
          <input offset="0" semantic="VERTEX" source="#meshId29-vertices" />
          <vcount>3 3 3 3 3 3 3 3 3 3 3 3 3 3 3 3 3 3 3 3 3 3 3 3 3 3 3 3 3 3 3 3 </vcount>
          <p>3 0 1 1 2 3 7 4 5 5 6 7 11 8 9 9 10 11 15 12 13 13 14 15 19 16 17 17 18 19 23 20 21 21 22 23 27 24 25 25 26 27 31 28 29 29 30 31 32 33 34 35 32 34 36 35 34 37 36 34 38 37 34 39 38 34 40 39 34 33 40 34 41 42 43 42 44 43 44 45 43 45 46 43 46 47 43 47 48 43 48 49 43 49 41 43 </p>
        </polylist>
      </mesh>
    </geometry>
    <geometry id="meshId30" name="meshId30_name" >
      <mesh>
        <source id="meshId30-positions" name="meshId30-positions">
          <float_array id="meshId30-positions-array" count="60"> -0.520015 -0.196002 -0.00565109 -0.131421 -0.196002 -0.0299225 -0.131421 -0.176854 -0.0299225 -0.520015 -0.176854 -0.00565109 -0.520015 -0.176854 -0.00565109 -0.131421 -0.176854 -0.0299225 -0.148603 -0.176854 -0.305002 -0.537196 -0.176854 -0.280731 -0.537196 -0.176854 -0.280731 -0.148603 -0.176854 -0.305002 -0.148603 -0.196002 -0.305002 -0.537196 -0.196002 -0.280731 -0.131421 -0.196002 -0.0299225 -0.148603 -0.196002 -0.305002 -0.148603 -0.176854 -0.305002 -0.131421 -0.176854 -0.0299225 -0.537196 -0.196002 -0.280731 -0.520015 -0.196002 -0.00565109 -0.520015 -0.176854 -0.00565109 -0.537196 -0.176854 -0.280731 </float_array>
          <technique_common>
            <accessor count="20" offset="0" source="#meshId30-positions-array" stride="3">
              <param name="X" type="float" />
              <param name="Y" type="float" />
              <param name="Z" type="float" />
            </accessor>
          </technique_common>
        </source>
        <source id="meshId30-normals" name="meshId30-normals">
          <float_array id="meshId30-normals-array" count="60"> 0.062338 0 0.998055 0.062338 0 0.998055 0.062338 0 0.998055 0.062338 0 0.998055 0 1 0 0 1 0 0 1 0 0 1 0 -0.062338 0 -0.998055 -0.062338 0 -0.998055 -0.062338 0 -0.998055 -0.062338 0 -0.998055 0.998055 0 -0.062338 0.998055 0 -0.062338 0.998055 0 -0.062338 0.998055 0 -0.062338 -0.998055 0 0.062338 -0.998055 0 0.062338 -0.998055 0 0.062338 -0.998055 0 0.062338 </float_array>
          <technique_common>
            <accessor count="20" offset="0" source="#meshId30-normals-array" stride="3">
              <param name="X" type="float" />
              <param name="Y" type="float" />
              <param name="Z" type="float" />
            </accessor>
          </technique_common>
        </source>
        <source id="meshId30-tangents" name="meshId30-tangents">
          <float_array id="meshId30-tangents-array" count="60"> 0 -1 0 -0.000206548 -1 1.29009e-05 -0.000213218 -1 1.33175e-05 -6.67002e-06 -1 4.16606e-07 0.0623382 0 0.998055 0.0623382 0 0.998055 0.0623382 0 0.998055 0.0623382 0 0.998055 -0.000213218 1 1.33175e-05 0.000199874 1 -1.2484e-05 0.000213214 1 -1.33172e-05 -0.000199878 1 1.24843e-05 0.062338 0 0.998055 0.062338 0 0.998055 0.062338 0 0.998055 0.062338 0 0.998055 0.062338 0 0.998055 0.062338 0 0.998055 0.062338 0 0.998055 0.062338 0 0.998055 </float_array>
          <technique_common>
            <accessor count="20" offset="0" source="#meshId30-tangents-array" stride="3">
              <param name="X" type="float" />
              <param name="Y" type="float" />
              <param name="Z" type="float" />
            </accessor>
          </technique_common>
        </source>
        <source id="meshId30-bitangents" name="meshId30-bitangents">
          <float_array id="meshId30-bitangents-array" count="60"> 0.998055 0 -0.062338 0.998055 -0.000206951 -0.062338 0.998055 -0.000213634 -0.062338 0.998055 -6.68301e-06 -0.062338 0.998055 0 -0.0623382 0.998055 0 -0.0623382 0.998055 0 -0.0623382 0.998055 0 -0.0623382 0.998055 0.000213634 -0.062338 0.998055 -0.000200263 -0.062338 0.998055 -0.000213629 -0.062338 0.998055 0.000200268 -0.062338 0 -1 0 0 -1 0 0 -1 0 0 -1 0 0 1 -0 0 1 -0 0 1 -0 0 1 -0 </float_array>
          <technique_common>
            <accessor count="20" offset="0" source="#meshId30-bitangents-array" stride="3">
              <param name="X" type="float" />
              <param name="Y" type="float" />
              <param name="Z" type="float" />
            </accessor>
          </technique_common>
        </source>
        <source id="meshId30-tex0" name="meshId30-tex0">
          <float_array id="meshId30-tex0-array" count="40"> 0.997958 0.8363 0.997958 0.932746 0.99094 0.932745 0.990941 0.8363 0.990941 0.8363 0.99094 0.932745 0.894495 0.932745 0.894494 0.8363 0.894494 0.8363 0.894495 0.932745 0.887477 0.932746 0.887477 0.836299 0.99094 0.939764 0.894495 0.939764 0.894495 0.932745 0.99094 0.932745 0.894494 0.829282 0.99094 0.829282 0.990941 0.8363 0.894494 0.8363 </float_array>
          <technique_common>
            <accessor count="20" offset="0" source="#meshId30-tex0-array" stride="2">
              <param name="S" type="float" />
              <param name="T" type="float" />
            </accessor>
          </technique_common>
        </source>
        <vertices id="meshId30-vertices">
          <input semantic="POSITION" source="#meshId30-positions" />
          <input semantic="NORMAL" source="#meshId30-normals" />
          <input semantic="TANGENT" source="#meshId30-tangents" />
          <input semantic="BINORMAL" source="#meshId30-bitangents" />
          <input semantic="TEXCOORD" source="#meshId30-tex0"  />
        </vertices>
        <polylist count="10" material="defaultMaterial">
          <input offset="0" semantic="VERTEX" source="#meshId30-vertices" />
          <vcount>3 3 3 3 3 3 3 3 3 3 </vcount>
          <p>3 0 1 1 2 3 7 4 5 5 6 7 11 8 9 9 10 11 15 12 13 13 14 15 19 16 17 17 18 19 </p>
        </polylist>
      </mesh>
    </geometry>
    <geometry id="meshId31" name="meshId31_name" >
      <mesh>
        <source id="meshId31-positions" name="meshId31-positions">
          <float_array id="meshId31-positions-array" count="150"> 0.390277 -0.0768786 0.294183 0.418368 -0.0762159 0.321099 0.416777 0.042172 0.319846 0.388686 0.0415093 0.292929 0.418368 -0.0762159 0.321099 0.457266 -0.0757018 0.320266 0.455675 0.0426861 0.319012 0.416777 0.042172 0.319846 0.457266 -0.0757018 0.320266 0.484185 -0.0756375 0.29217 0.482594 0.0427504 0.290916 0.455675 0.0426861 0.319012 0.484185 -0.0756375 0.29217 0.483357 -0.0760606 0.253271 0.481766 0.0423272 0.252017 0.482594 0.0427504 0.290916 0.483357 -0.0760606 0.253271 0.455266 -0.0767233 0.226355 0.453675 0.0416645 0.225101 0.481766 0.0423272 0.252017 0.455266 -0.0767233 0.226355 0.416368 -0.0772374 0.227189 0.414777 0.0411505 0.225935 0.453675 0.0416645 0.225101 0.416368 -0.0772374 0.227189 0.389449 -0.0773017 0.255284 0.387858 0.0410861 0.25403 0.414777 0.0411505 0.225935 0.389449 -0.0773017 0.255284 0.390277 -0.0768786 0.294183 0.388686 0.0415093 0.292929 0.387858 0.0410861 0.25403 0.418368 -0.0762159 0.321099 0.390277 -0.0768786 0.294183 0.436817 -0.0764696 0.273727 0.457266 -0.0757018 0.320266 0.484185 -0.0756375 0.29217 0.483357 -0.0760606 0.253271 0.455266 -0.0767233 0.226355 0.416368 -0.0772374 0.227189 0.389449 -0.0773017 0.255284 0.388686 0.0415093 0.292929 0.416777 0.042172 0.319846 0.435226 0.0419183 0.272473 0.455675 0.0426861 0.319012 0.482594 0.0427504 0.290916 0.481766 0.0423272 0.252017 0.453675 0.0416645 0.225101 0.414777 0.0411505 0.225935 0.387858 0.0410861 0.25403 </float_array>
          <technique_common>
            <accessor count="50" offset="0" source="#meshId31-positions-array" stride="3">
              <param name="X" type="float" />
              <param name="Y" type="float" />
              <param name="Z" type="float" />
            </accessor>
          </technique_common>
        </source>
        <source id="meshId31-normals" name="meshId31-normals">
          <float_array id="meshId31-normals-array" count="150"> -0.69183 -0.001653 0.722059 -0.69183 -0.001653 0.722059 -0.69183 -0.001653 0.722059 -0.69183 -0.001653 0.722059 0.021288 0.010874 0.999714 0.021288 0.010874 0.999714 0.021288 0.010874 0.999714 0.021288 0.010874 0.999714 0.721936 0.017031 0.691751 0.721936 0.017031 0.691751 0.721936 0.017031 0.691751 0.721936 0.017031 0.691751 0.999683 0.013212 -0.021431 0.999683 0.013212 -0.021431 0.999683 0.013212 -0.021431 0.999683 0.013212 -0.021431 0.69183 0.001653 -0.722059 0.69183 0.001653 -0.722059 0.69183 0.001653 -0.722059 0.69183 0.001653 -0.722059 -0.021288 -0.010874 -0.999714 -0.021288 -0.010874 -0.999714 -0.021288 -0.010874 -0.999714 -0.021288 -0.010874 -0.999714 -0.721935 -0.017031 -0.691751 -0.721935 -0.017031 -0.691751 -0.721935 -0.017031 -0.691751 -0.721935 -0.017031 -0.691751 -0.999683 -0.013212 0.021431 -0.999683 -0.013212 0.021431 -0.999683 -0.013212 0.021431 -0.999683 -0.013212 0.021431 0.013441 -0.999854 0.01059 0.013441 -0.999854 0.01059 0.013441 -0.999854 0.01059 0.013441 -0.999854 0.01059 0.013441 -0.999854 0.01059 0.013441 -0.999854 0.01059 0.013441 -0.999854 0.01059 0.013441 -0.999854 0.01059 0.013441 -0.999854 0.01059 -0.013441 0.999854 -0.01059 -0.013441 0.999854 -0.01059 -0.013441 0.999854 -0.01059 -0.013441 0.999854 -0.01059 -0.013441 0.999854 -0.01059 -0.013441 0.999854 -0.01059 -0.013441 0.999854 -0.01059 -0.013441 0.999854 -0.01059 -0.013441 0.999854 -0.01059 </float_array>
          <technique_common>
            <accessor count="50" offset="0" source="#meshId31-normals-array" stride="3">
              <param name="X" type="float" />
              <param name="Y" type="float" />
              <param name="Z" type="float" />
            </accessor>
          </technique_common>
        </source>
        <source id="meshId31-tangents" name="meshId31-tangents">
          <float_array id="meshId31-tangents-array" count="150"> 0.0134411 -0.999854 0.0105895 0.0134411 -0.999854 0.0105895 0.0134411 -0.999854 0.0105895 0.0134411 -0.999854 0.0105895 0.0134409 -0.999854 0.0105893 0.0134409 -0.999854 0.0105893 0.0134409 -0.999854 0.0105893 0.0134409 -0.999854 0.0105893 0.0134406 -0.999854 0.0105894 0.0134407 -0.999854 0.0105894 0.0134408 -0.999854 0.0105893 0.0134407 -0.999854 0.0105893 0.0134413 -0.999854 0.0105894 0.0134411 -0.999854 0.0105804 0.0134403 -0.999854 0.010545 0.0134405 -0.999854 0.010554 0.0134089 -0.999854 0.0105586 0.0134154 -0.999854 0.0105648 0.0134413 -0.999854 0.0105896 0.0134347 -0.999854 0.0105833 0.0134412 -0.999854 0.0105893 0.0134411 -0.999854 0.0105893 0.0134409 -0.999854 0.0105893 0.013441 -0.999854 0.0105893 0.0134406 -0.999854 0.0105894 0.0134407 -0.999854 0.0105894 0.0134408 -0.999854 0.0105893 0.0134407 -0.999854 0.0105893 0.0134413 -0.999854 0.0105894 0.0134413 -0.999853 0.0105895 0.0134413 -0.999854 0.0105897 0.0134413 -0.999854 0.0105896 -0.362894 0.00499101 0.931817 -0.362916 0.00499063 0.931809 -0.362905 0.00499083 0.931813 -0.362911 0.00499072 0.93181 -0.362894 0.00499101 0.931817 -0.362878 0.00499129 0.931823 -0.362895 0.00499099 0.931817 -0.362914 0.00499067 0.931809 -0.362934 0.0049903 0.931801 0.362894 -0.00499101 -0.931817 0.362895 -0.004991 -0.931817 0.362895 -0.004991 -0.931817 0.362908 -0.00499076 -0.931812 0.362894 -0.00499101 -0.931817 0.36288 -0.00499125 -0.931822 0.362895 -0.004991 -0.931817 0.362895 -0.00499099 -0.931817 0.362895 -0.004991 -0.931817 </float_array>
          <technique_common>
            <accessor count="50" offset="0" source="#meshId31-tangents-array" stride="3">
              <param name="X" type="float" />
              <param name="Y" type="float" />
              <param name="Z" type="float" />
            </accessor>
          </technique_common>
        </source>
        <source id="meshId31-bitangents" name="meshId31-bitangents">
          <float_array id="meshId31-bitangents-array" count="150"> 0.721935 0.0170314 0.691751 0.721935 0.0170314 0.691751 0.721935 0.0170314 0.691751 0.721935 0.0170314 0.691751 0.999683 0.0132116 -0.021431 0.999683 0.0132116 -0.021431 0.999683 0.0132116 -0.021431 0.999683 0.0132116 -0.021431 0.69183 0.00165269 -0.722059 0.69183 0.00165273 -0.722059 0.69183 0.00165288 -0.722059 0.69183 0.00165284 -0.722059 -0.021288 -0.0108741 -0.999714 -0.0212881 -0.0108651 -0.999714 -0.0212886 -0.0108297 -0.999715 -0.0212884 -0.0108387 -0.999715 -0.721936 -0.0169867 -0.691751 -0.721936 -0.0169958 -0.691751 -0.721935 -0.0170316 -0.691751 -0.721936 -0.0170225 -0.691751 -0.999683 -0.0132119 0.0214311 -0.999683 -0.0132119 0.021431 -0.999683 -0.0132116 0.021431 -0.999683 -0.0132117 0.021431 -0.69183 -0.00165271 0.722058 -0.69183 -0.00165275 0.722058 -0.69183 -0.00165289 0.722058 -0.69183 -0.00165285 0.722058 0.021288 0.0108741 0.999714 0.021288 0.0108742 0.999714 0.021288 0.0108744 0.999714 0.021288 0.0108743 0.999714 -0.931733 -0.0163676 -0.362774 -0.931725 -0.0163677 -0.362795 -0.931729 -0.0163677 -0.362784 -0.931727 -0.0163677 -0.362791 -0.931733 -0.0163676 -0.362774 -0.93174 -0.0163675 -0.362758 -0.931733 -0.0163676 -0.362775 -0.931726 -0.0163677 -0.362793 -0.931718 -0.0163678 -0.362814 -0.931733 -0.0163676 -0.362774 -0.931733 -0.0163676 -0.362774 -0.931733 -0.0163676 -0.362774 -0.931728 -0.0163677 -0.362788 -0.931733 -0.0163676 -0.362774 -0.931739 -0.0163675 -0.36276 -0.931733 -0.0163676 -0.362774 -0.931733 -0.0163676 -0.362775 -0.931733 -0.0163676 -0.362775 </float_array>
          <technique_common>
            <accessor count="50" offset="0" source="#meshId31-bitangents-array" stride="3">
              <param name="X" type="float" />
              <param name="Y" type="float" />
              <param name="Z" type="float" />
            </accessor>
          </technique_common>
        </source>
        <source id="meshId31-tex0" name="meshId31-tex0">
          <float_array id="meshId31-tex0-array" count="100"> 0.135117 0.598035 0.135117 0.605486 0.11356 0.605486 0.11356 0.598035 0.135117 0.605486 0.135117 0.612937 0.11356 0.612937 0.11356 0.605486 0.135117 0.612937 0.135117 0.620389 0.11356 0.620389 0.11356 0.612937 0.135117 0.620389 0.135117 0.62784 0.11356 0.627841 0.11356 0.620389 0.135117 0.62784 0.135117 0.635292 0.11356 0.635292 0.11356 0.627841 0.135117 0.635292 0.135117 0.642743 0.11356 0.642743 0.11356 0.635292 0.135117 0.642743 0.135117 0.650195 0.11356 0.650195 0.11356 0.642743 0.135117 0.650195 0.135117 0.657646 0.11356 0.657646 0.11356 0.650195 0.346019 0.513482 0.341071 0.525428 0.3298 0.513482 0.341071 0.501535 0.329124 0.496587 0.317178 0.501535 0.312229 0.513482 0.317178 0.525429 0.329124 0.530377 0.274495 0.539713 0.269116 0.526727 0.288215 0.526727 0.274495 0.513742 0.28748 0.508364 0.300465 0.513742 0.305844 0.526727 0.300465 0.539713 0.28748 0.545092 </float_array>
          <technique_common>
            <accessor count="50" offset="0" source="#meshId31-tex0-array" stride="2">
              <param name="S" type="float" />
              <param name="T" type="float" />
            </accessor>
          </technique_common>
        </source>
        <vertices id="meshId31-vertices">
          <input semantic="POSITION" source="#meshId31-positions" />
          <input semantic="NORMAL" source="#meshId31-normals" />
          <input semantic="TANGENT" source="#meshId31-tangents" />
          <input semantic="BINORMAL" source="#meshId31-bitangents" />
          <input semantic="TEXCOORD" source="#meshId31-tex0"  />
        </vertices>
        <polylist count="32" material="defaultMaterial">
          <input offset="0" semantic="VERTEX" source="#meshId31-vertices" />
          <vcount>3 3 3 3 3 3 3 3 3 3 3 3 3 3 3 3 3 3 3 3 3 3 3 3 3 3 3 3 3 3 3 3 </vcount>
          <p>3 0 1 1 2 3 7 4 5 5 6 7 11 8 9 9 10 11 15 12 13 13 14 15 19 16 17 17 18 19 23 20 21 21 22 23 27 24 25 25 26 27 31 28 29 29 30 31 32 33 34 35 32 34 36 35 34 37 36 34 38 37 34 39 38 34 40 39 34 33 40 34 41 42 43 42 44 43 44 45 43 45 46 43 46 47 43 47 48 43 48 49 43 49 41 43 </p>
        </polylist>
      </mesh>
    </geometry>
    <geometry id="meshId32" name="meshId32_name" >
      <mesh>
        <source id="meshId32-positions" name="meshId32-positions">
          <float_array id="meshId32-positions-array" count="162"> -0.614106 -0.858897 0.281752 -0.641337 -0.883022 0.281752 -0.641337 -0.883022 0.333229 -0.614106 -0.858897 0.333229 -0.654238 -0.917038 0.281752 -0.654238 -0.917038 0.333229 -0.649853 -0.953153 0.281752 -0.649853 -0.953153 0.333229 -0.649853 -0.953153 0.281752 -0.629187 -0.983093 0.281752 -0.629187 -0.983093 0.333229 -0.649853 -0.953153 0.333229 -0.596973 -1 0.281752 -0.596973 -1 0.333229 -0.560593 -1 0.281752 -0.560593 -1 0.333229 -0.52838 -0.983093 0.281752 -0.52838 -0.983093 0.333229 -0.507714 -0.953153 0.281752 -0.507714 -0.953153 0.333229 -0.503328 -0.917038 0.281752 -0.503328 -0.917038 0.333229 -0.516229 -0.883022 0.281752 -0.516229 -0.883022 0.333229 -0.54346 -0.858897 0.281752 -0.54346 -0.858897 0.333229 -0.578783 -0.850191 0.281752 -0.578783 -0.850191 0.333229 -0.614106 -0.858897 0.281752 -0.578783 -0.850191 0.281752 -0.54346 -0.858897 0.281752 -0.516229 -0.883022 0.281752 -0.503328 -0.917038 0.281752 -0.507714 -0.953153 0.281752 -0.52838 -0.983093 0.281752 -0.560593 -1 0.281752 -0.596973 -1 0.281752 -0.629187 -0.983093 0.281752 -0.649853 -0.953153 0.281752 -0.654238 -0.917038 0.281752 -0.641337 -0.883022 0.281752 -0.614106 -0.858897 0.333229 -0.641337 -0.883022 0.333229 -0.654238 -0.917038 0.333229 -0.649853 -0.953153 0.333229 -0.629187 -0.983093 0.333229 -0.596973 -1 0.333229 -0.560593 -1 0.333229 -0.52838 -0.983093 0.333229 -0.507714 -0.953153 0.333229 -0.503328 -0.917038 0.333229 -0.516229 -0.883022 0.333229 -0.54346 -0.858897 0.333229 -0.578783 -0.850191 0.333229 </float_array>
          <technique_common>
            <accessor count="54" offset="0" source="#meshId32-positions-array" stride="3">
              <param name="X" type="float" />
              <param name="Y" type="float" />
              <param name="Z" type="float" />
            </accessor>
          </technique_common>
        </source>
        <source id="meshId32-normals" name="meshId32-normals">
          <float_array id="meshId32-normals-array" count="162"> -0.464723 0.885456 0 -0.822984 0.568065 0 -0.822984 0.568065 0 -0.464723 0.885456 0 -0.992709 0.120538 -0 -0.992709 0.120538 -0 -0.935016 -0.354606 0 -0.935016 -0.354606 0 -0.935016 -0.354606 0 -0.663123 -0.748511 0 -0.663123 -0.748511 0 -0.935016 -0.354606 0 -0.239316 -0.970942 0 -0.239316 -0.970942 0 0.239316 -0.970942 0 0.239316 -0.970942 0 0.663123 -0.748511 0 0.663123 -0.748511 0 0.935016 -0.354606 0 0.935016 -0.354606 0 0.992709 0.120537 0 0.992709 0.120537 0 0.822984 0.568065 0 0.822984 0.568065 0 0.464723 0.885456 0 0.464723 0.885456 0 0 1 0 0 1 0 -0 0 -1 -0 0 -1 -0 0 -1 -0 0 -1 -0 0 -1 -0 0 -1 -0 0 -1 -0 0 -1 -0 0 -1 -0 0 -1 -0 0 -1 -0 0 -1 -0 0 -1 0 -0 1 0 -0 1 0 -0 1 0 -0 1 0 -0 1 0 -0 1 0 -0 1 0 -0 1 0 -0 1 0 -0 1 0 -0 1 0 -0 1 0 -0 1 </float_array>
          <technique_common>
            <accessor count="54" offset="0" source="#meshId32-normals-array" stride="3">
              <param name="X" type="float" />
              <param name="Y" type="float" />
              <param name="Z" type="float" />
            </accessor>
          </technique_common>
        </source>
        <source id="meshId32-tangents" name="meshId32-tangents">
          <float_array id="meshId32-tangents-array" count="162"> -0.885456 -0.464723 -4.54277e-05 -0.568065 -0.822984 -7.54631e-05 -0.568065 -0.822983 -8.48773e-05 -0.885456 -0.464723 -4.54277e-05 -0.120538 -0.992709 -0.000110861 -0.120538 -0.992709 -0.000110861 0.354606 -0.935016 -0.000108594 0.354606 -0.935016 -8.97657e-05 0.354606 -0.935016 -6.11604e-05 0.748511 -0.663123 -6.06838e-05 0.748511 -0.663123 -6.06838e-05 0.354606 -0.935016 -6.11604e-05 0.970942 -0.239316 -3.01036e-05 0.970942 -0.239316 -3.01036e-05 0.970942 0.239316 3.00355e-05 0.970942 0.239316 2.09144e-05 0.748511 0.663123 5.48883e-05 0.748511 0.663123 5.48884e-05 0.354606 0.935016 9.62412e-05 0.354606 0.935016 0.000105362 -0.120537 0.992709 0.000104886 -0.120537 0.992709 0.000104886 -0.568065 0.822984 7.53269e-05 -0.568065 0.822984 7.53269e-05 -0.885456 0.464723 4.52915e-05 -0.885456 0.464723 4.52915e-05 -1 0 -6.81324e-08 -1 0 -6.81347e-08 -3.23731e-05 1 0 -1.56065e-05 1 0 1.30376e-05 1 0 -3.97115e-06 1 0 6.62201e-06 1 0 1.35203e-05 1 0 -7.70448e-06 1 0 -9.38314e-06 1 0 1.51008e-05 1 0 -1.02119e-05 1 0 -4.65627e-06 1 0 -1.04964e-05 1 0 -3.84353e-06 1 0 -3.23731e-05 1 0 9.72036e-06 1 0 -1.05466e-05 1 0 -8.54778e-06 1 0 -1.62166e-05 1 0 -1.60464e-05 1 0 -1.05699e-05 1 0 -3.83795e-06 1 0 8.97197e-06 1 0 9.08662e-06 1 0 -7.11186e-06 1 0 3.85989e-05 1 0 -3.23938e-06 1 0 </float_array>
          <technique_common>
            <accessor count="54" offset="0" source="#meshId32-tangents-array" stride="3">
              <param name="X" type="float" />
              <param name="Y" type="float" />
              <param name="Z" type="float" />
            </accessor>
          </technique_common>
        </source>
        <source id="meshId32-bitangents" name="meshId32-bitangents">
          <float_array id="meshId32-bitangents-array" count="162"> -4.02243e-05 -2.11113e-05 1 -4.2868e-05 -6.21049e-05 1 -4.82159e-05 -6.98527e-05 1 -4.02243e-05 -2.11113e-05 1 -1.3363e-05 -0.000110053 1 -1.3363e-05 -0.000110053 1 3.85082e-05 -0.000101537 1 3.18315e-05 -8.39324e-05 1 2.16879e-05 -5.7186e-05 1 4.54225e-05 -4.02408e-05 1 4.54224e-05 -4.02408e-05 1 2.16879e-05 -5.7186e-05 1 2.92288e-05 -7.20426e-06 1 2.92288e-05 -7.20426e-06 1 -2.91627e-05 -7.18796e-06 1 -2.03067e-05 -5.00516e-06 1 -4.10845e-05 -3.63977e-05 1 -4.10846e-05 -3.63978e-05 1 -3.41277e-05 -8.9987e-05 1 -3.73621e-05 -9.85155e-05 1 1.26426e-05 -0.000104121 1 1.26426e-05 -0.000104121 1 4.27906e-05 -6.19929e-05 1 4.27906e-05 -6.19928e-05 1 4.01037e-05 -2.1048e-05 1 4.01037e-05 -2.1048e-05 1 -6.81324e-08 0 1 -6.81347e-08 0 1 1 3.23731e-05 0 1 1.56065e-05 0 1 -1.30376e-05 -0 1 3.97115e-06 0 1 -6.62201e-06 -0 1 -1.35203e-05 -0 1 7.70448e-06 0 1 9.38314e-06 0 1 -1.51008e-05 -0 1 1.02119e-05 0 1 4.65627e-06 0 1 1.04964e-05 0 1 3.84353e-06 0 -1 -3.23731e-05 0 -1 9.72036e-06 0 -1 -1.05466e-05 0 -1 -8.54778e-06 0 -1 -1.62166e-05 0 -1 -1.60464e-05 0 -1 -1.05699e-05 0 -1 -3.83795e-06 0 -1 8.97197e-06 0 -1 9.08662e-06 0 -1 -7.11186e-06 0 -1 3.85989e-05 0 -1 -3.23938e-06 0 </float_array>
          <technique_common>
            <accessor count="54" offset="0" source="#meshId32-bitangents-array" stride="3">
              <param name="X" type="float" />
              <param name="Y" type="float" />
              <param name="Z" type="float" />
            </accessor>
          </technique_common>
        </source>
        <source id="meshId32-tex0" name="meshId32-tex0">
          <float_array id="meshId32-tex0-array" count="108"> 0.119929 0.370113 0.130878 0.370115 0.130877 0.418505 0.119927 0.418503 0.141766 0.370118 0.141764 0.418509 0.152578 0.370122 0.152576 0.418512 0.011749 0.370122 0.022492 0.370124 0.022491 0.418514 0.011747 0.418512 0.033188 0.370126 0.033187 0.418516 0.043867 0.370126 0.043867 0.418516 0.054563 0.370124 0.054564 0.418515 0.065306 0.370122 0.065307 0.418512 0.076119 0.370118 0.07612 0.418508 0.087005 0.370115 0.087006 0.418505 0.097955 0.370113 0.097956 0.418503 0.108943 0.370112 0.108943 0.418502 0.197344 0.384578 0.199991 0.395317 0.197344 0.406056 0.190009 0.414335 0.179667 0.418257 0.168688 0.416924 0.159586 0.410641 0.154445 0.400847 0.154445 0.389787 0.159586 0.379993 0.168688 0.37371 0.179667 0.372377 0.190009 0.376299 0.245694 0.404793 0.23836 0.413072 0.228018 0.416994 0.217039 0.415661 0.207936 0.409378 0.202796 0.399585 0.202796 0.388524 0.207936 0.37873 0.217039 0.372447 0.228018 0.371114 0.23836 0.375036 0.245694 0.383315 0.248341 0.394054 </float_array>
          <technique_common>
            <accessor count="54" offset="0" source="#meshId32-tex0-array" stride="2">
              <param name="S" type="float" />
              <param name="T" type="float" />
            </accessor>
          </technique_common>
        </source>
        <vertices id="meshId32-vertices">
          <input semantic="POSITION" source="#meshId32-positions" />
          <input semantic="NORMAL" source="#meshId32-normals" />
          <input semantic="TANGENT" source="#meshId32-tangents" />
          <input semantic="BINORMAL" source="#meshId32-bitangents" />
          <input semantic="TEXCOORD" source="#meshId32-tex0"  />
        </vertices>
        <polylist count="48" material="defaultMaterial">
          <input offset="0" semantic="VERTEX" source="#meshId32-vertices" />
          <vcount>3 3 3 3 3 3 3 3 3 3 3 3 3 3 3 3 3 3 3 3 3 3 3 3 3 3 3 3 3 3 3 3 3 3 3 3 3 3 3 3 3 3 3 3 3 3 3 3 </vcount>
          <p>3 0 1 1 2 3 2 1 4 4 5 2 5 4 6 6 7 5 11 8 9 9 10 11 10 9 12 12 13 10 13 12 14 14 15 13 15 14 16 16 17 15 17 16 18 18 19 17 19 18 20 20 21 19 21 20 22 22 23 21 23 22 24 24 25 23 25 24 26 26 27 25 27 26 0 0 3 27 40 28 29 40 29 30 40 30 31 40 31 32 40 32 33 40 33 34 40 34 35 40 35 36 40 36 37 40 37 38 38 39 40 53 41 42 53 42 43 53 43 44 53 44 45 53 45 46 53 46 47 53 47 48 53 48 49 53 49 50 53 50 51 51 52 53 </p>
        </polylist>
      </mesh>
    </geometry>
    <geometry id="meshId33" name="meshId33_name" >
      <mesh>
        <source id="meshId33-positions" name="meshId33-positions">
          <float_array id="meshId33-positions-array" count="162"> -0.614106 -0.858897 -0.331863 -0.641337 -0.883022 -0.331863 -0.641337 -0.883022 -0.280387 -0.614106 -0.858897 -0.280387 -0.654238 -0.917038 -0.331863 -0.654238 -0.917038 -0.280387 -0.649853 -0.953153 -0.331863 -0.649853 -0.953153 -0.280387 -0.649853 -0.953153 -0.331863 -0.629187 -0.983093 -0.331863 -0.629187 -0.983093 -0.280387 -0.649853 -0.953153 -0.280387 -0.596973 -1 -0.331863 -0.596973 -1 -0.280387 -0.560593 -1 -0.331863 -0.560593 -1 -0.280387 -0.52838 -0.983093 -0.331863 -0.52838 -0.983093 -0.280387 -0.507714 -0.953153 -0.331863 -0.507714 -0.953153 -0.280387 -0.503328 -0.917038 -0.331863 -0.503328 -0.917038 -0.280387 -0.516229 -0.883022 -0.331863 -0.516229 -0.883022 -0.280387 -0.54346 -0.858897 -0.331863 -0.54346 -0.858897 -0.280387 -0.578783 -0.850191 -0.331863 -0.578783 -0.850191 -0.280387 -0.614106 -0.858897 -0.331863 -0.578783 -0.850191 -0.331863 -0.54346 -0.858897 -0.331863 -0.516229 -0.883022 -0.331863 -0.503328 -0.917038 -0.331863 -0.507714 -0.953153 -0.331863 -0.52838 -0.983093 -0.331863 -0.560593 -1 -0.331863 -0.596973 -1 -0.331863 -0.629187 -0.983093 -0.331863 -0.649853 -0.953153 -0.331863 -0.654238 -0.917038 -0.331863 -0.641337 -0.883022 -0.331863 -0.614106 -0.858897 -0.280387 -0.641337 -0.883022 -0.280387 -0.654238 -0.917038 -0.280387 -0.649853 -0.953153 -0.280387 -0.629187 -0.983093 -0.280387 -0.596973 -1 -0.280387 -0.560593 -1 -0.280387 -0.52838 -0.983093 -0.280387 -0.507714 -0.953153 -0.280387 -0.503328 -0.917038 -0.280387 -0.516229 -0.883022 -0.280387 -0.54346 -0.858897 -0.280387 -0.578783 -0.850191 -0.280387 </float_array>
          <technique_common>
            <accessor count="54" offset="0" source="#meshId33-positions-array" stride="3">
              <param name="X" type="float" />
              <param name="Y" type="float" />
              <param name="Z" type="float" />
            </accessor>
          </technique_common>
        </source>
        <source id="meshId33-normals" name="meshId33-normals">
          <float_array id="meshId33-normals-array" count="162"> -0.464723 0.885456 0 -0.822984 0.568065 0 -0.822984 0.568065 0 -0.464723 0.885456 0 -0.992709 0.120538 -0 -0.992709 0.120538 -0 -0.935016 -0.354606 0 -0.935016 -0.354606 0 -0.935016 -0.354606 0 -0.663123 -0.748511 0 -0.663123 -0.748511 0 -0.935016 -0.354606 0 -0.239316 -0.970942 0 -0.239316 -0.970942 0 0.239316 -0.970942 0 0.239316 -0.970942 0 0.663123 -0.748511 0 0.663123 -0.748511 0 0.935016 -0.354606 0 0.935016 -0.354606 0 0.992709 0.120537 0 0.992709 0.120537 0 0.822984 0.568065 0 0.822984 0.568065 0 0.464723 0.885456 0 0.464723 0.885456 0 0 1 0 0 1 0 -0 0 -1 -0 0 -1 -0 0 -1 -0 0 -1 -0 0 -1 -0 0 -1 -0 0 -1 -0 0 -1 -0 0 -1 -0 0 -1 -0 0 -1 -0 0 -1 -0 0 -1 0 -0 1 0 -0 1 0 -0 1 0 -0 1 0 -0 1 0 -0 1 0 -0 1 0 -0 1 0 -0 1 0 -0 1 0 -0 1 0 -0 1 0 -0 1 </float_array>
          <technique_common>
            <accessor count="54" offset="0" source="#meshId33-normals-array" stride="3">
              <param name="X" type="float" />
              <param name="Y" type="float" />
              <param name="Z" type="float" />
            </accessor>
          </technique_common>
        </source>
        <source id="meshId33-tangents" name="meshId33-tangents">
          <float_array id="meshId33-tangents-array" count="162"> -0.885456 -0.464723 -4.54277e-05 -0.568065 -0.822984 -7.54631e-05 -0.568065 -0.822983 -8.48773e-05 -0.885456 -0.464723 -4.54277e-05 -0.120538 -0.992709 -0.000110861 -0.120538 -0.992709 -0.000110861 0.354606 -0.935016 -0.000108594 0.354606 -0.935016 -8.97657e-05 0.354606 -0.935016 -6.11604e-05 0.748511 -0.663123 -6.06838e-05 0.748511 -0.663123 -6.06838e-05 0.354606 -0.935016 -6.11604e-05 0.970942 -0.239316 -3.01036e-05 0.970942 -0.239316 -3.01036e-05 0.970942 0.239316 3.00355e-05 0.970942 0.239316 2.09144e-05 0.748511 0.663123 5.48883e-05 0.748511 0.663123 5.48884e-05 0.354606 0.935016 9.62412e-05 0.354606 0.935016 0.000105362 -0.120537 0.992709 0.000104886 -0.120537 0.992709 0.000104886 -0.568065 0.822984 7.53269e-05 -0.568065 0.822984 7.53269e-05 -0.885456 0.464723 4.52915e-05 -0.885456 0.464723 4.52915e-05 -1 0 -6.81324e-08 -1 0 -6.81347e-08 -3.23731e-05 1 0 -1.56065e-05 1 0 1.30376e-05 1 0 -3.97115e-06 1 0 6.62201e-06 1 0 1.35203e-05 1 0 -7.70448e-06 1 0 -9.38314e-06 1 0 1.51008e-05 1 0 -1.02119e-05 1 0 -4.65627e-06 1 0 -1.04964e-05 1 0 -3.84353e-06 1 0 -3.23731e-05 1 0 9.72036e-06 1 0 -1.05466e-05 1 0 -8.54778e-06 1 0 -1.62166e-05 1 0 -1.60464e-05 1 0 -1.05699e-05 1 0 1.0102e-05 1 0 1.47776e-05 1 0 -5.71362e-05 1 0 -7.11186e-06 1 0 3.85989e-05 1 0 -7.11247e-06 1 0 </float_array>
          <technique_common>
            <accessor count="54" offset="0" source="#meshId33-tangents-array" stride="3">
              <param name="X" type="float" />
              <param name="Y" type="float" />
              <param name="Z" type="float" />
            </accessor>
          </technique_common>
        </source>
        <source id="meshId33-bitangents" name="meshId33-bitangents">
          <float_array id="meshId33-bitangents-array" count="162"> -4.02243e-05 -2.11113e-05 1 -4.2868e-05 -6.21049e-05 1 -4.82159e-05 -6.98527e-05 1 -4.02243e-05 -2.11113e-05 1 -1.3363e-05 -0.000110053 1 -1.3363e-05 -0.000110053 1 3.85082e-05 -0.000101537 1 3.18315e-05 -8.39324e-05 1 2.16879e-05 -5.7186e-05 1 4.54225e-05 -4.02408e-05 1 4.54224e-05 -4.02408e-05 1 2.16879e-05 -5.7186e-05 1 2.92288e-05 -7.20426e-06 1 2.92288e-05 -7.20426e-06 1 -2.91627e-05 -7.18796e-06 1 -2.03067e-05 -5.00516e-06 1 -4.10845e-05 -3.63977e-05 1 -4.10846e-05 -3.63978e-05 1 -3.41277e-05 -8.9987e-05 1 -3.73621e-05 -9.85155e-05 1 1.26426e-05 -0.000104121 1 1.26426e-05 -0.000104121 1 4.27906e-05 -6.19929e-05 1 4.27906e-05 -6.19928e-05 1 4.01037e-05 -2.1048e-05 1 4.01037e-05 -2.1048e-05 1 -6.81324e-08 0 1 -6.81347e-08 0 1 1 3.23731e-05 0 1 1.56065e-05 0 1 -1.30376e-05 -0 1 3.97115e-06 0 1 -6.62201e-06 -0 1 -1.35203e-05 -0 1 7.70448e-06 0 1 9.38314e-06 0 1 -1.51008e-05 -0 1 1.02119e-05 0 1 4.65627e-06 0 1 1.04964e-05 0 1 3.84353e-06 0 -1 -3.23731e-05 0 -1 9.72036e-06 0 -1 -1.05466e-05 0 -1 -8.54778e-06 0 -1 -1.62166e-05 0 -1 -1.60464e-05 0 -1 -1.05699e-05 0 -1 1.0102e-05 0 -1 1.47776e-05 0 -1 -5.71362e-05 0 -1 -7.11186e-06 0 -1 3.85989e-05 0 -1 -7.11247e-06 0 </float_array>
          <technique_common>
            <accessor count="54" offset="0" source="#meshId33-bitangents-array" stride="3">
              <param name="X" type="float" />
              <param name="Y" type="float" />
              <param name="Z" type="float" />
            </accessor>
          </technique_common>
        </source>
        <source id="meshId33-tex0" name="meshId33-tex0">
          <float_array id="meshId33-tex0-array" count="108"> 0.119929 0.370113 0.130878 0.370115 0.130877 0.418505 0.119927 0.418503 0.141766 0.370118 0.141764 0.418509 0.152578 0.370122 0.152576 0.418512 0.011749 0.370122 0.022492 0.370124 0.022491 0.418514 0.011747 0.418512 0.033188 0.370126 0.033187 0.418516 0.043867 0.370126 0.043867 0.418516 0.054563 0.370124 0.054564 0.418515 0.065306 0.370122 0.065307 0.418512 0.076119 0.370118 0.07612 0.418508 0.087005 0.370115 0.087006 0.418505 0.097955 0.370113 0.097956 0.418503 0.108943 0.370112 0.108943 0.418502 0.245695 0.384578 0.248341 0.395317 0.245694 0.406056 0.238359 0.414335 0.228018 0.418257 0.217039 0.416924 0.207936 0.410641 0.202796 0.400847 0.202796 0.389787 0.207936 0.379993 0.217039 0.37371 0.228018 0.372377 0.238359 0.376299 0.197343 0.404793 0.190009 0.413072 0.179668 0.416994 0.168688 0.415661 0.159585 0.409378 0.154446 0.399585 0.154446 0.388524 0.159585 0.37873 0.168688 0.372448 0.179668 0.371114 0.190009 0.375036 0.197343 0.383315 0.199991 0.394054 </float_array>
          <technique_common>
            <accessor count="54" offset="0" source="#meshId33-tex0-array" stride="2">
              <param name="S" type="float" />
              <param name="T" type="float" />
            </accessor>
          </technique_common>
        </source>
        <vertices id="meshId33-vertices">
          <input semantic="POSITION" source="#meshId33-positions" />
          <input semantic="NORMAL" source="#meshId33-normals" />
          <input semantic="TANGENT" source="#meshId33-tangents" />
          <input semantic="BINORMAL" source="#meshId33-bitangents" />
          <input semantic="TEXCOORD" source="#meshId33-tex0"  />
        </vertices>
        <polylist count="48" material="defaultMaterial">
          <input offset="0" semantic="VERTEX" source="#meshId33-vertices" />
          <vcount>3 3 3 3 3 3 3 3 3 3 3 3 3 3 3 3 3 3 3 3 3 3 3 3 3 3 3 3 3 3 3 3 3 3 3 3 3 3 3 3 3 3 3 3 3 3 3 3 </vcount>
          <p>3 0 1 1 2 3 2 1 4 4 5 2 5 4 6 6 7 5 11 8 9 9 10 11 10 9 12 12 13 10 13 12 14 14 15 13 15 14 16 16 17 15 17 16 18 18 19 17 19 18 20 20 21 19 21 20 22 22 23 21 23 22 24 24 25 23 25 24 26 26 27 25 27 26 0 0 3 27 40 28 29 40 29 30 40 30 31 40 31 32 40 32 33 40 33 34 40 34 35 40 35 36 40 36 37 40 37 38 38 39 40 53 41 42 53 42 43 53 43 44 53 44 45 53 45 46 53 46 47 53 47 48 53 48 49 53 49 50 53 50 51 51 52 53 </p>
        </polylist>
      </mesh>
    </geometry>
    <geometry id="meshId34" name="meshId34_name" >
      <mesh>
        <source id="meshId34-positions" name="meshId34-positions">
          <float_array id="meshId34-positions-array" count="162"> 0.557106 -0.858897 -0.331863 0.529875 -0.883022 -0.331863 0.529875 -0.883022 -0.280387 0.557106 -0.858897 -0.280387 0.516975 -0.917038 -0.331863 0.516975 -0.917038 -0.280387 0.52136 -0.953153 -0.331863 0.52136 -0.953153 -0.280387 0.52136 -0.953153 -0.331863 0.542026 -0.983093 -0.331863 0.542026 -0.983093 -0.280387 0.52136 -0.953153 -0.280387 0.574239 -1 -0.331863 0.574239 -1 -0.280387 0.610619 -1 -0.331863 0.610619 -1 -0.280387 0.642833 -0.983093 -0.331863 0.642833 -0.983093 -0.280387 0.663499 -0.953153 -0.331863 0.663499 -0.953153 -0.280387 0.667884 -0.917038 -0.331863 0.667884 -0.917038 -0.280387 0.654984 -0.883022 -0.331863 0.654984 -0.883022 -0.280387 0.627753 -0.858897 -0.331863 0.627753 -0.858897 -0.280387 0.592429 -0.850191 -0.331863 0.592429 -0.850191 -0.280387 0.557106 -0.858897 -0.331863 0.592429 -0.850191 -0.331863 0.627753 -0.858897 -0.331863 0.654984 -0.883022 -0.331863 0.667884 -0.917038 -0.331863 0.663499 -0.953153 -0.331863 0.642833 -0.983093 -0.331863 0.610619 -1 -0.331863 0.574239 -1 -0.331863 0.542026 -0.983093 -0.331863 0.52136 -0.953153 -0.331863 0.516975 -0.917038 -0.331863 0.529875 -0.883022 -0.331863 0.557106 -0.858897 -0.280387 0.529875 -0.883022 -0.280387 0.516975 -0.917038 -0.280387 0.52136 -0.953153 -0.280387 0.542026 -0.983093 -0.280387 0.574239 -1 -0.280387 0.610619 -1 -0.280387 0.642833 -0.983093 -0.280387 0.663499 -0.953153 -0.280387 0.667884 -0.917038 -0.280387 0.654984 -0.883022 -0.280387 0.627753 -0.858897 -0.280387 0.592429 -0.850191 -0.280387 </float_array>
          <technique_common>
            <accessor count="54" offset="0" source="#meshId34-positions-array" stride="3">
              <param name="X" type="float" />
              <param name="Y" type="float" />
              <param name="Z" type="float" />
            </accessor>
          </technique_common>
        </source>
        <source id="meshId34-normals" name="meshId34-normals">
          <float_array id="meshId34-normals-array" count="162"> -0.464723 0.885456 0 -0.822984 0.568065 0 -0.822984 0.568065 0 -0.464723 0.885456 0 -0.992709 0.120538 -0 -0.992709 0.120538 -0 -0.935016 -0.354605 0 -0.935016 -0.354605 0 -0.935016 -0.354605 0 -0.663123 -0.748511 0 -0.663123 -0.748511 0 -0.935016 -0.354605 0 -0.239316 -0.970942 0 -0.239316 -0.970942 0 0.239315 -0.970942 0 0.239315 -0.970942 0 0.663122 -0.748511 0 0.663122 -0.748511 0 0.935016 -0.354606 0 0.935016 -0.354606 0 0.992709 0.120537 0 0.992709 0.120537 0 0.822984 0.568065 0 0.822984 0.568065 0 0.464723 0.885456 0 0.464723 0.885456 0 0 1 0 0 1 0 -0 0 -1 -0 0 -1 -0 0 -1 -0 0 -1 -0 0 -1 -0 0 -1 -0 0 -1 -0 0 -1 -0 0 -1 -0 0 -1 -0 0 -1 -0 0 -1 -0 0 -1 0 -0 1 0 -0 1 0 -0 1 0 -0 1 0 -0 1 0 -0 1 0 -0 1 0 -0 1 0 -0 1 0 -0 1 0 -0 1 0 -0 1 0 -0 1 </float_array>
          <technique_common>
            <accessor count="54" offset="0" source="#meshId34-normals-array" stride="3">
              <param name="X" type="float" />
              <param name="Y" type="float" />
              <param name="Z" type="float" />
            </accessor>
          </technique_common>
        </source>
        <source id="meshId34-tangents" name="meshId34-tangents">
          <float_array id="meshId34-tangents-array" count="162"> -0.885456 -0.464723 -4.54277e-05 -0.568065 -0.822984 -7.54632e-05 -0.568065 -0.822984 -8.48775e-05 -0.885456 -0.464723 -4.54277e-05 -0.120538 -0.992709 -0.000110861 -0.120538 -0.992709 -0.000110861 0.354605 -0.935016 -0.000108594 0.354605 -0.935016 -8.97658e-05 0.354605 -0.935016 -6.11605e-05 0.748511 -0.663123 -6.06838e-05 0.748511 -0.663123 -6.06838e-05 0.354605 -0.935016 -6.11605e-05 0.970942 -0.239316 -3.01036e-05 0.970942 -0.239316 -3.01036e-05 0.970942 0.239315 3.00354e-05 0.970942 0.239315 2.09144e-05 0.748511 0.663122 5.48882e-05 0.748511 0.663122 5.48884e-05 0.354606 0.935016 9.62412e-05 0.354606 0.935016 0.000105362 -0.120537 0.992709 0.000104886 -0.120537 0.992709 0.000104886 -0.568065 0.822983 7.53269e-05 -0.568065 0.822983 7.53269e-05 -0.885456 0.464723 4.52915e-05 -0.885456 0.464723 4.52915e-05 -1 0 -6.81069e-08 -1 0 -6.81092e-08 -3.23731e-05 1 0 -1.3564e-05 1 0 1.13701e-05 1 0 -4.66317e-06 1 0 5.48277e-06 1 0 1.25533e-05 1 0 -6.77279e-06 1 0 -8.09324e-06 1 0 1.46427e-05 1 0 -1.02119e-05 1 0 -4.50592e-06 1 0 -8.84269e-06 1 0 -3.74818e-06 1 0 -3.23731e-05 1 0 5.83965e-06 1 0 -9.03905e-06 1 0 -7.78654e-06 1 0 -1.62166e-05 1 0 -1.59362e-05 1 0 -1.01038e-05 1 0 1.05022e-05 1 0 1.41661e-05 1 0 -5.83817e-05 1 0 -7.67785e-06 1 0 3.23733e-05 1 0 -7.88612e-06 1 0 </float_array>
          <technique_common>
            <accessor count="54" offset="0" source="#meshId34-tangents-array" stride="3">
              <param name="X" type="float" />
              <param name="Y" type="float" />
              <param name="Z" type="float" />
            </accessor>
          </technique_common>
        </source>
        <source id="meshId34-bitangents" name="meshId34-bitangents">
          <float_array id="meshId34-bitangents-array" count="162"> -4.02243e-05 -2.11113e-05 1 -4.2868e-05 -6.2105e-05 1 -4.82159e-05 -6.98528e-05 1 -4.02243e-05 -2.11113e-05 1 -1.3363e-05 -0.000110053 1 -1.3363e-05 -0.000110053 1 3.85081e-05 -0.000101537 1 3.18314e-05 -8.39325e-05 1 2.16878e-05 -5.7186e-05 1 4.54225e-05 -4.02408e-05 1 4.54224e-05 -4.02408e-05 1 2.16878e-05 -5.7186e-05 1 2.92288e-05 -7.20426e-06 1 2.92288e-05 -7.20426e-06 1 -2.91626e-05 -7.18791e-06 1 -2.03067e-05 -5.00513e-06 1 -4.10844e-05 -3.63976e-05 1 -4.10846e-05 -3.63977e-05 1 -3.41277e-05 -8.99871e-05 1 -3.73621e-05 -9.85155e-05 1 1.26426e-05 -0.000104121 1 1.26426e-05 -0.000104121 1 4.27906e-05 -6.19928e-05 1 4.27906e-05 -6.19928e-05 1 4.01037e-05 -2.1048e-05 1 4.01037e-05 -2.1048e-05 1 -6.81069e-08 0 1 -6.81092e-08 0 1 1 3.23731e-05 0 1 1.3564e-05 0 1 -1.13701e-05 -0 1 4.66317e-06 0 1 -5.48277e-06 -0 1 -1.25533e-05 -0 1 6.77279e-06 0 1 8.09324e-06 0 1 -1.46427e-05 -0 1 1.02119e-05 0 1 4.50592e-06 0 1 8.84269e-06 0 1 3.74818e-06 0 -1 -3.23731e-05 0 -1 5.83965e-06 0 -1 -9.03905e-06 0 -1 -7.78654e-06 0 -1 -1.62166e-05 0 -1 -1.59362e-05 0 -1 -1.01038e-05 0 -1 1.05022e-05 0 -1 1.41661e-05 0 -1 -5.83817e-05 0 -1 -7.67785e-06 0 -1 3.23733e-05 0 -1 -7.88612e-06 0 </float_array>
          <technique_common>
            <accessor count="54" offset="0" source="#meshId34-bitangents-array" stride="3">
              <param name="X" type="float" />
              <param name="Y" type="float" />
              <param name="Z" type="float" />
            </accessor>
          </technique_common>
        </source>
        <source id="meshId34-tex0" name="meshId34-tex0">
          <float_array id="meshId34-tex0-array" count="108"> 0.119929 0.370113 0.130878 0.370115 0.130877 0.418505 0.119927 0.418503 0.141766 0.370118 0.141764 0.418509 0.152578 0.370122 0.152576 0.418512 0.011749 0.370122 0.022492 0.370124 0.022491 0.418514 0.011747 0.418512 0.033188 0.370126 0.033187 0.418516 0.043867 0.370126 0.043867 0.418516 0.054563 0.370124 0.054564 0.418515 0.065306 0.370122 0.065307 0.418512 0.076119 0.370118 0.07612 0.418508 0.087005 0.370115 0.087006 0.418505 0.097955 0.370113 0.097956 0.418503 0.108943 0.370112 0.108943 0.418502 0.245695 0.384578 0.248341 0.395317 0.245694 0.406056 0.238359 0.414335 0.228018 0.418257 0.217039 0.416924 0.207936 0.410641 0.202796 0.400847 0.202796 0.389787 0.207936 0.379993 0.217039 0.37371 0.228018 0.372377 0.238359 0.376299 0.197344 0.404793 0.190009 0.413072 0.179668 0.416994 0.168688 0.415661 0.159585 0.409378 0.154446 0.399585 0.154446 0.388524 0.159585 0.37873 0.168688 0.372448 0.179668 0.371114 0.190009 0.375036 0.197344 0.383315 0.199991 0.394054 </float_array>
          <technique_common>
            <accessor count="54" offset="0" source="#meshId34-tex0-array" stride="2">
              <param name="S" type="float" />
              <param name="T" type="float" />
            </accessor>
          </technique_common>
        </source>
        <vertices id="meshId34-vertices">
          <input semantic="POSITION" source="#meshId34-positions" />
          <input semantic="NORMAL" source="#meshId34-normals" />
          <input semantic="TANGENT" source="#meshId34-tangents" />
          <input semantic="BINORMAL" source="#meshId34-bitangents" />
          <input semantic="TEXCOORD" source="#meshId34-tex0"  />
        </vertices>
        <polylist count="48" material="defaultMaterial">
          <input offset="0" semantic="VERTEX" source="#meshId34-vertices" />
          <vcount>3 3 3 3 3 3 3 3 3 3 3 3 3 3 3 3 3 3 3 3 3 3 3 3 3 3 3 3 3 3 3 3 3 3 3 3 3 3 3 3 3 3 3 3 3 3 3 3 </vcount>
          <p>3 0 1 1 2 3 2 1 4 4 5 2 5 4 6 6 7 5 11 8 9 9 10 11 10 9 12 12 13 10 13 12 14 14 15 13 15 14 16 16 17 15 17 16 18 18 19 17 19 18 20 20 21 19 21 20 22 22 23 21 23 22 24 24 25 23 25 24 26 26 27 25 27 26 0 0 3 27 40 28 29 40 29 30 40 30 31 40 31 32 40 32 33 40 33 34 40 34 35 40 35 36 40 36 37 40 37 38 38 39 40 53 41 42 53 42 43 53 43 44 53 44 45 53 45 46 53 46 47 53 47 48 53 48 49 53 49 50 53 50 51 51 52 53 </p>
        </polylist>
      </mesh>
    </geometry>
    <geometry id="meshId35" name="meshId35_name" >
      <mesh>
        <source id="meshId35-positions" name="meshId35-positions">
          <float_array id="meshId35-positions-array" count="288"> -0.627282 -0.947185 0.190019 -0.455353 -0.961522 0.190019 -0.455353 -0.896056 0.190019 -0.627282 -0.910393 0.190019 -0.627282 -0.910393 0.190019 -0.455353 -0.896056 0.190019 -0.455353 -0.896056 -0.190195 -0.627282 -0.910393 -0.190195 -0.627282 -0.910393 -0.190195 -0.455353 -0.896056 -0.190195 -0.455353 -0.961522 -0.190195 -0.627282 -0.947185 -0.190195 -0.627282 -0.947185 -0.190195 -0.455353 -0.961522 -0.190195 -0.455353 -0.961522 0.190019 -0.627282 -0.947185 0.190019 0.640157 -0.947185 0.190019 0.640157 -0.947185 -0.190195 0.640157 -0.910393 -0.190195 0.640157 -0.910393 0.190019 -0.627282 -0.947185 -0.190195 -0.627282 -0.947185 0.190019 -0.627282 -0.910393 0.190019 -0.627282 -0.910393 -0.190195 -0.412579 -0.896056 -0.190195 -0.412579 -0.961522 -0.190195 -0.412579 -0.961522 -0.190195 -0.412579 -0.961522 0.190019 -0.412579 -0.961522 0.190019 -0.412579 -0.896056 0.190019 -0.412579 -0.896056 0.190019 -0.370449 -0.873941 0.0633988 -0.370449 -0.873941 -0.063575 -0.412579 -0.896056 -0.190195 -0.370449 -0.873941 -0.063575 -0.370449 -0.899528 -0.063575 -0.370449 -0.899528 -0.063575 -0.370449 -0.899528 0.0633988 -0.370449 -0.899528 0.0633988 -0.370449 -0.873941 0.0633988 0.469638 -0.896056 0.190019 0.640157 -0.910393 0.190019 0.640157 -0.910393 -0.190195 0.469638 -0.896056 -0.190195 0.469638 -0.961522 -0.190195 0.469638 -0.896056 -0.190195 0.640157 -0.910393 -0.190195 0.640157 -0.947185 -0.190195 0.469638 -0.961522 0.190019 0.469638 -0.961522 -0.190195 0.640157 -0.947185 -0.190195 0.640157 -0.947185 0.190019 0.469638 -0.896056 0.190019 0.469638 -0.961522 0.190019 0.640157 -0.947185 0.190019 0.640157 -0.910393 0.190019 0.427934 -0.961522 -0.190195 0.427934 -0.896056 -0.190195 0.427934 -0.961522 0.190019 0.427934 -0.961522 -0.190195 0.427934 -0.896056 0.190019 0.427934 -0.961522 0.190019 -0.412579 -0.842723 0.339431 -0.455353 -0.842723 0.339431 -0.412579 -0.896056 0.190019 -0.412579 -0.896056 -0.190195 -0.412579 -0.842723 -0.339607 -0.412579 -0.842723 0.339431 -0.455353 -0.842723 -0.339607 -0.412579 -0.842723 -0.339607 -0.455353 -0.896056 -0.190195 -0.455353 -0.896056 0.190019 -0.455353 -0.842723 0.339431 -0.455353 -0.842723 -0.339607 0.469638 -0.842723 0.339431 0.427934 -0.842723 0.339431 0.469638 -0.896056 0.190019 0.469638 -0.896056 -0.190195 0.469638 -0.842723 -0.339607 0.469638 -0.842723 0.339431 0.427934 -0.842723 -0.339607 0.469638 -0.842723 -0.339607 0.427934 -0.896056 -0.190195 0.427934 -0.896056 0.190019 0.427934 -0.842723 0.339431 0.427934 -0.842723 -0.339607 0.38565 -0.873941 0.0633988 0.38565 -0.873941 -0.063575 0.38565 -0.873941 -0.063575 0.38565 -0.899528 -0.063575 0.38565 -0.899528 -0.063575 0.38565 -0.899528 0.0633988 0.38565 -0.899528 0.0633988 0.38565 -0.873941 0.0633988 0.427934 -0.896056 0.190019 0.427934 -0.896056 -0.190195 </float_array>
          <technique_common>
            <accessor count="96" offset="0" source="#meshId35-positions-array" stride="3">
              <param name="X" type="float" />
              <param name="Y" type="float" />
              <param name="Z" type="float" />
            </accessor>
          </technique_common>
        </source>
        <source id="meshId35-normals" name="meshId35-normals">
          <float_array id="meshId35-normals-array" count="288"> 0 0 1 0 0 1 0 -0.430312 0.90268 0 0 1 -0.083099 0.996541 0 -0.083099 0.996541 0 -0.083099 0.996541 0 -0.083099 0.996541 0 -0 0 -1 0 -0.430312 -0.90268 -0 0 -1 -0 0 -1 -0.083099 -0.996541 0 -0.066626 -0.997778 0 -0.066626 -0.997778 0 -0.083099 -0.996541 0 1 0 0 1 0 0 1 0 0 1 0 0 -1 0 0 -1 0 0 -1 0 0 -1 0 0 0.551639 -0.553694 -0.623792 0.705524 0 -0.708686 0.259616 -0.965712 0 0.259616 -0.965712 0 0.705524 0 0.708686 0.551639 -0.553694 0.623792 -0.464779 0.885427 0 -0.086107 0.996286 0 -0.086107 0.996286 0 -0.464779 0.885427 0 0.23802 0 -0.97126 0.319964 0 -0.94743 0.223608 -0.974679 0 0.223608 -0.974679 0 0.319964 0 0.94743 0.23802 0 0.97126 0.083782 0.996484 0 0.083782 0.996484 0 0.083782 0.996484 0 0.083782 0.996484 0 0 0 -1 0 -0.42669 -0.904398 0 0 -1 0 0 -1 0.067401 -0.997726 0 0.067401 -0.997726 0 0.083782 -0.996484 0 0.083782 -0.996484 0 0 -0.42669 0.904398 0 0 1 0 0 1 0 0 1 -0.71107 0 -0.703122 -0.559496 -0.547559 -0.622208 -0.264678 -0.964337 0 -0.264678 -0.964337 0 -0.559496 -0.547559 0.622208 -0.71107 0 0.703122 0 -0.941798 0.336178 0 -0.941798 0.336178 1 0 0 1 0 0 1 0 0 1 0 0 0 -0.941798 -0.336178 0 -0.941798 -0.336178 -1 0 0 -1 0 0 -1 0 0 -1 0 0 0 -0.941799 0.336178 0 -0.941799 0.336178 1 1e-06 0 1 1e-06 0 1 1e-06 0 1 1e-06 0 0 -0.941799 -0.336178 0 -0.941799 -0.336178 -1 0 0 -1 0 0 -1 0 0 -1 0 0 0.086031 0.996293 0 0.086031 0.996293 0 -0.237961 0 -0.971275 -0.319829 0 -0.947475 -0.223453 -0.974715 0 -0.223453 -0.974715 0 -0.319829 0 0.947475 -0.237961 0 0.971275 0.46345 0.886123 0 0.46345 0.886123 0 </float_array>
          <technique_common>
            <accessor count="96" offset="0" source="#meshId35-normals-array" stride="3">
              <param name="X" type="float" />
              <param name="Y" type="float" />
              <param name="Z" type="float" />
            </accessor>
          </technique_common>
        </source>
        <source id="meshId35-tangents" name="meshId35-tangents">
          <float_array id="meshId35-tangents-array" count="288"> 1 -0.000101642 0 1 -0.000114609 0 1 -0.000113535 -5.41225e-05 1 -0.000105539 0 0 0 -1 0 0 -1 0 0 -1 0 0 -1 -1 -2.07837e-05 0 -1 -0.000165248 7.87745e-05 -1 -7.68776e-05 0 -1 -3.17823e-05 0 0 0 1 -1.78727e-05 1.19344e-06 1 -2.75593e-05 1.84025e-06 1 -2.01184e-05 1.67762e-06 1 0 0 -1 0 0 -1 0 0 -1 0 0 -1 0 0 -1 0 0 -1 0 0 -1 0 0 -1 -0.801801 -0.145973 -0.579489 -0.708686 -0.000183742 -0.705524 -2.36911e-05 -6.36897e-06 1 -2.56641e-05 -6.89938e-06 1 0.708686 -0.00019315 -0.705524 0.801701 0.145616 -0.579717 0 0 -1 0 0 -1 0 0 -1 0 0 -1 -0.97126 -0.000101473 -0.23802 -0.94743 -0.000118962 -0.319964 -1.60667e-06 -3.68598e-07 1 -1.43805e-05 -3.29912e-06 1 0.94743 -0.000297722 -0.319964 0.97126 -0.000240044 -0.23802 0 0 -1 0 0 -1 0 0 -1 0 0 -1 -1 6.62921e-05 0 -1 0.000171762 -8.10362e-05 -1 -4.20507e-05 0 -1 -3.08767e-05 0 0 0 1 0 0 1 0 0 1 0 0 1 1 -0.000164263 -7.74982e-05 1 -0.000161363 0 1 -0.000129932 0 1 -0.000135325 0 -0.703122 -1.30255e-05 0.71107 -0.796866 0.148892 0.585521 -3.84333e-06 1.05487e-06 1 0 0 1 0.796886 -0.148965 0.585476 0.703122 -0.000327744 0.71107 1 -5.97671e-05 -0.000167437 1 -5.94732e-05 -0.000166613 0 0 -1 0 0 -1 0 0 -1 0 0 -1 -1 -0.000175762 0.000492395 -1 -0.000166039 0.000465156 0 0 -1 0 0 -1 0 0 -1 0 0 -1 1 -0.000120786 -0.000338382 1 -0.000115772 -0.000324334 0 0 -1 7.67364e-12 -7.67364e-06 -1 7.95905e-12 -7.95905e-06 -1 2.32979e-12 -2.32979e-06 -1 -1 0.000180357 -0.000505267 -1 0.000170607 -0.000477954 0 0 -1 0 7.21884e-06 -1 0 7.48733e-06 -1 0 2.19169e-06 -1 0 0 -1 0 0 -1 -0.971275 -3.36453e-05 0.237961 -0.947475 -5.21657e-05 0.319829 -1.66285e-05 3.81208e-06 1 -3.65972e-05 8.38989e-06 1 0.947475 -0.000351925 0.319829 0.971275 -0.000303643 0.237961 0 0 -1 0 0 -1 </float_array>
          <technique_common>
            <accessor count="96" offset="0" source="#meshId35-tangents-array" stride="3">
              <param name="X" type="float" />
              <param name="Y" type="float" />
              <param name="Z" type="float" />
            </accessor>
          </technique_common>
        </source>
        <source id="meshId35-bitangents" name="meshId35-bitangents">
          <float_array id="meshId35-bitangents-array" count="288"> 0.000101642 1 -0 0.000114609 1 -0 0.000125775 0.90268 0.430312 0.000105539 1 -0 -0.996541 -0.083099 -0 -0.996541 -0.083099 -0 -0.996541 -0.083099 -0 -0.996541 -0.083099 -0 -2.07837e-05 1 0 -0.000183064 0.90268 -0.430312 -7.68776e-05 1 0 -3.17823e-05 1 0 -0.996541 0.083099 0 -0.997778 0.066626 -1.79125e-05 -0.997778 0.066626 -2.76206e-05 -0.996541 0.083099 -2.01882e-05 -0 1 0 -0 1 0 -0 1 0 -0 1 0 -0 -1 -0 -0 -1 -0 -0 -1 -0 -0 -1 -0 0.229803 0.819826 -0.524477 -0.000130215 1 -0.000129634 -0.965712 -0.259616 -2.45323e-05 -0.965712 -0.259616 -2.65753e-05 0.000136882 1 -0.000136272 0.230151 0.819889 0.524225 -0.885427 -0.464779 -0 -0.996286 -0.086107 -0 -0.996286 -0.086107 -0 -0.885427 -0.464779 -0 -9.85568e-05 1 -2.41526e-05 -0.000112708 1 -3.80635e-05 -0.974679 -0.223608 -1.64841e-06 -0.974679 -0.223608 -1.4754e-05 0.000282071 1 -9.52604e-05 0.000233145 1 -5.71352e-05 -0.996484 0.083782 0 -0.996484 0.083782 0 -0.996484 0.083782 0 -0.996484 0.083782 0 6.62921e-05 1 0 0.000189918 0.904398 -0.42669 -4.20507e-05 1 0 -3.08767e-05 1 0 -0.997726 -0.067401 0 -0.997726 -0.067401 0 -0.996484 -0.083782 0 -0.996484 -0.083782 0 0.000181626 0.904398 0.42669 0.000161363 1 -0 0.000129932 1 -0 0.000135325 1 -0 -9.15854e-06 1 9.26206e-06 -0.227966 0.823414 -0.519636 -0.964337 0.264678 -3.98547e-06 -0.964337 0.264678 0 -0.227896 0.823401 0.519688 0.000230444 1 0.000233049 0.000177784 0.336178 0.941798 0.00017691 0.336178 0.941798 -0 1 0 -0 1 0 -0 1 0 -0 1 0 -0.000522824 0.336178 -0.941798 -0.000493902 0.336178 -0.941798 -0 -1 -0 -0 -1 -0 -0 -1 -0 -0 -1 -0 0.000359293 0.336178 0.941798 0.000344377 0.336178 0.941799 -1e-06 1 0 -1e-06 1 -7.67364e-06 -1e-06 1 -7.95905e-06 -1e-06 1 -2.32979e-06 0.000536492 0.336178 -0.941798 0.00050749 0.336178 -0.941799 -0 -1 -0 -0 -1 -7.21884e-06 -0 -1 -7.48733e-06 -0 -1 -2.19169e-06 -0.996293 0.086031 0 -0.996293 0.086031 0 -3.26788e-05 1 8.00627e-06 -4.94257e-05 1 1.66841e-05 -0.974715 0.223453 -1.70599e-05 -0.974715 0.223453 -3.75466e-05 0.000333441 1 0.000112556 0.000294921 1 7.22552e-05 -0.886123 0.46345 0 -0.886123 0.46345 0 </float_array>
          <technique_common>
            <accessor count="96" offset="0" source="#meshId35-bitangents-array" stride="3">
              <param name="X" type="float" />
              <param name="Y" type="float" />
              <param name="Z" type="float" />
            </accessor>
          </technique_common>
        </source>
        <source id="meshId35-tex0" name="meshId35-tex0">
          <float_array id="meshId35-tex0-array" count="192"> 0.00365 0.939822 0.052294 0.935771 0.052291 0.954293 0.00365 0.950231 0.814137 0.840638 0.814138 0.808418 0.885391 0.808418 0.885391 0.840638 0.4098 0.949922 0.361157 0.953977 0.361158 0.935453 0.409802 0.939513 0.917628 0.824237 0.917628 0.792018 0.988881 0.792016 0.988882 0.824237 0.815165 0.567953 0.886418 0.567953 0.886419 0.574848 0.815166 0.574848 0.885391 0.847533 0.814137 0.847533 0.814137 0.840638 0.885391 0.840638 0.349055 0.953973 0.349057 0.935452 0.917627 0.784002 0.988881 0.784 0.064397 0.935772 0.064394 0.954295 0.814191 0.786435 0.83792 0.77854 0.861715 0.77854 0.885445 0.786435 0.313229 0.960225 0.313229 0.952986 0.941356 0.772383 0.965152 0.772383 0.100216 0.953323 0.100215 0.960562 0.815164 0.606804 0.815166 0.574848 0.886419 0.574848 0.886419 0.606804 0.051684 0.935448 0.051685 0.953972 0.00344 0.949914 0.00344 0.939505 0.988881 0.611253 0.917627 0.611253 0.917627 0.579297 0.988881 0.579297 0.361763 0.954322 0.361766 0.935799 0.41001 0.939862 0.410008 0.950273 0.063485 0.935448 0.063484 0.953968 0.988881 0.619069 0.917627 0.619069 0.349963 0.954319 0.349967 0.935797 0.064389 0.996567 0.052287 0.996565 0.814191 0.786435 0.885445 0.786435 0.913445 0.79643 0.786191 0.79643 0.36113 0.99625 0.34903 0.996244 0.885391 0.808418 0.814138 0.808418 0.786137 0.798423 0.913392 0.798423 0.361748 0.996594 0.349949 0.99659 0.815164 0.606804 0.886419 0.606804 0.914419 0.616799 0.787164 0.616798 0.063509 0.99624 0.051709 0.996246 0.885445 0.628919 0.814191 0.628919 0.786191 0.618924 0.913445 0.618925 0.83792 0.636843 0.861715 0.636843 0.09931 0.960225 0.099309 0.952987 0.941356 0.630687 0.965152 0.630686 0.314136 0.953323 0.314135 0.960562 0.814191 0.628919 0.885445 0.628919 </float_array>
          <technique_common>
            <accessor count="96" offset="0" source="#meshId35-tex0-array" stride="2">
              <param name="S" type="float" />
              <param name="T" type="float" />
            </accessor>
          </technique_common>
        </source>
        <vertices id="meshId35-vertices">
          <input semantic="POSITION" source="#meshId35-positions" />
          <input semantic="NORMAL" source="#meshId35-normals" />
          <input semantic="TANGENT" source="#meshId35-tangents" />
          <input semantic="BINORMAL" source="#meshId35-bitangents" />
          <input semantic="TEXCOORD" source="#meshId35-tex0"  />
        </vertices>
        <polylist count="72" material="defaultMaterial">
          <input offset="0" semantic="VERTEX" source="#meshId35-vertices" />
          <vcount>3 3 3 3 3 3 3 3 3 3 3 3 3 3 3 3 3 3 3 3 3 3 3 3 3 3 3 3 3 3 3 3 3 3 3 3 3 3 3 3 3 3 3 3 3 3 3 3 3 3 3 3 3 3 3 3 3 3 3 3 3 3 3 3 3 3 3 3 3 3 3 3 </vcount>
          <p>3 0 1 1 2 3 7 4 5 5 6 7 11 8 9 9 10 11 15 12 13 13 14 15 19 16 17 17 18 19 23 20 21 21 22 23 25 10 9 9 24 25 27 14 13 13 26 27 29 2 1 1 28 29 33 30 31 31 32 33 35 25 24 24 34 35 37 27 26 26 36 37 39 29 28 28 38 39 43 40 41 41 42 43 47 44 45 45 46 47 51 48 49 49 50 51 55 52 53 53 54 55 44 56 57 57 45 44 48 58 59 59 49 48 52 60 61 61 53 52 63 2 29 29 62 63 67 64 65 65 66 67 69 24 9 9 68 69 73 70 71 71 72 73 75 60 52 52 74 75 79 76 77 77 78 79 81 45 57 57 80 81 85 82 83 83 84 85 32 31 86 86 87 32 89 35 34 34 88 89 91 37 36 36 90 91 93 39 38 38 92 93 87 86 94 94 95 87 56 89 88 88 57 56 58 91 90 90 59 58 60 93 92 92 61 60 </p>
        </polylist>
      </mesh>
    </geometry>
    <geometry id="meshId36" name="meshId36_name" >
      <mesh>
        <source id="meshId36-positions" name="meshId36-positions">
          <float_array id="meshId36-positions-array" count="72"> 0.58537 -0.931203 0.284786 0.58537 -0.92378 0.284786 0.58537 -0.92378 -0.284962 0.58537 -0.931203 -0.284962 0.58537 -0.92378 0.284786 0.591798 -0.920068 0.284786 0.591798 -0.920068 -0.284962 0.58537 -0.92378 -0.284962 0.591798 -0.920068 0.284786 0.598227 -0.92378 0.284786 0.598227 -0.92378 -0.284962 0.591798 -0.920068 -0.284962 0.598227 -0.92378 0.284786 0.598227 -0.931203 0.284786 0.598227 -0.931203 -0.284962 0.598227 -0.92378 -0.284962 0.598227 -0.931203 0.284786 0.591798 -0.934914 0.284786 0.591798 -0.934914 -0.284962 0.598227 -0.931203 -0.284962 0.591798 -0.934914 0.284786 0.58537 -0.931203 0.284786 0.58537 -0.931203 -0.284962 0.591798 -0.934914 -0.284962 </float_array>
          <technique_common>
            <accessor count="24" offset="0" source="#meshId36-positions-array" stride="3">
              <param name="X" type="float" />
              <param name="Y" type="float" />
              <param name="Z" type="float" />
            </accessor>
          </technique_common>
        </source>
        <source id="meshId36-normals" name="meshId36-normals">
          <float_array id="meshId36-normals-array" count="72"> -1 0 0 -1 0 0 -1 0 0 -1 0 0 -0.500001 0.866025 0 -0.500001 0.866025 0 -0.500001 0.866025 0 -0.500001 0.866025 0 0.5 0.866025 0 0.5 0.866025 0 0.5 0.866025 0 0.5 0.866025 0 1 0 0 1 0 0 1 0 0 1 0 0 0.5 -0.866025 0 0.5 -0.866025 0 0.5 -0.866025 0 0.5 -0.866025 0 -0.5 -0.866025 0 -0.5 -0.866025 0 -0.5 -0.866025 0 -0.5 -0.866025 0 </float_array>
          <technique_common>
            <accessor count="24" offset="0" source="#meshId36-normals-array" stride="3">
              <param name="X" type="float" />
              <param name="Y" type="float" />
              <param name="Z" type="float" />
            </accessor>
          </technique_common>
        </source>
        <source id="meshId36-tangents" name="meshId36-tangents">
          <float_array id="meshId36-tangents-array" count="72"> 0 -1 0 0 -1 0 0 -1 0 0 -1 0 -0.866025 -0.500001 0 -0.866025 -0.500001 0 -0.866025 -0.500001 0 -0.866025 -0.500001 0 -0.866025 0.5 0 -0.866025 0.5 0 -0.866025 0.5 0 -0.866025 0.5 0 0 1 0 0 1 0 0 1 0 0 1 0 0.866025 0.5 0 0.866025 0.5 0 0.866025 0.5 0 0.866025 0.5 0 0.866025 -0.5 0 0.866025 -0.5 0 0.866025 -0.5 0 0.866025 -0.5 0 </float_array>
          <technique_common>
            <accessor count="24" offset="0" source="#meshId36-tangents-array" stride="3">
              <param name="X" type="float" />
              <param name="Y" type="float" />
              <param name="Z" type="float" />
            </accessor>
          </technique_common>
        </source>
        <source id="meshId36-bitangents" name="meshId36-bitangents">
          <float_array id="meshId36-bitangents-array" count="72"> 0 0 1 0 0 1 0 0 1 0 0 1 0 0 1 0 0 1 0 0 1 0 0 1 0 -0 1 0 -0 1 0 -0 1 0 -0 1 0 0 1 0 0 1 0 0 1 0 0 1 -0 0 1 -0 0 1 -0 0 1 -0 0 1 0 0 1 0 0 1 0 0 1 0 0 1 </float_array>
          <technique_common>
            <accessor count="24" offset="0" source="#meshId36-bitangents-array" stride="3">
              <param name="X" type="float" />
              <param name="Y" type="float" />
              <param name="Z" type="float" />
            </accessor>
          </technique_common>
        </source>
        <source id="meshId36-tex0" name="meshId36-tex0">
          <float_array id="meshId36-tex0-array" count="48"> 0.014356 0.280915 0.012483 0.280915 0.012483 0.000972 0.014356 0.000972 0.012483 0.280915 0.01061 0.280915 0.01061 0.000972 0.012483 0.000972 0.01061 0.280915 0.008737 0.280915 0.008737 0.000972 0.01061 0.000972 0.008737 0.280915 0.006864 0.280915 0.006864 0.000972 0.008737 0.000972 0.006864 0.280915 0.004991 0.280915 0.004991 0.000972 0.006864 0.000972 0.004991 0.280915 0.003118 0.280915 0.003118 0.000972 0.004991 0.000972 </float_array>
          <technique_common>
            <accessor count="24" offset="0" source="#meshId36-tex0-array" stride="2">
              <param name="S" type="float" />
              <param name="T" type="float" />
            </accessor>
          </technique_common>
        </source>
        <vertices id="meshId36-vertices">
          <input semantic="POSITION" source="#meshId36-positions" />
          <input semantic="NORMAL" source="#meshId36-normals" />
          <input semantic="TANGENT" source="#meshId36-tangents" />
          <input semantic="BINORMAL" source="#meshId36-bitangents" />
          <input semantic="TEXCOORD" source="#meshId36-tex0"  />
        </vertices>
        <polylist count="12" material="defaultMaterial">
          <input offset="0" semantic="VERTEX" source="#meshId36-vertices" />
          <vcount>3 3 3 3 3 3 3 3 3 3 3 3 </vcount>
          <p>3 0 1 1 2 3 7 4 5 5 6 7 11 8 9 9 10 11 15 12 13 13 14 15 19 16 17 17 18 19 23 20 21 21 22 23 </p>
        </polylist>
      </mesh>
    </geometry>
    <geometry id="meshId37" name="meshId37_name" >
      <mesh>
        <source id="meshId37-positions" name="meshId37-positions">
          <float_array id="meshId37-positions-array" count="72"> -0.585376 -0.930708 0.284786 -0.585376 -0.923285 0.284786 -0.585376 -0.923285 -0.284962 -0.585376 -0.930708 -0.284962 -0.585376 -0.923285 0.284786 -0.578948 -0.919573 0.284786 -0.578948 -0.919573 -0.284962 -0.585376 -0.923285 -0.284962 -0.578948 -0.919573 0.284786 -0.572519 -0.923285 0.284786 -0.572519 -0.923285 -0.284962 -0.578948 -0.919573 -0.284962 -0.572519 -0.923285 0.284786 -0.572519 -0.930708 0.284786 -0.572519 -0.930708 -0.284962 -0.572519 -0.923285 -0.284962 -0.572519 -0.930708 0.284786 -0.578948 -0.934419 0.284786 -0.578948 -0.934419 -0.284962 -0.572519 -0.930708 -0.284962 -0.578948 -0.934419 0.284786 -0.585376 -0.930708 0.284786 -0.585376 -0.930708 -0.284962 -0.578948 -0.934419 -0.284962 </float_array>
          <technique_common>
            <accessor count="24" offset="0" source="#meshId37-positions-array" stride="3">
              <param name="X" type="float" />
              <param name="Y" type="float" />
              <param name="Z" type="float" />
            </accessor>
          </technique_common>
        </source>
        <source id="meshId37-normals" name="meshId37-normals">
          <float_array id="meshId37-normals-array" count="72"> -1 0 0 -1 0 0 -1 0 0 -1 0 0 -0.500001 0.866025 0 -0.500001 0.866025 0 -0.500001 0.866025 0 -0.500001 0.866025 0 0.5 0.866025 0 0.5 0.866025 0 0.5 0.866025 0 0.5 0.866025 0 1 0 0 1 0 0 1 0 0 1 0 0 0.5 -0.866025 0 0.5 -0.866025 0 0.5 -0.866025 0 0.5 -0.866025 0 -0.5 -0.866025 0 -0.5 -0.866025 0 -0.5 -0.866025 0 -0.5 -0.866025 0 </float_array>
          <technique_common>
            <accessor count="24" offset="0" source="#meshId37-normals-array" stride="3">
              <param name="X" type="float" />
              <param name="Y" type="float" />
              <param name="Z" type="float" />
            </accessor>
          </technique_common>
        </source>
        <source id="meshId37-tangents" name="meshId37-tangents">
          <float_array id="meshId37-tangents-array" count="72"> 0 -1 0 0 -1 0 0 -1 0 0 -1 0 -0.866025 -0.500001 0 -0.866025 -0.500001 0 -0.866025 -0.500001 0 -0.866025 -0.500001 0 -0.866025 0.5 0 -0.866025 0.5 0 -0.866025 0.5 0 -0.866025 0.5 0 0 1 0 0 1 0 0 1 0 0 1 0 0.866025 0.5 0 0.866025 0.5 0 0.866025 0.5 0 0.866025 0.5 0 0.866025 -0.5 0 0.866025 -0.5 0 0.866025 -0.5 0 0.866025 -0.5 0 </float_array>
          <technique_common>
            <accessor count="24" offset="0" source="#meshId37-tangents-array" stride="3">
              <param name="X" type="float" />
              <param name="Y" type="float" />
              <param name="Z" type="float" />
            </accessor>
          </technique_common>
        </source>
        <source id="meshId37-bitangents" name="meshId37-bitangents">
          <float_array id="meshId37-bitangents-array" count="72"> 0 0 1 0 0 1 0 0 1 0 0 1 0 0 1 0 0 1 0 0 1 0 0 1 0 -0 1 0 -0 1 0 -0 1 0 -0 1 0 0 1 0 0 1 0 0 1 0 0 1 -0 0 1 -0 0 1 -0 0 1 -0 0 1 0 0 1 0 0 1 0 0 1 0 0 1 </float_array>
          <technique_common>
            <accessor count="24" offset="0" source="#meshId37-bitangents-array" stride="3">
              <param name="X" type="float" />
              <param name="Y" type="float" />
              <param name="Z" type="float" />
            </accessor>
          </technique_common>
        </source>
        <source id="meshId37-tex0" name="meshId37-tex0">
          <float_array id="meshId37-tex0-array" count="48"> 0.014356 0.280936 0.012484 0.280936 0.012484 0.000993 0.014356 0.000993 0.012484 0.280936 0.01061 0.280936 0.01061 0.000993 0.012484 0.000993 0.01061 0.280936 0.008737 0.280936 0.008737 0.000993 0.01061 0.000993 0.008737 0.280936 0.006864 0.280936 0.006864 0.000993 0.008737 0.000993 0.006864 0.280936 0.004991 0.280936 0.004991 0.000993 0.006864 0.000993 0.004991 0.280936 0.003118 0.280936 0.003118 0.000993 0.004991 0.000993 </float_array>
          <technique_common>
            <accessor count="24" offset="0" source="#meshId37-tex0-array" stride="2">
              <param name="S" type="float" />
              <param name="T" type="float" />
            </accessor>
          </technique_common>
        </source>
        <vertices id="meshId37-vertices">
          <input semantic="POSITION" source="#meshId37-positions" />
          <input semantic="NORMAL" source="#meshId37-normals" />
          <input semantic="TANGENT" source="#meshId37-tangents" />
          <input semantic="BINORMAL" source="#meshId37-bitangents" />
          <input semantic="TEXCOORD" source="#meshId37-tex0"  />
        </vertices>
        <polylist count="12" material="defaultMaterial">
          <input offset="0" semantic="VERTEX" source="#meshId37-vertices" />
          <vcount>3 3 3 3 3 3 3 3 3 3 3 3 </vcount>
          <p>3 0 1 1 2 3 7 4 5 5 6 7 11 8 9 9 10 11 15 12 13 13 14 15 19 16 17 17 18 19 23 20 21 21 22 23 </p>
        </polylist>
      </mesh>
    </geometry>
    <geometry id="meshId38" name="meshId38_name" >
      <mesh>
        <source id="meshId38-positions" name="meshId38-positions">
          <float_array id="meshId38-positions-array" count="162"> 0.557106 -0.858897 0.281752 0.529875 -0.883022 0.281752 0.529875 -0.883022 0.333229 0.557106 -0.858897 0.333229 0.516975 -0.917038 0.281752 0.516975 -0.917038 0.333229 0.52136 -0.953153 0.281752 0.52136 -0.953153 0.333229 0.52136 -0.953153 0.281752 0.542026 -0.983093 0.281752 0.542026 -0.983093 0.333229 0.52136 -0.953153 0.333229 0.574239 -1 0.281752 0.574239 -1 0.333229 0.610619 -1 0.281752 0.610619 -1 0.333229 0.642833 -0.983093 0.281752 0.642833 -0.983093 0.333229 0.663499 -0.953153 0.281752 0.663499 -0.953153 0.333229 0.667884 -0.917038 0.281752 0.667884 -0.917038 0.333229 0.654984 -0.883022 0.281752 0.654984 -0.883022 0.333229 0.627753 -0.858897 0.281752 0.627753 -0.858897 0.333229 0.592429 -0.850191 0.281752 0.592429 -0.850191 0.333229 0.557106 -0.858897 0.281752 0.592429 -0.850191 0.281752 0.627753 -0.858897 0.281752 0.654984 -0.883022 0.281752 0.667884 -0.917038 0.281752 0.663499 -0.953153 0.281752 0.642833 -0.983093 0.281752 0.610619 -1 0.281752 0.574239 -1 0.281752 0.542026 -0.983093 0.281752 0.52136 -0.953153 0.281752 0.516975 -0.917038 0.281752 0.529875 -0.883022 0.281752 0.557106 -0.858897 0.333229 0.529875 -0.883022 0.333229 0.516975 -0.917038 0.333229 0.52136 -0.953153 0.333229 0.542026 -0.983093 0.333229 0.574239 -1 0.333229 0.610619 -1 0.333229 0.642833 -0.983093 0.333229 0.663499 -0.953153 0.333229 0.667884 -0.917038 0.333229 0.654984 -0.883022 0.333229 0.627753 -0.858897 0.333229 0.592429 -0.850191 0.333229 </float_array>
          <technique_common>
            <accessor count="54" offset="0" source="#meshId38-positions-array" stride="3">
              <param name="X" type="float" />
              <param name="Y" type="float" />
              <param name="Z" type="float" />
            </accessor>
          </technique_common>
        </source>
        <source id="meshId38-normals" name="meshId38-normals">
          <float_array id="meshId38-normals-array" count="162"> -0.464723 0.885456 0 -0.822984 0.568065 0 -0.822984 0.568065 0 -0.464723 0.885456 0 -0.992709 0.120538 -0 -0.992709 0.120538 -0 -0.935016 -0.354605 0 -0.935016 -0.354605 0 -0.935016 -0.354605 0 -0.663123 -0.748511 0 -0.663123 -0.748511 0 -0.935016 -0.354605 0 -0.239316 -0.970942 0 -0.239316 -0.970942 0 0.239315 -0.970942 0 0.239315 -0.970942 0 0.663122 -0.748511 0 0.663122 -0.748511 0 0.935016 -0.354606 0 0.935016 -0.354606 0 0.992709 0.120537 0 0.992709 0.120537 0 0.822984 0.568065 0 0.822984 0.568065 0 0.464723 0.885456 0 0.464723 0.885456 0 0 1 0 0 1 0 -0 0 -1 -0 0 -1 -0 0 -1 -0 0 -1 -0 0 -1 -0 0 -1 -0 0 -1 -0 0 -1 -0 0 -1 -0 0 -1 -0 0 -1 -0 0 -1 -0 0 -1 0 -0 1 0 -0 1 0 -0 1 0 -0 1 0 -0 1 0 -0 1 0 -0 1 0 -0 1 0 -0 1 0 -0 1 0 -0 1 0 -0 1 0 -0 1 </float_array>
          <technique_common>
            <accessor count="54" offset="0" source="#meshId38-normals-array" stride="3">
              <param name="X" type="float" />
              <param name="Y" type="float" />
              <param name="Z" type="float" />
            </accessor>
          </technique_common>
        </source>
        <source id="meshId38-tangents" name="meshId38-tangents">
          <float_array id="meshId38-tangents-array" count="162"> -0.885456 -0.464723 -4.54277e-05 -0.568065 -0.822984 -7.54632e-05 -0.568065 -0.822984 -8.48775e-05 -0.885456 -0.464723 -4.54277e-05 -0.120538 -0.992709 -0.000110861 -0.120538 -0.992709 -0.000110861 0.354605 -0.935016 -0.000108594 0.354605 -0.935016 -8.97658e-05 0.354605 -0.935016 -6.11605e-05 0.748511 -0.663123 -6.06838e-05 0.748511 -0.663123 -6.06838e-05 0.354605 -0.935016 -6.11605e-05 0.970942 -0.239316 -3.01036e-05 0.970942 -0.239316 -3.01036e-05 0.970942 0.239315 3.00354e-05 0.970942 0.239315 2.09144e-05 0.748511 0.663122 5.48882e-05 0.748511 0.663122 5.48884e-05 0.354606 0.935016 9.62412e-05 0.354606 0.935016 0.000105362 -0.120537 0.992709 0.000104886 -0.120537 0.992709 0.000104886 -0.568065 0.822983 7.53269e-05 -0.568065 0.822983 7.53269e-05 -0.885456 0.464723 4.52915e-05 -0.885456 0.464723 4.52915e-05 -1 0 -6.81069e-08 -1 0 -6.81092e-08 -3.23731e-05 1 0 -1.3564e-05 1 0 1.13701e-05 1 0 -4.66317e-06 1 0 5.48277e-06 1 0 1.25533e-05 1 0 -6.77279e-06 1 0 -8.09324e-06 1 0 1.46427e-05 1 0 -1.02119e-05 1 0 -4.50592e-06 1 0 -8.84269e-06 1 0 -3.74818e-06 1 0 -3.23731e-05 1 0 5.83965e-06 1 0 -9.03905e-06 1 0 -7.78654e-06 1 0 -1.62166e-05 1 0 -1.59362e-05 1 0 -1.01038e-05 1 0 -3.4377e-06 1 0 8.36044e-06 1 0 7.84098e-06 1 0 -7.67785e-06 1 0 3.23733e-05 1 0 -4.01306e-06 1 0 </float_array>
          <technique_common>
            <accessor count="54" offset="0" source="#meshId38-tangents-array" stride="3">
              <param name="X" type="float" />
              <param name="Y" type="float" />
              <param name="Z" type="float" />
            </accessor>
          </technique_common>
        </source>
        <source id="meshId38-bitangents" name="meshId38-bitangents">
          <float_array id="meshId38-bitangents-array" count="162"> -4.02243e-05 -2.11113e-05 1 -4.2868e-05 -6.2105e-05 1 -4.82159e-05 -6.98528e-05 1 -4.02243e-05 -2.11113e-05 1 -1.3363e-05 -0.000110053 1 -1.3363e-05 -0.000110053 1 3.85081e-05 -0.000101537 1 3.18314e-05 -8.39325e-05 1 2.16878e-05 -5.7186e-05 1 4.54225e-05 -4.02408e-05 1 4.54224e-05 -4.02408e-05 1 2.16878e-05 -5.7186e-05 1 2.92288e-05 -7.20426e-06 1 2.92288e-05 -7.20426e-06 1 -2.91626e-05 -7.18791e-06 1 -2.03067e-05 -5.00513e-06 1 -4.10844e-05 -3.63976e-05 1 -4.10846e-05 -3.63977e-05 1 -3.41277e-05 -8.99871e-05 1 -3.73621e-05 -9.85155e-05 1 1.26426e-05 -0.000104121 1 1.26426e-05 -0.000104121 1 4.27906e-05 -6.19928e-05 1 4.27906e-05 -6.19928e-05 1 4.01037e-05 -2.1048e-05 1 4.01037e-05 -2.1048e-05 1 -6.81069e-08 0 1 -6.81092e-08 0 1 1 3.23731e-05 0 1 1.3564e-05 0 1 -1.13701e-05 -0 1 4.66317e-06 0 1 -5.48277e-06 -0 1 -1.25533e-05 -0 1 6.77279e-06 0 1 8.09324e-06 0 1 -1.46427e-05 -0 1 1.02119e-05 0 1 4.50592e-06 0 1 8.84269e-06 0 1 3.74818e-06 0 -1 -3.23731e-05 0 -1 5.83965e-06 0 -1 -9.03905e-06 0 -1 -7.78654e-06 0 -1 -1.62166e-05 0 -1 -1.59362e-05 0 -1 -1.01038e-05 0 -1 -3.4377e-06 0 -1 8.36044e-06 0 -1 7.84098e-06 0 -1 -7.67785e-06 0 -1 3.23733e-05 0 -1 -4.01306e-06 0 </float_array>
          <technique_common>
            <accessor count="54" offset="0" source="#meshId38-bitangents-array" stride="3">
              <param name="X" type="float" />
              <param name="Y" type="float" />
              <param name="Z" type="float" />
            </accessor>
          </technique_common>
        </source>
        <source id="meshId38-tex0" name="meshId38-tex0">
          <float_array id="meshId38-tex0-array" count="108"> 0.119929 0.370113 0.130878 0.370115 0.130877 0.418505 0.119927 0.418503 0.141766 0.370118 0.141764 0.418509 0.152578 0.370122 0.152576 0.418512 0.011749 0.370122 0.022492 0.370124 0.022491 0.418514 0.011747 0.418512 0.033188 0.370126 0.033187 0.418516 0.043867 0.370126 0.043867 0.418516 0.054563 0.370124 0.054564 0.418515 0.065306 0.370122 0.065307 0.418512 0.076119 0.370118 0.07612 0.418508 0.087005 0.370115 0.087006 0.418505 0.097955 0.370113 0.097956 0.418503 0.108943 0.370112 0.108943 0.418502 0.197344 0.384578 0.199991 0.395317 0.197344 0.406056 0.190009 0.414335 0.179667 0.418257 0.168688 0.416924 0.159586 0.410641 0.154445 0.400847 0.154445 0.389787 0.159586 0.379993 0.168688 0.37371 0.179667 0.372377 0.190009 0.376299 0.245694 0.404793 0.23836 0.413072 0.228018 0.416994 0.217039 0.415661 0.207936 0.409378 0.202796 0.399585 0.202796 0.388524 0.207936 0.37873 0.217039 0.372447 0.228018 0.371114 0.23836 0.375036 0.245694 0.383315 0.248341 0.394054 </float_array>
          <technique_common>
            <accessor count="54" offset="0" source="#meshId38-tex0-array" stride="2">
              <param name="S" type="float" />
              <param name="T" type="float" />
            </accessor>
          </technique_common>
        </source>
        <vertices id="meshId38-vertices">
          <input semantic="POSITION" source="#meshId38-positions" />
          <input semantic="NORMAL" source="#meshId38-normals" />
          <input semantic="TANGENT" source="#meshId38-tangents" />
          <input semantic="BINORMAL" source="#meshId38-bitangents" />
          <input semantic="TEXCOORD" source="#meshId38-tex0"  />
        </vertices>
        <polylist count="48" material="defaultMaterial">
          <input offset="0" semantic="VERTEX" source="#meshId38-vertices" />
          <vcount>3 3 3 3 3 3 3 3 3 3 3 3 3 3 3 3 3 3 3 3 3 3 3 3 3 3 3 3 3 3 3 3 3 3 3 3 3 3 3 3 3 3 3 3 3 3 3 3 </vcount>
          <p>3 0 1 1 2 3 2 1 4 4 5 2 5 4 6 6 7 5 11 8 9 9 10 11 10 9 12 12 13 10 13 12 14 14 15 13 15 14 16 16 17 15 17 16 18 18 19 17 19 18 20 20 21 19 21 20 22 22 23 21 23 22 24 24 25 23 25 24 26 26 27 25 27 26 0 0 3 27 40 28 29 40 29 30 40 30 31 40 31 32 40 32 33 40 33 34 40 34 35 40 35 36 40 36 37 40 37 38 38 39 40 53 41 42 53 42 43 53 43 44 53 44 45 53 45 46 53 46 47 53 47 48 53 48 49 53 49 50 53 50 51 51 52 53 </p>
        </polylist>
      </mesh>
    </geometry>
    <geometry id="meshId39" name="meshId39_name" >
      <mesh>
        <source id="meshId39-positions" name="meshId39-positions">
          <float_array id="meshId39-positions-array" count="120"> 0.566638 0.761137 0.30533 0.566638 0.733865 0.30533 0.581327 0.728217 0.260745 0.581327 0.766786 0.260745 0.535084 0.720229 0.304197 0.536702 0.708932 0.259143 0.503529 0.733865 0.303064 0.492077 0.728217 0.25754 0.503529 0.761137 0.303064 0.492077 0.766786 0.25754 0.535084 0.774774 0.304197 0.536702 0.78607 0.259143 0.581327 0.766786 0.260745 0.581327 0.728217 0.260745 0.585903 0.728217 0.133312 0.585903 0.766786 0.133312 0.536702 0.708932 0.259143 0.541278 0.708932 0.131709 0.492077 0.728217 0.25754 0.496653 0.728217 0.130107 0.492077 0.766786 0.25754 0.496653 0.766786 0.130107 0.536702 0.78607 0.259143 0.541278 0.78607 0.131709 0.581327 0.766786 0.260745 0.585903 0.766786 0.133312 0.585903 0.766786 0.133312 0.585903 0.728217 0.133312 0.57445 0.733865 0.0877876 0.57445 0.761137 0.0877876 0.541278 0.708932 0.131709 0.542896 0.720229 0.0866545 0.496653 0.728217 0.130107 0.511342 0.733865 0.0855213 0.496653 0.766786 0.130107 0.511342 0.761137 0.0855213 0.541278 0.78607 0.131709 0.542896 0.774774 0.0866545 0.534414 0.747501 0.32286 0.543566 0.747501 0.0679922 </float_array>
          <technique_common>
            <accessor count="40" offset="0" source="#meshId39-positions-array" stride="3">
              <param name="X" type="float" />
              <param name="Y" type="float" />
              <param name="Z" type="float" />
            </accessor>
          </technique_common>
        </source>
        <source id="meshId39-normals" name="meshId39-normals">
          <float_array id="meshId39-normals-array" count="120"> 0.704022 0.562487 0.433545 0.704022 -0.562487 0.433545 0.789724 -0.606297 0.093486 0.789724 0.606297 0.093486 -0.012959 -0.932524 0.360876 -0.001982 -0.998474 0.055186 -0.733306 -0.562488 0.38193 -0.794396 -0.606297 0.0366 -0.733306 0.562488 0.38193 -0.794396 0.606297 0.0366 -0.012959 0.932524 0.360876 -0.001982 0.998474 0.055186 0.789724 0.606297 0.093486 0.789724 -0.606297 0.093486 0.794396 -0.606297 -0.0366 0.794396 0.606297 -0.0366 -0.001982 -0.998474 0.055186 0.001982 -0.998474 -0.055186 -0.794396 -0.606297 0.0366 -0.789724 -0.606297 -0.093486 -0.794396 0.606297 0.0366 -0.789724 0.606297 -0.093486 -0.001982 0.998474 0.055186 0.001982 0.998474 -0.055186 0.789724 0.606297 0.093486 0.794396 0.606297 -0.0366 0.794396 0.606297 -0.0366 0.794396 -0.606297 -0.0366 0.733306 -0.562487 -0.38193 0.733306 0.562487 -0.38193 0.001982 -0.998474 -0.055186 0.012959 -0.932524 -0.360876 -0.789724 -0.606297 -0.093486 -0.704022 -0.562488 -0.433545 -0.789724 0.606297 -0.093486 -0.704022 0.562487 -0.433545 0.001982 0.998474 -0.055186 0.012959 0.932524 -0.360876 -0.035887 0 0.999356 0.035887 0 -0.999356 </float_array>
          <technique_common>
            <accessor count="40" offset="0" source="#meshId39-normals-array" stride="3">
              <param name="X" type="float" />
              <param name="Y" type="float" />
              <param name="Z" type="float" />
            </accessor>
          </technique_common>
        </source>
        <source id="meshId39-tangents" name="meshId39-tangents">
          <float_array id="meshId39-tangents-array" count="120"> 0.626729 -0.20497 -0.751797 0.602938 0.150835 -0.783399 0.327849 0.288315 -0.899661 0.271882 -0.209305 -0.939293 0.999774 -0.0181654 -0.0110386 0.999447 -0.000146638 0.0332417 0.571198 -0.204988 0.794804 0.203851 -0.209362 0.956354 0.545172 0.150793 0.824651 0.262473 0.288314 0.92086 0.9964 -0.0181962 0.0828006 0.999257 -0.000146621 0.0385409 -0.0874718 -0.0395445 0.995382 -0.0874718 0.0395445 0.995382 0.0158496 -0.0395448 0.999092 0.0158496 0.0395448 0.999092 -0.0358326 0.0552216 0.997831 -0.0358325 -0.0552216 0.997831 0.0158497 0.0395447 0.999092 -0.0874717 -0.0395446 0.995382 0.0158497 -0.0395447 0.999092 -0.0874716 0.0395447 0.995382 -0.0358322 -0.0552216 0.997831 -0.0358323 0.0552216 0.997831 -0.0874716 -0.0395447 0.995382 0.0158496 0.0395448 0.999092 -0.262469 0.288309 -0.920863 -0.203852 -0.209364 -0.956353 -0.571188 -0.204968 -0.794816 -0.545187 0.150823 -0.824635 -0.999447 -0.000146638 -0.0332421 -0.999774 -0.0181651 0.011038 -0.327844 0.288308 0.899665 -0.602932 0.150823 0.783406 -0.271924 -0.209364 0.939268 -0.626727 -0.204967 0.751798 -0.999257 -0.000146107 -0.0385317 -0.996407 -0.0181655 -0.0827215 0.999356 -3.83809e-05 0.035887 -0.999356 5.31459e-09 -0.035887 </float_array>
          <technique_common>
            <accessor count="40" offset="0" source="#meshId39-tangents-array" stride="3">
              <param name="X" type="float" />
              <param name="Y" type="float" />
              <param name="Z" type="float" />
            </accessor>
          </technique_common>
        </source>
        <source id="meshId39-bitangents" name="meshId39-bitangents">
          <float_array id="meshId39-bitangents-array" count="120"> -0.334012 0.800997 -0.49683 0.375258 0.812931 0.445336 0.518508 0.741133 0.426463 -0.549924 0.7672 -0.330134 0.0168492 0.360651 0.932548 -0.0331829 0.0552214 0.997923 -0.368776 0.800992 0.471611 -0.572172 0.767184 0.289911 0.406263 0.812939 -0.41723 0.547762 0.741134 -0.388172 0.0837801 0.36065 -0.928931 0.0384901 0.0552214 -0.997732 0.607194 -0.794254 0.0218046 -0.607194 -0.794254 -0.0218046 -0.607194 -0.794255 -0.0218046 0.607194 -0.794255 0.0218046 -0.999356 2.44007e-07 -0.0358874 -0.999356 -2.49362e-07 -0.0358873 -0.607194 0.794255 -0.0218045 -0.607194 0.794254 -0.0218045 0.607194 0.794255 0.0218045 0.607194 0.794254 0.0218044 0.999356 2.65194e-07 0.035887 0.999356 -2.59839e-07 0.0358871 0.607194 -0.794254 0.0218044 0.607194 -0.794255 0.0218046 -0.547764 0.741136 0.388165 0.572171 0.767184 -0.289912 0.36879 0.800997 -0.47159 -0.406243 0.812933 0.41726 0.0331833 0.0552214 -0.997923 -0.0168486 0.360651 -0.932548 -0.518511 0.741136 -0.426455 -0.375268 0.812933 -0.445324 0.549903 0.767184 0.330206 0.334014 0.800997 0.496828 -0.038481 0.0552214 0.997732 -0.0836952 0.360651 0.928938 3.83561e-05 1 1.37737e-06 5.31117e-09 1 1.90725e-10 </float_array>
          <technique_common>
            <accessor count="40" offset="0" source="#meshId39-bitangents-array" stride="3">
              <param name="X" type="float" />
              <param name="Y" type="float" />
              <param name="Z" type="float" />
            </accessor>
          </technique_common>
        </source>
        <source id="meshId39-tex0" name="meshId39-tex0">
          <float_array id="meshId39-tex0-array" count="80"> 0.092637 0.014626 0.092637 0.008998 0.097511 0.006184 0.097511 0.017439 0.087764 0.006184 0.087764 0.000556 0.08289 0.008998 0.078016 0.006184 0.08289 0.014625 0.078016 0.017439 0.087764 0.017439 0.087764 0.023067 0.461004 0.948051 0.461004 0.956251 0.439746 0.956251 0.439746 0.948051 0.461004 0.96445 0.439746 0.96445 0.461004 0.97265 0.439746 0.97265 0.461004 0.98085 0.439746 0.98085 0.461004 0.989049 0.439746 0.989049 0.461004 0.997249 0.439746 0.997249 0.080382 0.040726 0.080382 0.02947 0.085256 0.032284 0.085256 0.037912 0.09013 0.023842 0.09013 0.02947 0.099877 0.02947 0.095003 0.032284 0.099877 0.040726 0.095003 0.037912 0.09013 0.046354 0.09013 0.040726 0.088214 0.011812 0.09058 0.035098 </float_array>
          <technique_common>
            <accessor count="40" offset="0" source="#meshId39-tex0-array" stride="2">
              <param name="S" type="float" />
              <param name="T" type="float" />
            </accessor>
          </technique_common>
        </source>
        <vertices id="meshId39-vertices">
          <input semantic="POSITION" source="#meshId39-positions" />
          <input semantic="NORMAL" source="#meshId39-normals" />
          <input semantic="TANGENT" source="#meshId39-tangents" />
          <input semantic="BINORMAL" source="#meshId39-bitangents" />
          <input semantic="TEXCOORD" source="#meshId39-tex0"  />
        </vertices>
        <polylist count="48" material="defaultMaterial">
          <input offset="0" semantic="VERTEX" source="#meshId39-vertices" />
          <vcount>3 3 3 3 3 3 3 3 3 3 3 3 3 3 3 3 3 3 3 3 3 3 3 3 3 3 3 3 3 3 3 3 3 3 3 3 3 3 3 3 3 3 3 3 3 3 3 3 </vcount>
          <p>3 0 1 1 2 3 2 1 4 4 5 2 5 4 6 6 7 5 7 6 8 8 9 7 9 8 10 10 11 9 11 10 0 0 3 11 15 12 13 13 14 15 14 13 16 16 17 14 17 16 18 18 19 17 19 18 20 20 21 19 21 20 22 22 23 21 23 22 24 24 25 23 29 26 27 27 28 29 28 27 30 30 31 28 31 30 32 32 33 31 33 32 34 34 35 33 35 34 36 36 37 35 37 36 26 26 29 37 1 0 38 4 1 38 6 4 38 8 6 38 10 8 38 0 10 38 29 28 39 28 31 39 31 33 39 33 35 39 35 37 39 37 29 39 </p>
        </polylist>
      </mesh>
    </geometry>
    <geometry id="meshId40" name="meshId40_name" >
      <mesh>
        <source id="meshId40-positions" name="meshId40-positions">
          <float_array id="meshId40-positions-array" count="120"> 0.18843 0.767979 0.287422 0.193562 0.741209 0.286505 0.201888 0.738642 0.240034 0.19463 0.7765 0.24133 0.165356 0.721798 0.289753 0.161998 0.71119 0.244627 0.132018 0.729157 0.293917 0.114851 0.721597 0.250516 0.126886 0.755926 0.294834 0.107594 0.759455 0.251813 0.155092 0.775337 0.291586 0.147483 0.786906 0.247219 0.19463 0.7765 0.24133 0.201888 0.738642 0.240034 0.186379 0.740001 0.113472 0.179121 0.777859 0.114768 0.161998 0.71119 0.244627 0.146489 0.71255 0.118065 0.114851 0.721597 0.250516 0.099342 0.722957 0.123955 0.107594 0.759455 0.251813 0.0920843 0.760815 0.125251 0.147483 0.786906 0.247219 0.131974 0.788266 0.120657 0.19463 0.7765 0.24133 0.179121 0.777859 0.114768 0.179121 0.777859 0.114768 0.186379 0.740001 0.113472 0.167086 0.74353 0.0704506 0.161954 0.7703 0.071367 0.146489 0.71255 0.118065 0.13888 0.724119 0.0736985 0.099342 0.722957 0.123955 0.105542 0.731478 0.0778629 0.0920843 0.760815 0.125251 0.10041 0.758247 0.0787793 0.131974 0.788266 0.120657 0.128616 0.777658 0.0755314 0.162495 0.748369 0.309204 0.131477 0.751088 0.0560804 </float_array>
          <technique_common>
            <accessor count="40" offset="0" source="#meshId40-positions-array" stride="3">
              <param name="X" type="float" />
              <param name="Y" type="float" />
              <param name="Z" type="float" />
            </accessor>
          </technique_common>
        </source>
        <source id="meshId40-normals" name="meshId40-normals">
          <float_array id="meshId40-normals-array" count="120"> 0.644622 0.685013 0.339441 0.856313 -0.419218 0.301637 0.894425 -0.444546 -0.048806 0.666247 0.745688 -0.008057 0.219397 -0.919179 0.32707 0.194603 -0.980652 0.021255 -0.545375 -0.693714 0.470455 -0.650415 -0.747076 0.137253 -0.757066 0.410517 0.508259 -0.878593 0.443158 0.178001 -0.131556 0.911478 0.389745 -0.18117 0.979474 0.088362 0.666247 0.745688 -0.008057 0.894425 -0.444546 -0.048806 0.878593 -0.443158 -0.178001 0.650415 0.747076 -0.137253 0.194603 -0.980652 0.021255 0.181171 -0.979474 -0.088362 -0.650415 -0.747076 0.137253 -0.666247 -0.745688 0.008057 -0.878593 0.443158 0.178001 -0.894425 0.444546 0.048806 -0.18117 0.979474 0.088362 -0.194603 0.980652 -0.021255 0.666247 0.745688 -0.008057 0.650415 0.747076 -0.137253 0.650415 0.747076 -0.137253 0.878593 -0.443158 -0.178001 0.757066 -0.410517 -0.508259 0.545375 0.693714 -0.470455 0.181171 -0.979474 -0.088362 0.131556 -0.911478 -0.389744 -0.666247 -0.745688 0.008057 -0.644622 -0.685013 -0.339441 -0.894425 0.444546 0.048806 -0.856313 0.419218 -0.301637 -0.194603 0.980652 -0.021255 -0.219397 0.919179 -0.32707 0.121626 -0.010663 0.992519 -0.121626 0.010663 -0.992519 </float_array>
          <technique_common>
            <accessor count="40" offset="0" source="#meshId40-normals-array" stride="3">
              <param name="X" type="float" />
              <param name="Y" type="float" />
              <param name="Z" type="float" />
            </accessor>
          </technique_common>
        </source>
        <source id="meshId40-tangents" name="meshId40-tangents">
          <float_array id="meshId40-tangents-array" count="120"> 0.528562 -0.0785521 -0.845253 0.433596 0.266267 -0.86087 0.122806 0.34908 -0.929011 0.155976 -0.149908 -0.976319 0.971055 0.173282 -0.164397 0.974278 0.190737 -0.120009 0.716802 -0.0950707 0.690765 0.386738 -0.170185 0.90635 0.62929 0.249062 0.73618 0.344371 0.329655 0.879054 0.982477 0.172249 -0.0712008 0.974923 0.19068 -0.114746 0.0784296 -0.0593218 0.995153 0.0635474 0.018309 0.997811 0.179188 -0.0395895 0.983018 0.164307 0.0380409 0.985676 0.111049 0.0435565 0.99286 0.131832 -0.0648502 0.989148 0.164307 0.0380407 0.985676 0.0784301 -0.0593222 0.995153 0.179188 -0.0395903 0.983018 0.0635473 0.0183088 0.997811 0.131832 -0.0648503 0.989149 0.111049 0.0435565 0.99286 0.0784293 -0.0593215 0.995153 0.164307 0.038041 0.985676 -0.452872 0.236336 -0.859681 -0.307944 -0.240821 -0.920421 -0.639651 -0.307324 -0.704555 -0.686058 0.0469872 -0.726028 -0.974223 -0.191025 0.119999 -0.964218 -0.208942 0.163176 -0.231307 0.216912 0.948391 -0.490354 0.0298322 0.871013 -0.0772381 -0.261045 0.962232 -0.451421 -0.323824 0.831479 -0.974867 -0.190968 0.114744 -0.975629 -0.207942 0.0700586 0.974583 0.190815 -0.117378 -0.974576 -0.190854 0.117377 </float_array>
          <technique_common>
            <accessor count="40" offset="0" source="#meshId40-tangents-array" stride="3">
              <param name="X" type="float" />
              <param name="Y" type="float" />
              <param name="Z" type="float" />
            </accessor>
          </technique_common>
        </source>
        <source id="meshId40-bitangents" name="meshId40-bitangents">
          <float_array id="meshId40-bitangents-array" count="120"> -0.552345 0.724284 -0.412708 0.280576 0.867962 0.409779 0.430026 0.824938 0.366819 -0.729237 0.649213 -0.216185 0.0944349 0.353671 0.930591 0.113633 0.0440624 0.992545 -0.434467 0.713949 0.549105 -0.653754 0.642585 0.399613 0.175627 0.87718 -0.446891 0.330881 0.83363 -0.442243 -0.132031 0.373549 -0.918166 -0.12924 0.0653576 -0.989457 0.741596 -0.663649 -0.098007 -0.442679 -0.895569 0.0446258 -0.442679 -0.895569 0.0446258 0.741596 -0.663649 -0.0980071 -0.974576 -0.190853 0.117377 -0.974575 -0.190854 0.117377 -0.741595 0.663649 0.0980074 -0.741595 0.663649 0.0980076 0.44268 0.895569 -0.0446249 0.442679 0.895569 -0.0446255 0.974576 0.190853 -0.117377 0.974576 0.190853 -0.117377 0.741596 -0.663649 -0.0980065 0.741596 -0.663649 -0.098007 -0.609809 0.621307 0.492047 0.365026 0.863491 -0.348052 0.133032 0.858503 -0.495252 -0.48155 0.718717 0.501554 -0.134415 0.0643439 -0.988834 -0.230166 0.354331 -0.906351 -0.708952 0.629999 -0.317 -0.586529 0.72792 -0.355129 0.440497 0.856875 0.267821 0.250894 0.848171 0.466538 0.108465 0.0430504 0.993168 -0.00361521 0.33447 0.9424 -0.188136 0.981568 0.0336001 -0.188174 0.981561 0.0336047 </float_array>
          <technique_common>
            <accessor count="40" offset="0" source="#meshId40-bitangents-array" stride="3">
              <param name="X" type="float" />
              <param name="Y" type="float" />
              <param name="Z" type="float" />
            </accessor>
          </technique_common>
        </source>
        <source id="meshId40-tex0" name="meshId40-tex0">
          <float_array id="meshId40-tex0-array" count="80"> 0.112873 0.014626 0.112873 0.008998 0.117747 0.006184 0.117747 0.017439 0.107999 0.006184 0.107999 0.000556 0.103125 0.008998 0.098251 0.006184 0.103125 0.014625 0.098251 0.017439 0.107999 0.017439 0.107999 0.023067 0.483813 0.948051 0.483813 0.956251 0.462554 0.956251 0.462554 0.948051 0.483813 0.96445 0.462554 0.96445 0.483813 0.97265 0.462554 0.97265 0.483813 0.98085 0.462554 0.98085 0.483813 0.989049 0.462554 0.989049 0.483813 0.997249 0.462554 0.997249 0.101283 0.040726 0.101283 0.02947 0.106157 0.032284 0.106157 0.037912 0.111031 0.023842 0.111031 0.02947 0.120779 0.02947 0.115905 0.032284 0.120779 0.040726 0.115905 0.037912 0.111031 0.046354 0.111031 0.040726 0.108449 0.011812 0.111481 0.035098 </float_array>
          <technique_common>
            <accessor count="40" offset="0" source="#meshId40-tex0-array" stride="2">
              <param name="S" type="float" />
              <param name="T" type="float" />
            </accessor>
          </technique_common>
        </source>
        <vertices id="meshId40-vertices">
          <input semantic="POSITION" source="#meshId40-positions" />
          <input semantic="NORMAL" source="#meshId40-normals" />
          <input semantic="TANGENT" source="#meshId40-tangents" />
          <input semantic="BINORMAL" source="#meshId40-bitangents" />
          <input semantic="TEXCOORD" source="#meshId40-tex0"  />
        </vertices>
        <polylist count="48" material="defaultMaterial">
          <input offset="0" semantic="VERTEX" source="#meshId40-vertices" />
          <vcount>3 3 3 3 3 3 3 3 3 3 3 3 3 3 3 3 3 3 3 3 3 3 3 3 3 3 3 3 3 3 3 3 3 3 3 3 3 3 3 3 3 3 3 3 3 3 3 3 </vcount>
          <p>3 0 1 1 2 3 2 1 4 4 5 2 5 4 6 6 7 5 7 6 8 8 9 7 9 8 10 10 11 9 11 10 0 0 3 11 15 12 13 13 14 15 14 13 16 16 17 14 17 16 18 18 19 17 19 18 20 20 21 19 21 20 22 22 23 21 23 22 24 24 25 23 29 26 27 27 28 29 28 27 30 30 31 28 31 30 32 32 33 31 33 32 34 34 35 33 35 34 36 36 37 35 37 36 26 26 29 37 1 0 38 4 1 38 6 4 38 8 6 38 10 8 38 0 10 38 29 28 39 28 31 39 31 33 39 33 35 39 35 37 39 37 29 39 </p>
        </polylist>
      </mesh>
    </geometry>
    <geometry id="meshId41" name="meshId41_name" >
      <mesh>
        <source id="meshId41-positions" name="meshId41-positions">
          <float_array id="meshId41-positions-array" count="123"> 0.491573 -0.19834 0.140227 0.4863 -0.198003 0.178776 0.484708 -0.0796152 0.177523 0.489982 -0.0799527 0.138973 0.4863 -0.198003 0.178776 0.509828 -0.197359 0.20976 0.508237 -0.0789708 0.208506 0.484708 -0.0796152 0.177523 0.509828 -0.197359 0.20976 0.548376 -0.196785 0.215028 0.546784 -0.0783967 0.213775 0.508237 -0.0789708 0.208506 0.548376 -0.196785 0.215028 0.579362 -0.196617 0.191495 0.577771 -0.0782295 0.190241 0.546784 -0.0783967 0.213775 0.579362 -0.196617 0.191495 0.584635 -0.196955 0.152945 0.583044 -0.0785669 0.151691 0.577771 -0.0782295 0.190241 0.584635 -0.196955 0.152945 0.561107 -0.197599 0.121961 0.559515 -0.0792113 0.120707 0.583044 -0.0785669 0.151691 0.561107 -0.197599 0.121961 0.522559 -0.198173 0.116693 0.520968 -0.0797853 0.115439 0.559515 -0.0792113 0.120707 0.522559 -0.198173 0.116693 0.491573 -0.19834 0.140227 0.489982 -0.0799527 0.138973 0.520968 -0.0797853 0.115439 0.489982 -0.0799527 0.138973 0.484708 -0.0796152 0.177523 0.533876 -0.0790911 0.164607 0.508237 -0.0789708 0.208506 0.546784 -0.0783967 0.213775 0.577771 -0.0782295 0.190241 0.583044 -0.0785669 0.151691 0.559515 -0.0792113 0.120707 0.520968 -0.0797853 0.115439 </float_array>
          <technique_common>
            <accessor count="41" offset="0" source="#meshId41-positions-array" stride="3">
              <param name="X" type="float" />
              <param name="Y" type="float" />
              <param name="Z" type="float" />
            </accessor>
          </technique_common>
        </source>
        <source id="meshId41-normals" name="meshId41-normals">
          <float_array id="meshId41-normals-array" count="123"> -0.990682 -0.014752 -0.135391 -0.990682 -0.014752 -0.135391 -0.990682 -0.014752 -0.135391 -0.990682 -0.014752 -0.135391 -0.796351 -0.004299 0.60482 -0.796351 -0.004299 0.60482 -0.796351 -0.004299 0.60482 -0.796351 -0.004299 0.60482 -0.135527 0.008671 0.990736 -0.135527 0.008671 0.990736 -0.135527 0.008671 0.990736 -0.135527 0.008671 0.990736 0.604686 0.016562 0.796292 0.604686 0.016562 0.796292 0.604686 0.016562 0.796292 0.604686 0.016562 0.796292 0.990682 0.014752 0.135391 0.990682 0.014752 0.135391 0.990682 0.014752 0.135391 0.990682 0.014752 0.135391 0.796351 0.004299 -0.60482 0.796351 0.004299 -0.60482 0.796351 0.004299 -0.60482 0.796351 0.004299 -0.60482 0.135528 -0.008671 -0.990736 0.135528 -0.008671 -0.990736 0.135528 -0.008671 -0.990736 0.135528 -0.008671 -0.990736 -0.604686 -0.016562 -0.796292 -0.604686 -0.016562 -0.796292 -0.604686 -0.016562 -0.796292 -0.604686 -0.016562 -0.796292 -0.013441 0.999854 -0.01059 -0.013441 0.999854 -0.01059 -0.013441 0.999854 -0.01059 -0.013441 0.999854 -0.01059 -0.013441 0.999854 -0.01059 -0.013441 0.999854 -0.01059 -0.013441 0.999854 -0.01059 -0.013441 0.999854 -0.01059 -0.013441 0.999854 -0.01059 </float_array>
          <technique_common>
            <accessor count="41" offset="0" source="#meshId41-normals-array" stride="3">
              <param name="X" type="float" />
              <param name="Y" type="float" />
              <param name="Z" type="float" />
            </accessor>
          </technique_common>
        </source>
        <source id="meshId41-tangents" name="meshId41-tangents">
          <float_array id="meshId41-tangents-array" count="123"> 0.0134413 -0.999853 0.0105897 0.0134413 -0.999853 0.0105897 0.0134413 -0.999853 0.0105896 0.0134413 -0.999854 0.0105896 0.0134405 -0.999854 0.0105899 0.0134405 -0.999854 0.0105899 0.0134405 -0.999854 0.0105898 0.0134405 -0.999854 0.0105899 0.0134407 -0.999854 0.0105894 0.0134407 -0.999854 0.0105894 0.0134407 -0.999854 0.0105894 0.0134407 -0.999854 0.0105894 0.0134404 -0.999853 0.0105895 0.0134476 -0.999854 0.010584 0.0134761 -0.999853 0.0105624 0.0134689 -0.999853 0.0105679 0.0134474 -0.999854 0.0105454 0.0134462 -0.999854 0.0105544 0.0134413 -0.999853 0.0105899 0.0134425 -0.999854 0.0105809 0.0134405 -0.999854 0.0105899 0.0134405 -0.999854 0.0105899 0.0134404 -0.999854 0.0105898 0.0134404 -0.999854 0.0105898 0.0134407 -0.999854 0.0105894 0.0134407 -0.999854 0.0105894 0.0134407 -0.999854 0.0105894 0.0134407 -0.999854 0.0105894 0.0134405 -0.999853 0.0105895 0.0134405 -0.999854 0.0105894 0.0134407 -0.999854 0.0105893 0.0134406 -0.999854 0.0105894 0.967131 0.0103101 -0.25407 0.967135 0.0103103 -0.254053 0.967135 0.0103104 -0.254053 0.967137 0.0103104 -0.254049 0.967135 0.0103104 -0.254053 0.967134 0.0103103 -0.254057 0.967135 0.0103104 -0.254053 0.96714 0.0103106 -0.254035 0.967135 0.0103104 -0.254053 </float_array>
          <technique_common>
            <accessor count="41" offset="0" source="#meshId41-tangents-array" stride="3">
              <param name="X" type="float" />
              <param name="Y" type="float" />
              <param name="Z" type="float" />
            </accessor>
          </technique_common>
        </source>
        <source id="meshId41-bitangents" name="meshId41-bitangents">
          <float_array id="meshId41-bitangents-array" count="123"> -0.135527 0.00867123 0.990736 -0.135527 0.00867121 0.990736 -0.135527 0.00867111 0.990736 -0.135527 0.00867113 0.990736 0.604686 0.0165623 0.796292 0.604686 0.0165623 0.796292 0.604686 0.0165623 0.796292 0.604686 0.0165623 0.796292 0.990682 0.0147513 0.135391 0.990682 0.0147513 0.135391 0.990682 0.0147513 0.135391 0.990682 0.0147513 0.135391 0.796351 0.00429918 -0.60482 0.796351 0.00430824 -0.60482 0.79635 0.00434401 -0.60482 0.79635 0.00433495 -0.60482 0.135527 -0.00862647 -0.990736 0.135527 -0.00863555 -0.990736 0.135527 -0.00867139 -0.990736 0.135527 -0.00866231 -0.990736 -0.604686 -0.0165624 -0.796292 -0.604686 -0.0165623 -0.796292 -0.604686 -0.0165622 -0.796292 -0.604686 -0.0165622 -0.796292 -0.990682 -0.0147513 -0.135392 -0.990682 -0.0147513 -0.135392 -0.990682 -0.0147513 -0.135392 -0.990682 -0.0147513 -0.135392 -0.796351 -0.00429926 0.60482 -0.796351 -0.0042993 0.60482 -0.796351 -0.00429946 0.60482 -0.796351 -0.00429942 0.60482 -0.253924 -0.0136569 -0.967128 -0.253907 -0.0136567 -0.967132 -0.253907 -0.0136567 -0.967132 -0.253902 -0.0136566 -0.967133 -0.253906 -0.0136567 -0.967132 -0.253911 -0.0136567 -0.967131 -0.253906 -0.0136567 -0.967132 -0.253889 -0.0136565 -0.967137 -0.253906 -0.0136567 -0.967132 </float_array>
          <technique_common>
            <accessor count="41" offset="0" source="#meshId41-bitangents-array" stride="3">
              <param name="X" type="float" />
              <param name="Y" type="float" />
              <param name="Z" type="float" />
            </accessor>
          </technique_common>
        </source>
        <source id="meshId41-tex0" name="meshId41-tex0">
          <float_array id="meshId41-tex0-array" count="82"> 0.06779 0.598035 0.06779 0.605486 0.046234 0.605486 0.046234 0.598035 0.06779 0.605486 0.067791 0.612937 0.046234 0.612937 0.046234 0.605486 0.067791 0.612937 0.067791 0.620389 0.046234 0.620389 0.046234 0.612937 0.067791 0.620389 0.067791 0.62784 0.046234 0.627841 0.046234 0.620389 0.067791 0.62784 0.067791 0.635292 0.046234 0.635292 0.046234 0.627841 0.067791 0.635292 0.06779 0.642743 0.046234 0.642743 0.046234 0.635292 0.06779 0.642743 0.06779 0.650195 0.046234 0.650195 0.046234 0.642743 0.06779 0.650195 0.06779 0.657646 0.046234 0.657646 0.046234 0.650195 0.318495 0.560575 0.313546 0.548628 0.331117 0.548628 0.318495 0.536682 0.330441 0.531734 0.342388 0.536682 0.347336 0.548628 0.342388 0.560575 0.330441 0.565523 </float_array>
          <technique_common>
            <accessor count="41" offset="0" source="#meshId41-tex0-array" stride="2">
              <param name="S" type="float" />
              <param name="T" type="float" />
            </accessor>
          </technique_common>
        </source>
        <vertices id="meshId41-vertices">
          <input semantic="POSITION" source="#meshId41-positions" />
          <input semantic="NORMAL" source="#meshId41-normals" />
          <input semantic="TANGENT" source="#meshId41-tangents" />
          <input semantic="BINORMAL" source="#meshId41-bitangents" />
          <input semantic="TEXCOORD" source="#meshId41-tex0"  />
        </vertices>
        <polylist count="24" material="defaultMaterial">
          <input offset="0" semantic="VERTEX" source="#meshId41-vertices" />
          <vcount>3 3 3 3 3 3 3 3 3 3 3 3 3 3 3 3 3 3 3 3 3 3 3 3 </vcount>
          <p>3 0 1 1 2 3 7 4 5 5 6 7 11 8 9 9 10 11 15 12 13 13 14 15 19 16 17 17 18 19 23 20 21 21 22 23 27 24 25 25 26 27 31 28 29 29 30 31 32 33 34 33 35 34 35 36 34 36 37 34 37 38 34 38 39 34 39 40 34 40 32 34 </p>
        </polylist>
      </mesh>
    </geometry>
    <geometry id="meshId42" name="meshId42_name" >
      <mesh>
        <source id="meshId42-positions" name="meshId42-positions">
          <float_array id="meshId42-positions-array" count="120"> 0.463925 0.76773 0.31405 0.469867 0.741112 0.314169 0.48276 0.738 0.268787 0.474357 0.775642 0.268618 0.442031 0.72093 0.315048 0.443395 0.709458 0.270029 0.408254 0.727365 0.315807 0.395626 0.718558 0.271103 0.402311 0.753982 0.315688 0.387222 0.7562 0.270934 0.430147 0.774164 0.314809 0.426588 0.784742 0.269691 0.474357 0.775642 0.268618 0.48276 0.738 0.268787 0.479654 0.736734 0.141315 0.471251 0.774376 0.141146 0.443395 0.709458 0.270029 0.440289 0.708192 0.142558 0.395626 0.718558 0.271103 0.39252 0.717292 0.143631 0.387222 0.7562 0.270934 0.384117 0.754934 0.143462 0.426588 0.784742 0.269691 0.423482 0.783476 0.14222 0.474357 0.775642 0.268618 0.471251 0.774376 0.141146 0.471251 0.774376 0.141146 0.479654 0.736734 0.141315 0.464565 0.738952 0.0965616 0.458623 0.765569 0.0964421 0.440289 0.708192 0.142558 0.43673 0.71877 0.0974401 0.39252 0.717292 0.143631 0.402952 0.725204 0.0981992 0.384117 0.754934 0.143462 0.39701 0.751821 0.0980797 0.423482 0.783476 0.14222 0.424845 0.772004 0.0972011 0.436544 0.747733 0.333596 0.430333 0.745201 0.0786528 </float_array>
          <technique_common>
            <accessor count="40" offset="0" source="#meshId42-positions-array" stride="3">
              <param name="X" type="float" />
              <param name="Y" type="float" />
              <param name="Z" type="float" />
            </accessor>
          </technique_common>
        </source>
        <source id="meshId42-normals" name="meshId42-normals">
          <float_array id="meshId42-normals-array" count="120"> 0.589014 0.70957 0.386746 0.834123 -0.388366 0.391676 0.906974 -0.418538 0.047166 0.642774 0.764912 0.041853 0.211973 -0.906527 0.36507 0.218893 -0.973928 0.059578 -0.56914 -0.701471 0.428972 -0.639603 -0.76362 0.088272 -0.81425 0.396466 0.424042 -0.903803 0.41983 0.082958 -0.194384 0.913695 0.356898 -0.216203 0.975025 0.050827 0.642774 0.764912 0.041853 0.906974 -0.418538 0.047166 0.903804 -0.41983 -0.082958 0.639604 0.76362 -0.088272 0.218893 -0.973928 0.059578 0.216203 -0.975025 -0.050827 -0.639603 -0.76362 0.088272 -0.642774 -0.764912 -0.041853 -0.903803 0.41983 0.082958 -0.906974 0.418538 -0.047166 -0.216203 0.975025 0.050827 -0.218893 0.973928 -0.059578 0.642774 0.764912 0.041853 0.639604 0.76362 -0.088272 0.639604 0.76362 -0.088272 0.903804 -0.41983 -0.082958 0.81425 -0.396466 -0.424042 0.56914 0.701471 -0.428972 0.216203 -0.975025 -0.050827 0.194384 -0.913695 -0.356898 -0.642774 -0.764912 -0.041853 -0.589014 -0.70957 -0.386746 -0.906974 0.418538 -0.047166 -0.834123 0.388367 -0.391676 -0.218893 0.973928 -0.059578 -0.211973 0.906527 -0.36507 0.024355 0.009925 0.999654 -0.024355 -0.009925 -0.999654 </float_array>
          <technique_common>
            <accessor count="40" offset="0" source="#meshId42-normals-array" stride="3">
              <param name="X" type="float" />
              <param name="Y" type="float" />
              <param name="Z" type="float" />
            </accessor>
          </technique_common>
        </source>
        <source id="meshId42-tangents" name="meshId42-tangents">
          <float_array id="meshId42-tangents-array" count="120"> 0.610577 -0.0772482 -0.78818 0.508003 0.264277 -0.819811 0.203163 0.336641 -0.919455 0.254712 -0.161876 -0.953372 0.977252 0.199228 -0.0727133 0.975636 0.217529 -0.0285773 0.64828 -0.0619027 0.758882 0.300964 -0.143096 0.942838 0.547181 0.280204 0.78872 0.247531 0.354722 0.90161 0.979541 0.200129 0.0211549 0.975765 0.21758 -0.0232761 -0.0175173 -0.0399438 0.999048 -0.0347494 0.0372439 0.998702 0.0833547 -0.0174364 0.996367 0.0661238 0.0597518 0.996021 0.0122856 0.0638048 0.997887 0.036349 -0.0439839 0.998371 0.0661233 0.0597524 0.996021 -0.0175175 -0.0399436 0.999048 0.083355 -0.017436 0.996367 -0.0347491 0.0372444 0.998702 0.0363489 -0.0439839 0.998371 0.0122853 0.0638048 0.997887 -0.0175172 -0.0399439 0.999048 0.0661236 0.059752 0.996021 -0.373161 0.208042 -0.90414 -0.209732 -0.265567 -0.941003 -0.55895 -0.338198 -0.757098 -0.61291 0.0141591 -0.790026 -0.975572 -0.217814 0.0285782 -0.969336 -0.234686 0.0728715 -0.328795 0.226123 0.916931 -0.573722 0.0301311 0.818496 -0.163535 -0.246739 0.955184 -0.521259 -0.322836 0.789978 -0.975701 -0.217867 0.0232861 -0.971621 -0.235617 -0.0209149 0.97568 0.217661 -0.025932 -0.975672 -0.217698 0.0259321 </float_array>
          <technique_common>
            <accessor count="40" offset="0" source="#meshId42-tangents-array" stride="3">
              <param name="X" type="float" />
              <param name="Y" type="float" />
              <param name="Z" type="float" />
            </accessor>
          </technique_common>
        </source>
        <source id="meshId42-bitangents" name="meshId42-bitangents">
          <float_array id="meshId42-bitangents-array" count="120"> -0.529394 0.700388 -0.478748 0.214876 0.882796 0.417731 0.368949 0.843504 0.390356 -0.72247 0.623463 -0.298882 -0.00681558 0.372179 0.928136 0.0148723 0.0643818 0.997814 -0.505779 0.710004 0.489981 -0.707339 0.629609 0.321347 0.193882 0.874243 -0.445095 0.349096 0.835413 -0.42452 -0.0520966 0.353708 -0.933904 -0.0337537 0.0445628 -0.998436 0.765856 -0.642895 -0.0122757 -0.419751 -0.907435 0.0192353 -0.419751 -0.907435 0.0192357 0.765855 -0.642895 -0.012276 -0.975671 -0.217699 0.0259317 -0.975672 -0.217698 0.0259317 -0.765856 0.642895 0.0122753 -0.765856 0.642895 0.0122753 0.419752 0.907435 -0.0192362 0.419751 0.907435 -0.0192358 0.975672 0.217698 -0.0259316 0.975671 0.217699 -0.0259314 0.765856 -0.642895 -0.0122758 0.765855 -0.642895 -0.0122757 -0.672055 0.611231 0.418017 0.37303 0.867881 -0.328072 0.156753 0.853485 -0.496982 -0.548107 0.712557 0.437997 -0.0389353 0.0434067 -0.998298 -0.150341 0.331789 -0.931297 -0.691907 0.60314 -0.396845 -0.569127 0.70399 -0.424843 0.388143 0.87404 0.292231 0.180354 0.863104 0.471725 0.0096989 0.0632275 0.997952 -0.104977 0.350276 0.930745 -0.217843 0.975974 -0.0043825 -0.21788 0.975966 -0.0043815 </float_array>
          <technique_common>
            <accessor count="40" offset="0" source="#meshId42-bitangents-array" stride="3">
              <param name="X" type="float" />
              <param name="Y" type="float" />
              <param name="Z" type="float" />
            </accessor>
          </technique_common>
        </source>
        <source id="meshId42-tex0" name="meshId42-tex0">
          <float_array id="meshId42-tex0-array" count="80"> 0.031912 0.014626 0.031912 0.008998 0.036786 0.006184 0.036786 0.017439 0.027038 0.006184 0.027038 0.000556 0.022164 0.008998 0.01729 0.006184 0.022164 0.014625 0.01729 0.017439 0.027038 0.017439 0.027038 0.023067 0.506621 0.948051 0.506621 0.956251 0.485363 0.956251 0.485363 0.948051 0.506621 0.96445 0.485363 0.96445 0.506621 0.97265 0.485363 0.97265 0.506621 0.98085 0.485363 0.98085 0.506621 0.989049 0.485363 0.989049 0.506621 0.997249 0.485363 0.997249 0.018709 0.040726 0.018709 0.02947 0.023583 0.032284 0.023583 0.037912 0.028456 0.023842 0.028456 0.02947 0.038204 0.02947 0.03333 0.032284 0.038204 0.040726 0.03333 0.037912 0.028456 0.046354 0.028456 0.040726 0.027488 0.011812 0.028907 0.035098 </float_array>
          <technique_common>
            <accessor count="40" offset="0" source="#meshId42-tex0-array" stride="2">
              <param name="S" type="float" />
              <param name="T" type="float" />
            </accessor>
          </technique_common>
        </source>
        <vertices id="meshId42-vertices">
          <input semantic="POSITION" source="#meshId42-positions" />
          <input semantic="NORMAL" source="#meshId42-normals" />
          <input semantic="TANGENT" source="#meshId42-tangents" />
          <input semantic="BINORMAL" source="#meshId42-bitangents" />
          <input semantic="TEXCOORD" source="#meshId42-tex0"  />
        </vertices>
        <polylist count="48" material="defaultMaterial">
          <input offset="0" semantic="VERTEX" source="#meshId42-vertices" />
          <vcount>3 3 3 3 3 3 3 3 3 3 3 3 3 3 3 3 3 3 3 3 3 3 3 3 3 3 3 3 3 3 3 3 3 3 3 3 3 3 3 3 3 3 3 3 3 3 3 3 </vcount>
          <p>3 0 1 1 2 3 2 1 4 4 5 2 5 4 6 6 7 5 7 6 8 8 9 7 9 8 10 10 11 9 11 10 0 0 3 11 15 12 13 13 14 15 14 13 16 16 17 14 17 16 18 18 19 17 19 18 20 20 21 19 21 20 22 22 23 21 23 22 24 24 25 23 29 26 27 27 28 29 28 27 30 30 31 28 31 30 32 32 33 31 33 32 34 34 35 33 35 34 36 36 37 35 37 36 26 26 29 37 1 0 38 4 1 38 6 4 38 8 6 38 10 8 38 0 10 38 29 28 39 28 31 39 31 33 39 33 35 39 35 37 39 37 29 39 </p>
        </polylist>
      </mesh>
    </geometry>
    <geometry id="meshId43" name="meshId43_name" >
      <mesh>
        <source id="meshId43-positions" name="meshId43-positions">
          <float_array id="meshId43-positions-array" count="120"> 0.352829 0.765604 0.295505 0.352829 0.738331 0.295505 0.366811 0.732683 0.250694 0.366811 0.771252 0.250694 0.32126 0.724695 0.294871 0.322167 0.713398 0.249796 0.289692 0.738331 0.294236 0.277522 0.732683 0.248898 0.289692 0.765604 0.294236 0.277522 0.771252 0.248898 0.32126 0.77924 0.294871 0.322167 0.790537 0.249796 0.366811 0.771252 0.250694 0.366811 0.732683 0.250694 0.369376 0.732683 0.123204 0.369376 0.771252 0.123204 0.322167 0.713398 0.249796 0.324731 0.713398 0.122306 0.277522 0.732683 0.248898 0.280086 0.732683 0.121408 0.277522 0.771252 0.248898 0.280086 0.771252 0.121408 0.322167 0.790537 0.249796 0.324731 0.790537 0.122306 0.366811 0.771252 0.250694 0.369376 0.771252 0.123204 0.369376 0.771252 0.123204 0.369376 0.732683 0.123204 0.357206 0.738331 0.0778663 0.357206 0.765604 0.0778663 0.324731 0.713398 0.122306 0.325638 0.724695 0.0772314 0.280086 0.732683 0.121408 0.294069 0.738331 0.0765965 0.280086 0.771252 0.121408 0.294069 0.765604 0.0765965 0.324731 0.790537 0.122306 0.325638 0.77924 0.0772314 0.320885 0.751967 0.313541 0.326013 0.751967 0.0585609 </float_array>
          <technique_common>
            <accessor count="40" offset="0" source="#meshId43-positions-array" stride="3">
              <param name="X" type="float" />
              <param name="Y" type="float" />
              <param name="Z" type="float" />
            </accessor>
          </technique_common>
        </source>
        <source id="meshId43-normals" name="meshId43-normals">
          <float_array id="meshId43-normals-array" count="120"> 0.710778 0.562487 0.422378 0.710778 -0.562487 0.422378 0.791102 -0.606297 0.081008 0.791101 0.606297 0.081008 -0.007261 -0.932524 0.361036 -0.00111 -0.998474 0.05521 -0.727185 -0.562488 0.393458 -0.793719 -0.606297 0.049135 -0.727185 0.562488 0.393458 -0.793719 0.606297 0.049135 -0.007261 0.932524 0.361036 -0.001111 0.998474 0.05521 0.791101 0.606297 0.081008 0.791102 -0.606297 0.081008 0.793719 -0.606297 -0.049135 0.793719 0.606297 -0.049135 -0.00111 -0.998474 0.05521 0.001111 -0.998474 -0.05521 -0.793719 -0.606297 0.049135 -0.791101 -0.606297 -0.081008 -0.793719 0.606297 0.049135 -0.791102 0.606297 -0.081008 -0.001111 0.998474 0.05521 0.00111 0.998474 -0.05521 0.791101 0.606297 0.081008 0.793719 0.606297 -0.049135 0.793719 0.606297 -0.049135 0.793719 -0.606297 -0.049135 0.727186 -0.562487 -0.393457 0.727186 0.562487 -0.393458 0.001111 -0.998474 -0.05521 0.007261 -0.932524 -0.361036 -0.791101 -0.606297 -0.081008 -0.710778 -0.562488 -0.422378 -0.791102 0.606297 -0.081008 -0.710778 0.562487 -0.422378 0.00111 0.998474 -0.05521 0.007261 0.932524 -0.361036 -0.020108 0 0.999798 0.020108 0 -0.999798 </float_array>
          <technique_common>
            <accessor count="40" offset="0" source="#meshId43-normals-array" stride="3">
              <param name="X" type="float" />
              <param name="Y" type="float" />
              <param name="Z" type="float" />
            </accessor>
          </technique_common>
        </source>
        <source id="meshId43-tangents" name="meshId43-tangents">
          <float_array id="meshId43-tangents-array" count="120"> 0.614783 -0.204969 -0.761597 0.590497 0.150836 -0.792818 0.313606 0.288315 -0.904724 0.25702 -0.209304 -0.943468 0.999475 -0.0181651 -0.0268178 0.999848 -0.000145977 0.017462 0.583673 -0.204989 0.785688 0.218922 -0.209363 0.953016 0.558121 0.150791 0.815943 0.276976 0.288314 0.916602 0.997583 -0.0181965 0.0670629 0.999741 -0.000146256 0.022763 -0.0717484 -0.0395442 0.996639 -0.0717483 0.0395441 0.996639 0.0316184 -0.0395448 0.998717 0.0316183 0.0395448 0.998717 -0.0200773 0.0552212 0.998272 -0.0200773 -0.0552212 0.998272 0.0316184 0.0395448 0.998717 -0.0717484 -0.0395442 0.996639 0.0316183 -0.0395448 0.998717 -0.0717483 0.0395441 0.996639 -0.0200773 -0.0552212 0.998272 -0.0200773 0.0552212 0.998272 -0.0717483 -0.0395443 0.996639 0.0316183 0.0395448 0.998717 -0.276971 0.288308 -0.916606 -0.218923 -0.209364 -0.953016 -0.583663 -0.204969 -0.785701 -0.558136 0.150821 -0.815928 -0.999848 -0.000147026 -0.0174613 -0.999475 -0.0181652 0.0268181 -0.313602 0.288309 0.904727 -0.590492 0.150824 0.792825 -0.257062 -0.209363 0.943444 -0.614782 -0.204967 0.761598 -0.999741 -0.000146782 -0.0227543 -0.997589 -0.0181654 -0.0669827 0.999798 -3.83885e-05 0.020108 -0.999798 -2.26687e-09 -0.020108 </float_array>
          <technique_common>
            <accessor count="40" offset="0" source="#meshId43-tangents-array" stride="3">
              <param name="X" type="float" />
              <param name="Y" type="float" />
              <param name="Z" type="float" />
            </accessor>
          </technique_common>
        </source>
        <source id="meshId43-bitangents" name="meshId43-bitangents">
          <float_array id="meshId43-bitangents-array" count="120"> -0.341814 0.800997 -0.491495 0.38224 0.812931 0.439358 0.525175 0.741133 0.418225 -0.555067 0.7672 -0.321411 0.0315665 0.360652 0.932166 -0.0174273 0.055221 0.998322 -0.361285 0.800991 0.477374 -0.567524 0.767184 0.298908 0.399628 0.812939 -0.423589 0.541567 0.741134 -0.39677 0.0691074 0.36065 -0.930137 0.0227364 0.055221 -0.998215 0.607463 -0.794254 0.0122174 -0.607462 -0.794255 -0.0122174 -0.607462 -0.794255 -0.0122173 0.607462 -0.794255 0.0122174 -0.999798 -3.85917e-07 -0.020108 -0.999798 -6.15255e-07 -0.020108 -0.607462 0.794255 -0.0122173 -0.607463 0.794254 -0.0122174 0.607462 0.794255 0.0122174 0.607462 0.794255 0.0122173 0.999798 6.15255e-07 0.020108 0.999798 3.86033e-07 0.020108 0.607463 -0.794254 0.0122173 0.607462 -0.794255 0.0122174 -0.541569 0.741136 0.396762 0.567524 0.767184 -0.298908 0.3613 0.800997 -0.477353 -0.399607 0.812934 0.423619 0.0174265 0.055221 -0.998322 -0.0315668 0.360652 -0.932166 -0.525178 0.741135 -0.418218 -0.38225 0.812933 -0.439346 0.555047 0.767184 0.321484 0.341816 0.800998 0.491493 -0.0227277 0.055221 0.998216 -0.0690214 0.360652 0.930143 3.83807e-05 1 7.71915e-07 -2.26641e-09 1 -4.55821e-11 </float_array>
          <technique_common>
            <accessor count="40" offset="0" source="#meshId43-bitangents-array" stride="3">
              <param name="X" type="float" />
              <param name="Y" type="float" />
              <param name="Z" type="float" />
            </accessor>
          </technique_common>
        </source>
        <source id="meshId43-tex0" name="meshId43-tex0">
          <float_array id="meshId43-tex0-array" count="80"> 0.052339 0.014626 0.052339 0.008998 0.057213 0.006184 0.057213 0.017439 0.047466 0.006184 0.047466 0.000556 0.042592 0.008998 0.037718 0.006184 0.042592 0.014625 0.037718 0.017439 0.047466 0.017439 0.047466 0.023067 0.52943 0.948051 0.52943 0.956251 0.508171 0.956251 0.508171 0.948051 0.52943 0.96445 0.508171 0.96445 0.52943 0.97265 0.508171 0.97265 0.52943 0.98085 0.508171 0.98085 0.52943 0.989049 0.508171 0.989049 0.52943 0.997249 0.508171 0.997249 0.039031 0.040726 0.039031 0.02947 0.043905 0.032284 0.043905 0.037912 0.048779 0.023842 0.048779 0.02947 0.058527 0.02947 0.053653 0.032284 0.058527 0.040726 0.053653 0.037912 0.048779 0.046354 0.048779 0.040726 0.047916 0.011812 0.049229 0.035098 </float_array>
          <technique_common>
            <accessor count="40" offset="0" source="#meshId43-tex0-array" stride="2">
              <param name="S" type="float" />
              <param name="T" type="float" />
            </accessor>
          </technique_common>
        </source>
        <vertices id="meshId43-vertices">
          <input semantic="POSITION" source="#meshId43-positions" />
          <input semantic="NORMAL" source="#meshId43-normals" />
          <input semantic="TANGENT" source="#meshId43-tangents" />
          <input semantic="BINORMAL" source="#meshId43-bitangents" />
          <input semantic="TEXCOORD" source="#meshId43-tex0"  />
        </vertices>
        <polylist count="48" material="defaultMaterial">
          <input offset="0" semantic="VERTEX" source="#meshId43-vertices" />
          <vcount>3 3 3 3 3 3 3 3 3 3 3 3 3 3 3 3 3 3 3 3 3 3 3 3 3 3 3 3 3 3 3 3 3 3 3 3 3 3 3 3 3 3 3 3 3 3 3 3 </vcount>
          <p>3 0 1 1 2 3 2 1 4 4 5 2 5 4 6 6 7 5 7 6 8 8 9 7 9 8 10 10 11 9 11 10 0 0 3 11 15 12 13 13 14 15 14 13 16 16 17 14 17 16 18 18 19 17 19 18 20 20 21 19 21 20 22 22 23 21 23 22 24 24 25 23 29 26 27 27 28 29 28 27 30 30 31 28 31 30 32 32 33 31 33 32 34 34 35 33 35 34 36 36 37 35 37 36 26 26 29 37 1 0 38 4 1 38 6 4 38 8 6 38 10 8 38 0 10 38 29 28 39 28 31 39 31 33 39 33 35 39 35 37 39 37 29 39 </p>
        </polylist>
      </mesh>
    </geometry>
    <geometry id="meshId44" name="meshId44_name" >
      <mesh>
        <source id="meshId44-positions" name="meshId44-positions">
          <float_array id="meshId44-positions-array" count="123"> 0.384085 -0.197392 0.1866 0.412176 -0.196729 0.213516 0.410584 -0.0783411 0.212262 0.382494 -0.0790038 0.185346 0.412176 -0.196729 0.213516 0.451074 -0.196215 0.212682 0.449482 -0.077827 0.211428 0.410584 -0.0783411 0.212262 0.451074 -0.196215 0.212682 0.477993 -0.196151 0.184587 0.476402 -0.0777627 0.183333 0.449482 -0.077827 0.211428 0.477993 -0.196151 0.184587 0.477165 -0.196574 0.145687 0.475573 -0.0781859 0.144434 0.476402 -0.0777627 0.183333 0.477165 -0.196574 0.145687 0.449074 -0.197236 0.118771 0.447483 -0.0788485 0.117517 0.475573 -0.0781859 0.144434 0.449074 -0.197236 0.118771 0.410176 -0.19775 0.119605 0.408585 -0.0793626 0.118351 0.447483 -0.0788485 0.117517 0.410176 -0.19775 0.119605 0.383257 -0.197815 0.147701 0.381665 -0.0794269 0.146447 0.408585 -0.0793626 0.118351 0.383257 -0.197815 0.147701 0.384085 -0.197392 0.1866 0.382494 -0.0790038 0.185346 0.381665 -0.0794269 0.146447 0.382494 -0.0790038 0.185346 0.410584 -0.0783411 0.212262 0.429033 -0.0785949 0.16489 0.449482 -0.077827 0.211428 0.476402 -0.0777627 0.183333 0.475573 -0.0781859 0.144434 0.447483 -0.0788485 0.117517 0.408585 -0.0793626 0.118351 0.381665 -0.0794269 0.146447 </float_array>
          <technique_common>
            <accessor count="41" offset="0" source="#meshId44-positions-array" stride="3">
              <param name="X" type="float" />
              <param name="Y" type="float" />
              <param name="Z" type="float" />
            </accessor>
          </technique_common>
        </source>
        <source id="meshId44-normals" name="meshId44-normals">
          <float_array id="meshId44-normals-array" count="123"> -0.69183 -0.001653 0.722059 -0.69183 -0.001653 0.722059 -0.69183 -0.001653 0.722059 -0.69183 -0.001653 0.722059 0.021288 0.010874 0.999714 0.021288 0.010874 0.999714 0.021288 0.010874 0.999714 0.021288 0.010874 0.999714 0.721936 0.017031 0.691751 0.721936 0.017031 0.691751 0.721936 0.017031 0.691751 0.721936 0.017031 0.691751 0.999683 0.013212 -0.021431 0.999683 0.013212 -0.021431 0.999683 0.013212 -0.021431 0.999683 0.013212 -0.021431 0.69183 0.001653 -0.722059 0.69183 0.001653 -0.722059 0.69183 0.001653 -0.722059 0.69183 0.001653 -0.722059 -0.021288 -0.010874 -0.999714 -0.021288 -0.010874 -0.999714 -0.021288 -0.010874 -0.999714 -0.021288 -0.010874 -0.999714 -0.721935 -0.017031 -0.691751 -0.721935 -0.017031 -0.691751 -0.721935 -0.017031 -0.691751 -0.721935 -0.017031 -0.691751 -0.999683 -0.013212 0.021431 -0.999683 -0.013212 0.021431 -0.999683 -0.013212 0.021431 -0.999683 -0.013212 0.021431 -0.013441 0.999854 -0.01059 -0.013441 0.999854 -0.01059 -0.013441 0.999854 -0.01059 -0.013441 0.999854 -0.01059 -0.013441 0.999854 -0.01059 -0.013441 0.999854 -0.01059 -0.013441 0.999854 -0.01059 -0.013441 0.999854 -0.01059 -0.013441 0.999854 -0.01059 </float_array>
          <technique_common>
            <accessor count="41" offset="0" source="#meshId44-normals-array" stride="3">
              <param name="X" type="float" />
              <param name="Y" type="float" />
              <param name="Z" type="float" />
            </accessor>
          </technique_common>
        </source>
        <source id="meshId44-tangents" name="meshId44-tangents">
          <float_array id="meshId44-tangents-array" count="123"> 0.0134411 -0.999854 0.0105895 0.0134411 -0.999854 0.0105895 0.0134411 -0.999854 0.0105894 0.0134411 -0.999854 0.0105894 0.0134409 -0.999854 0.0105893 0.0134409 -0.999854 0.0105893 0.0134409 -0.999854 0.0105893 0.0134409 -0.999854 0.0105893 0.0134406 -0.999854 0.0105894 0.0134406 -0.999854 0.0105894 0.0134406 -0.999854 0.0105894 0.0134406 -0.999854 0.0105894 0.0134413 -0.999854 0.0105897 0.0134411 -0.999854 0.0105806 0.0134403 -0.999854 0.0105449 0.0134405 -0.999854 0.0105539 0.0134088 -0.999854 0.0105585 0.0134153 -0.999854 0.0105648 0.0134411 -0.999854 0.0105895 0.0134346 -0.999854 0.0105832 0.0134409 -0.999854 0.0105893 0.0134409 -0.999854 0.0105893 0.0134409 -0.999854 0.0105893 0.0134409 -0.999854 0.0105893 0.0134406 -0.999854 0.0105894 0.0134407 -0.999854 0.0105894 0.0134407 -0.999854 0.0105894 0.0134407 -0.999854 0.0105894 0.0134413 -0.999853 0.0105896 0.0134413 -0.999853 0.0105896 0.0134413 -0.999854 0.0105897 0.0134413 -0.999854 0.0105896 0.362878 -0.0049913 -0.931823 0.362895 -0.004991 -0.931817 0.362895 -0.004991 -0.931817 0.362899 -0.00499092 -0.931815 0.362895 -0.004991 -0.931817 0.36289 -0.00499108 -0.931818 0.362895 -0.004991 -0.931817 0.362911 -0.00499071 -0.93181 0.362895 -0.004991 -0.931817 </float_array>
          <technique_common>
            <accessor count="41" offset="0" source="#meshId44-tangents-array" stride="3">
              <param name="X" type="float" />
              <param name="Y" type="float" />
              <param name="Z" type="float" />
            </accessor>
          </technique_common>
        </source>
        <source id="meshId44-bitangents" name="meshId44-bitangents">
          <float_array id="meshId44-bitangents-array" count="123"> 0.721935 0.0170314 0.691751 0.721935 0.0170314 0.691751 0.721935 0.0170313 0.691751 0.721935 0.0170313 0.691751 0.999683 0.0132116 -0.021431 0.999683 0.0132116 -0.021431 0.999683 0.0132116 -0.021431 0.999683 0.0132116 -0.021431 0.69183 0.00165269 -0.722059 0.69183 0.00165269 -0.722059 0.69183 0.00165269 -0.722059 0.69183 0.00165269 -0.722059 -0.021288 -0.0108744 -0.999714 -0.0212881 -0.0108653 -0.999714 -0.0212886 -0.0108296 -0.999715 -0.0212884 -0.0108386 -0.999715 -0.721936 -0.0169866 -0.691751 -0.721936 -0.0169957 -0.691751 -0.721935 -0.0170314 -0.691751 -0.721936 -0.0170223 -0.691751 -0.999683 -0.0132116 0.021431 -0.999683 -0.0132116 0.021431 -0.999683 -0.0132116 0.021431 -0.999683 -0.0132116 0.021431 -0.69183 -0.00165271 0.722058 -0.69183 -0.00165272 0.722058 -0.69183 -0.0016528 0.722058 -0.69183 -0.00165278 0.722058 0.021288 0.0108743 0.999714 0.021288 0.0108743 0.999714 0.021288 0.0108744 0.999714 0.021288 0.0108744 0.999714 -0.93174 -0.0163675 -0.362758 -0.931733 -0.0163676 -0.362774 -0.931733 -0.0163676 -0.362774 -0.931732 -0.0163676 -0.362779 -0.931733 -0.0163676 -0.362774 -0.931735 -0.0163676 -0.36277 -0.931733 -0.0163676 -0.362775 -0.931727 -0.0163677 -0.362791 -0.931733 -0.0163676 -0.362774 </float_array>
          <technique_common>
            <accessor count="41" offset="0" source="#meshId44-bitangents-array" stride="3">
              <param name="X" type="float" />
              <param name="Y" type="float" />
              <param name="Z" type="float" />
            </accessor>
          </technique_common>
        </source>
        <source id="meshId44-tex0" name="meshId44-tex0">
          <float_array id="meshId44-tex0-array" count="82"> 0.202563 0.598035 0.202563 0.605486 0.181006 0.605486 0.181006 0.598035 0.202563 0.605486 0.202563 0.612937 0.181006 0.612937 0.181006 0.605486 0.202563 0.612937 0.202563 0.620389 0.181006 0.620389 0.181006 0.612937 0.202563 0.620389 0.202563 0.62784 0.181006 0.627841 0.181006 0.620389 0.202563 0.62784 0.202563 0.635292 0.181006 0.635292 0.181006 0.627841 0.202563 0.635292 0.202563 0.642743 0.181006 0.642743 0.181006 0.635292 0.202563 0.642743 0.202563 0.650195 0.181006 0.650195 0.181006 0.642743 0.202563 0.650195 0.202563 0.657646 0.181006 0.657646 0.181006 0.650195 0.318495 0.560575 0.313546 0.548628 0.331117 0.548628 0.318495 0.536682 0.330441 0.531734 0.342388 0.536682 0.347336 0.548628 0.342388 0.560575 0.330441 0.565523 </float_array>
          <technique_common>
            <accessor count="41" offset="0" source="#meshId44-tex0-array" stride="2">
              <param name="S" type="float" />
              <param name="T" type="float" />
            </accessor>
          </technique_common>
        </source>
        <vertices id="meshId44-vertices">
          <input semantic="POSITION" source="#meshId44-positions" />
          <input semantic="NORMAL" source="#meshId44-normals" />
          <input semantic="TANGENT" source="#meshId44-tangents" />
          <input semantic="BINORMAL" source="#meshId44-bitangents" />
          <input semantic="TEXCOORD" source="#meshId44-tex0"  />
        </vertices>
        <polylist count="24" material="defaultMaterial">
          <input offset="0" semantic="VERTEX" source="#meshId44-vertices" />
          <vcount>3 3 3 3 3 3 3 3 3 3 3 3 3 3 3 3 3 3 3 3 3 3 3 3 </vcount>
          <p>3 0 1 1 2 3 7 4 5 5 6 7 11 8 9 9 10 11 15 12 13 13 14 15 19 16 17 17 18 19 23 20 21 21 22 23 27 24 25 25 26 27 31 28 29 29 30 31 32 33 34 33 35 34 35 36 34 36 37 34 37 38 34 38 39 34 39 40 34 40 32 34 </p>
        </polylist>
      </mesh>
    </geometry>
    <geometry id="meshId45" name="meshId45_name" >
      <mesh>
        <source id="meshId45-positions" name="meshId45-positions">
          <float_array id="meshId45-positions-array" count="123"> 0.637782 -0.197606 0.115747 0.604098 -0.197852 0.135225 0.602507 -0.0794647 0.133971 0.63619 -0.0792181 0.114493 0.604098 -0.197852 0.135225 0.594049 -0.197589 0.172814 0.592457 -0.0792016 0.17156 0.602507 -0.0794647 0.133971 0.594049 -0.197589 0.172814 0.613521 -0.196971 0.206496 0.611929 -0.0785831 0.205242 0.592457 -0.0792016 0.17156 0.613521 -0.196971 0.206496 0.651107 -0.196359 0.21654 0.649516 -0.0779714 0.215286 0.611929 -0.0785831 0.205242 0.651107 -0.196359 0.21654 0.684791 -0.196113 0.197063 0.683199 -0.0777249 0.195809 0.649516 -0.0779714 0.215286 0.684791 -0.196113 0.197063 0.69484 -0.196376 0.159473 0.693249 -0.077988 0.158219 0.683199 -0.0777249 0.195809 0.69484 -0.196376 0.159473 0.675368 -0.196994 0.125791 0.673777 -0.0786065 0.124538 0.693249 -0.077988 0.158219 0.675368 -0.196994 0.125791 0.637782 -0.197606 0.115747 0.63619 -0.0792181 0.114493 0.673777 -0.0786065 0.124538 0.63619 -0.0792181 0.114493 0.602507 -0.0794647 0.133971 0.642853 -0.0785949 0.16489 0.592457 -0.0792016 0.17156 0.611929 -0.0785831 0.205242 0.649516 -0.0779714 0.215286 0.683199 -0.0777249 0.195809 0.693249 -0.077988 0.158219 0.673777 -0.0786065 0.124538 </float_array>
          <technique_common>
            <accessor count="41" offset="0" source="#meshId45-positions-array" stride="3">
              <param name="X" type="float" />
              <param name="Y" type="float" />
              <param name="Z" type="float" />
            </accessor>
          </technique_common>
        </source>
        <source id="meshId45-normals" name="meshId45-normals">
          <float_array id="meshId45-normals-array" count="123"> -0.500431 -0.015895 -0.865631 -0.500431 -0.015895 -0.865631 -0.500431 -0.015895 -0.865631 -0.500431 -0.015895 -0.865631 -0.965981 -0.01572 -0.258136 -0.965981 -0.01572 -0.258136 -0.965981 -0.01572 -0.258136 -0.965981 -0.01572 -0.258136 -0.865672 -0.006335 0.500571 -0.865672 -0.006335 0.500571 -0.865672 -0.006335 0.500571 -0.865672 -0.006335 0.500571 -0.258265 0.00676 0.966051 -0.258265 0.00676 0.966051 -0.258265 0.00676 0.966051 -0.258265 0.00676 0.966051 0.500431 0.015895 0.865631 0.500431 0.015895 0.865631 0.500431 0.015895 0.865631 0.500431 0.015895 0.865631 0.965981 0.01572 0.258136 0.965981 0.01572 0.258136 0.965981 0.01572 0.258136 0.965981 0.01572 0.258136 0.865672 0.006335 -0.500571 0.865672 0.006335 -0.500571 0.865672 0.006335 -0.500571 0.865672 0.006335 -0.500571 0.258265 -0.00676 -0.966051 0.258265 -0.00676 -0.966051 0.258265 -0.00676 -0.966051 0.258265 -0.00676 -0.966051 -0.013441 0.999854 -0.01059 -0.013441 0.999854 -0.01059 -0.013441 0.999854 -0.01059 -0.013441 0.999854 -0.01059 -0.013441 0.999854 -0.01059 -0.013441 0.999854 -0.01059 -0.013441 0.999854 -0.01059 -0.013441 0.999854 -0.01059 -0.013441 0.999854 -0.01059 </float_array>
          <technique_common>
            <accessor count="41" offset="0" source="#meshId45-normals-array" stride="3">
              <param name="X" type="float" />
              <param name="Y" type="float" />
              <param name="Z" type="float" />
            </accessor>
          </technique_common>
        </source>
        <source id="meshId45-tangents" name="meshId45-tangents">
          <float_array id="meshId45-tangents-array" count="123"> 0.0134406 -0.999854 0.0105895 0.0134406 -0.999854 0.0105895 0.0134406 -0.999854 0.0105895 0.0134406 -0.999854 0.0105895 0.0134414 -0.999853 0.0105897 0.0134414 -0.999854 0.0105898 0.0134413 -0.999854 0.0105899 0.0134413 -0.999854 0.0105898 0.0134405 -0.999853 0.0105898 0.0134405 -0.999853 0.0105898 0.0134405 -0.999853 0.0105898 0.0134405 -0.999853 0.0105898 0.0134406 -0.999853 0.0105898 0.0134495 -0.999853 0.0105921 0.0134843 -0.999853 0.0106014 0.0134755 -0.999853 0.0105991 0.0134796 -0.999853 0.0105669 0.0134718 -0.999853 0.0105714 0.0134409 -0.999854 0.0105893 0.0134488 -0.999854 0.0105848 0.0134414 -0.999854 0.0105897 0.0134414 -0.999853 0.0105898 0.0134413 -0.999854 0.0105899 0.0134413 -0.999854 0.0105898 0.0134405 -0.999854 0.0105898 0.0134404 -0.999853 0.0105898 0.0134404 -0.999854 0.0105898 0.0134404 -0.999853 0.0105898 0.0134406 -0.999854 0.0105898 0.0134406 -0.999854 0.0105898 0.0134406 -0.999854 0.0105898 0.0134406 -0.999854 0.0105898 0.793627 0.0171101 0.608164 0.793617 0.0171101 0.608178 0.793616 0.0171101 0.608178 0.793613 0.0171101 0.608182 0.793616 0.0171101 0.608178 0.793619 0.0171101 0.608175 0.793616 0.0171101 0.608178 0.793605 0.0171101 0.608192 0.793616 0.0171101 0.608178 </float_array>
          <technique_common>
            <accessor count="41" offset="0" source="#meshId45-tangents-array" stride="3">
              <param name="X" type="float" />
              <param name="Y" type="float" />
              <param name="Z" type="float" />
            </accessor>
          </technique_common>
        </source>
        <source id="meshId45-bitangents" name="meshId45-bitangents">
          <float_array id="meshId45-bitangents-array" count="123"> -0.865672 -0.00633525 0.500571 -0.865672 -0.00633526 0.500571 -0.865672 -0.00633531 0.500571 -0.865672 -0.0063353 0.500571 -0.258265 0.00675979 0.96605 -0.258265 0.00675982 0.966051 -0.258265 0.00675991 0.966051 -0.258265 0.00675989 0.966051 0.500431 0.0158952 0.865631 0.500431 0.0158952 0.865631 0.500431 0.0158952 0.865631 0.500431 0.0158952 0.865631 0.965981 0.0157193 0.258136 0.96598 0.0157284 0.258136 0.96598 0.0157645 0.258136 0.96598 0.0157553 0.258136 0.865672 0.00638036 -0.500572 0.865672 0.00637133 -0.500572 0.865672 0.00633568 -0.500571 0.865672 0.00634471 -0.500571 0.258265 -0.00675978 -0.966051 0.258265 -0.00675981 -0.96605 0.258265 -0.00675991 -0.966051 0.258265 -0.00675989 -0.966051 -0.500431 -0.0158952 -0.865631 -0.500431 -0.0158952 -0.865631 -0.500431 -0.0158951 -0.865631 -0.500431 -0.0158952 -0.86563 -0.965981 -0.0157193 -0.258136 -0.965981 -0.0157193 -0.258136 -0.965981 -0.0157193 -0.258136 -0.965981 -0.0157193 -0.258136 0.608256 -0.000230187 -0.793741 0.60827 -0.000229883 -0.79373 0.60827 -0.000229874 -0.79373 0.608274 -0.000229797 -0.793727 0.608271 -0.000229866 -0.79373 0.608267 -0.000229943 -0.793732 0.608271 -0.000229867 -0.79373 0.608285 -0.000229565 -0.793719 0.60827 -0.000229877 -0.79373 </float_array>
          <technique_common>
            <accessor count="41" offset="0" source="#meshId45-bitangents-array" stride="3">
              <param name="X" type="float" />
              <param name="Y" type="float" />
              <param name="Z" type="float" />
            </accessor>
          </technique_common>
        </source>
        <source id="meshId45-tex0" name="meshId45-tex0">
          <float_array id="meshId45-tex0-array" count="82"> 0.225453 0.598035 0.225453 0.605486 0.203896 0.605486 0.203896 0.598035 0.225453 0.605486 0.225453 0.612937 0.203896 0.612937 0.203896 0.605486 0.225453 0.612937 0.225453 0.620389 0.203896 0.620389 0.203896 0.612937 0.225453 0.620389 0.225453 0.62784 0.203896 0.627841 0.203896 0.620389 0.225453 0.62784 0.225453 0.635292 0.203896 0.635292 0.203896 0.627841 0.225453 0.635292 0.225453 0.642743 0.203896 0.642743 0.203896 0.635292 0.225453 0.642743 0.225453 0.650195 0.203896 0.650195 0.203896 0.642743 0.225453 0.650195 0.225453 0.657646 0.203896 0.657646 0.203896 0.650195 0.318495 0.560575 0.313546 0.548628 0.331117 0.548628 0.318495 0.536682 0.330441 0.531734 0.342388 0.536682 0.347336 0.548628 0.342388 0.560575 0.330441 0.565523 </float_array>
          <technique_common>
            <accessor count="41" offset="0" source="#meshId45-tex0-array" stride="2">
              <param name="S" type="float" />
              <param name="T" type="float" />
            </accessor>
          </technique_common>
        </source>
        <vertices id="meshId45-vertices">
          <input semantic="POSITION" source="#meshId45-positions" />
          <input semantic="NORMAL" source="#meshId45-normals" />
          <input semantic="TANGENT" source="#meshId45-tangents" />
          <input semantic="BINORMAL" source="#meshId45-bitangents" />
          <input semantic="TEXCOORD" source="#meshId45-tex0"  />
        </vertices>
        <polylist count="24" material="defaultMaterial">
          <input offset="0" semantic="VERTEX" source="#meshId45-vertices" />
          <vcount>3 3 3 3 3 3 3 3 3 3 3 3 3 3 3 3 3 3 3 3 3 3 3 3 </vcount>
          <p>3 0 1 1 2 3 7 4 5 5 6 7 11 8 9 9 10 11 15 12 13 13 14 15 19 16 17 17 18 19 23 20 21 21 22 23 27 24 25 25 26 27 31 28 29 29 30 31 32 33 34 33 35 34 35 36 34 36 37 34 37 38 34 38 39 34 39 40 34 40 32 34 </p>
        </polylist>
      </mesh>
    </geometry>
    <geometry id="meshId46" name="meshId46_name" >
      <mesh>
        <source id="meshId46-positions" name="meshId46-positions">
          <float_array id="meshId46-positions-array" count="123"> 0.43952 -0.196991 0.223777 0.402922 -0.196991 0.236991 0.402922 -0.0785862 0.236991 0.43952 -0.0785862 0.223777 0.402922 -0.196991 0.236991 0.386386 -0.196991 0.272213 0.386386 -0.0785862 0.272213 0.402922 -0.0785862 0.236991 0.386386 -0.196991 0.272213 0.3996 -0.196991 0.308811 0.3996 -0.0785862 0.308811 0.386386 -0.0785862 0.272213 0.3996 -0.196991 0.308811 0.434822 -0.196991 0.325346 0.434822 -0.0785862 0.325346 0.3996 -0.0785862 0.308811 0.434822 -0.196991 0.325346 0.47142 -0.196991 0.312132 0.47142 -0.0785862 0.312132 0.434822 -0.0785862 0.325346 0.47142 -0.196991 0.312132 0.487955 -0.196991 0.27691 0.487955 -0.0785862 0.27691 0.47142 -0.0785862 0.312132 0.487955 -0.196991 0.27691 0.474742 -0.196991 0.240312 0.474742 -0.0785862 0.240312 0.487955 -0.0785862 0.27691 0.474742 -0.196991 0.240312 0.43952 -0.196991 0.223777 0.43952 -0.0785862 0.223777 0.474742 -0.0785862 0.240312 0.43952 -0.0785862 0.223777 0.402922 -0.0785862 0.236991 0.437171 -0.0785862 0.274562 0.386386 -0.0785862 0.272213 0.3996 -0.0785862 0.308811 0.434822 -0.0785862 0.325346 0.47142 -0.0785862 0.312132 0.487955 -0.0785862 0.27691 0.474742 -0.0785862 0.240312 </float_array>
          <technique_common>
            <accessor count="41" offset="0" source="#meshId46-positions-array" stride="3">
              <param name="X" type="float" />
              <param name="Y" type="float" />
              <param name="Z" type="float" />
            </accessor>
          </technique_common>
        </source>
        <source id="meshId46-normals" name="meshId46-normals">
          <float_array id="meshId46-normals-array" count="123"> -0.339591 0 -0.940573 -0.339591 0 -0.940573 -0.339591 0 -0.940573 -0.339591 0 -0.940573 -0.905213 0 -0.424958 -0.905213 0 -0.424958 -0.905213 0 -0.424958 -0.905213 0 -0.424958 -0.940573 0 0.339591 -0.940573 0 0.339591 -0.940573 0 0.339591 -0.940573 0 0.339591 -0.424958 0 0.905213 -0.424958 0 0.905213 -0.424958 0 0.905213 -0.424958 0 0.905213 0.339591 0 0.940573 0.339591 0 0.940573 0.339591 0 0.940573 0.339591 0 0.940573 0.905213 0 0.424958 0.905213 0 0.424958 0.905213 0 0.424958 0.905213 0 0.424958 0.940573 0 -0.339591 0.940573 0 -0.339591 0.940573 0 -0.339591 0.940573 0 -0.339591 0.424958 0 -0.905213 0.424958 0 -0.905213 0.424958 0 -0.905213 0.424958 0 -0.905213 -0 1 -0 0 1 0 -0 1 -0 -0 1 -0 -0 1 -0 0 1 0 0 1 0 0 1 0 -0 1 -0 </float_array>
          <technique_common>
            <accessor count="41" offset="0" source="#meshId46-normals-array" stride="3">
              <param name="X" type="float" />
              <param name="Y" type="float" />
              <param name="Z" type="float" />
            </accessor>
          </technique_common>
        </source>
        <source id="meshId46-tangents" name="meshId46-tangents">
          <float_array id="meshId46-tangents-array" count="123"> 0 -1 0 0 -1 0 0 -1 0 0 -1 0 0 -1 0 0 -1 0 0 -1 0 0 -1 0 0 -1 0 0 -1 0 0 -1 0 0 -1 0 0 -1 0 8.17573e-06 -1 3.83815e-06 4.04483e-05 -1 1.89887e-05 3.22725e-05 -1 1.51505e-05 4.20283e-05 -1 -1.51742e-05 3.35332e-05 -1 -1.21071e-05 0 -1 0 8.49511e-06 -1 -3.06713e-06 0 -1 0 0 -1 0 0 -1 0 0 -1 0 0 -1 0 0 -1 0 0 -1 0 0 -1 0 0 -1 0 0 -1 0 0 -1 0 0 -1 0 0.673696 0 0.739008 0.673683 0 0.739021 0.673683 0 0.73902 0.673679 0 0.739024 0.673683 0 0.73902 0.673687 0 0.739017 0.673683 0 0.73902 0.67367 0 0.739033 0.673683 0 0.73902 </float_array>
          <technique_common>
            <accessor count="41" offset="0" source="#meshId46-tangents-array" stride="3">
              <param name="X" type="float" />
              <param name="Y" type="float" />
              <param name="Z" type="float" />
            </accessor>
          </technique_common>
        </source>
        <source id="meshId46-bitangents" name="meshId46-bitangents">
          <float_array id="meshId46-bitangents-array" count="123"> -0.940573 0 0.339591 -0.940573 0 0.339591 -0.940573 0 0.339591 -0.940573 0 0.339591 -0.424958 0 0.905213 -0.424958 0 0.905213 -0.424958 0 0.905213 -0.424958 0 0.905213 0.339591 0 0.940573 0.339591 0 0.940573 0.339591 0 0.940573 0.339591 0 0.940573 0.905213 0 0.424958 0.905213 9.03183e-06 0.424958 0.905213 4.46837e-05 0.424958 0.905213 3.56519e-05 0.424958 0.940573 4.46837e-05 -0.339591 0.940573 3.56519e-05 -0.339591 0.940573 0 -0.339591 0.940573 9.03185e-06 -0.339591 0.424958 0 -0.905213 0.424958 0 -0.905213 0.424958 0 -0.905213 0.424958 0 -0.905213 -0.339591 -0 -0.940573 -0.339591 -0 -0.940573 -0.339591 -0 -0.940573 -0.339591 -0 -0.940573 -0.905213 -0 -0.424958 -0.905213 -0 -0.424958 -0.905213 -0 -0.424958 -0.905213 -0 -0.424958 0.739008 0 -0.673696 0.739021 0 -0.673683 0.73902 0 -0.673683 0.739024 0 -0.673679 0.73902 0 -0.673683 0.739017 0 -0.673687 0.73902 0 -0.673683 0.739033 0 -0.67367 0.73902 0 -0.673683 </float_array>
          <technique_common>
            <accessor count="41" offset="0" source="#meshId46-bitangents-array" stride="3">
              <param name="X" type="float" />
              <param name="Y" type="float" />
              <param name="Z" type="float" />
            </accessor>
          </technique_common>
        </source>
        <source id="meshId46-tex0" name="meshId46-tex0">
          <float_array id="meshId46-tex0-array" count="82"> 0.270153 0.598035 0.270153 0.605486 0.248597 0.605486 0.248597 0.598035 0.270153 0.605486 0.270154 0.612937 0.248597 0.612937 0.248597 0.605486 0.270154 0.612937 0.270154 0.620389 0.248597 0.620389 0.248597 0.612937 0.270154 0.620389 0.270154 0.62784 0.248597 0.627841 0.248597 0.620389 0.270154 0.62784 0.270154 0.635292 0.248597 0.635292 0.248597 0.627841 0.270154 0.635292 0.270153 0.642743 0.248597 0.642743 0.248597 0.635292 0.270153 0.642743 0.270153 0.650195 0.248597 0.650195 0.248597 0.642743 0.270153 0.650195 0.270153 0.657646 0.248597 0.657646 0.248597 0.650195 0.318495 0.560575 0.313546 0.548628 0.331117 0.548628 0.318495 0.536682 0.330441 0.531734 0.342388 0.536682 0.347336 0.548628 0.342388 0.560575 0.330441 0.565523 </float_array>
          <technique_common>
            <accessor count="41" offset="0" source="#meshId46-tex0-array" stride="2">
              <param name="S" type="float" />
              <param name="T" type="float" />
            </accessor>
          </technique_common>
        </source>
        <vertices id="meshId46-vertices">
          <input semantic="POSITION" source="#meshId46-positions" />
          <input semantic="NORMAL" source="#meshId46-normals" />
          <input semantic="TANGENT" source="#meshId46-tangents" />
          <input semantic="BINORMAL" source="#meshId46-bitangents" />
          <input semantic="TEXCOORD" source="#meshId46-tex0"  />
        </vertices>
        <polylist count="24" material="defaultMaterial">
          <input offset="0" semantic="VERTEX" source="#meshId46-vertices" />
          <vcount>3 3 3 3 3 3 3 3 3 3 3 3 3 3 3 3 3 3 3 3 3 3 3 3 </vcount>
          <p>3 0 1 1 2 3 7 4 5 5 6 7 11 8 9 9 10 11 15 12 13 13 14 15 19 16 17 17 18 19 23 20 21 21 22 23 27 24 25 25 26 27 31 28 29 29 30 31 32 33 34 33 35 34 35 36 34 36 37 34 37 38 34 38 39 34 39 40 34 40 32 34 </p>
        </polylist>
      </mesh>
    </geometry>
    <geometry id="meshId47" name="meshId47_name" >
      <mesh>
        <source id="meshId47-positions" name="meshId47-positions">
          <float_array id="meshId47-positions-array" count="123"> 0.587567 -0.196991 0.253215 0.558958 -0.196991 0.226841 0.558958 -0.0785862 0.226841 0.587567 -0.0785862 0.253215 0.558958 -0.196991 0.226841 0.52008 -0.196991 0.228422 0.52008 -0.0785862 0.228422 0.558958 -0.0785862 0.226841 0.52008 -0.196991 0.228422 0.493707 -0.196991 0.25703 0.493707 -0.0785862 0.25703 0.52008 -0.0785862 0.228422 0.493707 -0.196991 0.25703 0.495287 -0.196991 0.295908 0.495287 -0.0785862 0.295908 0.493707 -0.0785862 0.25703 0.495287 -0.196991 0.295908 0.523895 -0.196991 0.322282 0.523895 -0.0785862 0.322282 0.495287 -0.0785862 0.295908 0.523895 -0.196991 0.322282 0.562773 -0.196991 0.320702 0.562773 -0.0785862 0.320702 0.523895 -0.0785862 0.322282 0.562773 -0.196991 0.320702 0.589147 -0.196991 0.292093 0.589147 -0.0785862 0.292093 0.562773 -0.0785862 0.320702 0.589147 -0.196991 0.292093 0.587567 -0.196991 0.253215 0.587567 -0.0785862 0.253215 0.589147 -0.0785862 0.292093 0.587567 -0.0785862 0.253215 0.558958 -0.0785862 0.226841 0.541427 -0.0785862 0.274562 0.52008 -0.0785862 0.228422 0.493707 -0.0785862 0.25703 0.495287 -0.0785862 0.295908 0.523895 -0.0785862 0.322282 0.562773 -0.0785862 0.320702 0.589147 -0.0785862 0.292093 </float_array>
          <technique_common>
            <accessor count="41" offset="0" source="#meshId47-positions-array" stride="3">
              <param name="X" type="float" />
              <param name="Y" type="float" />
              <param name="Z" type="float" />
            </accessor>
          </technique_common>
        </source>
        <source id="meshId47-normals" name="meshId47-normals">
          <float_array id="meshId47-normals-array" count="123"> 0.677805 0 -0.735241 0.677805 0 -0.735241 0.677805 0 -0.735241 0.677805 0 -0.735241 -0.040613 0 -0.999175 -0.040613 0 -0.999175 -0.040613 0 -0.999175 -0.040613 0 -0.999175 -0.735242 0 -0.677805 -0.735242 0 -0.677805 -0.735242 0 -0.677805 -0.735242 0 -0.677805 -0.999175 0 0.040613 -0.999175 0 0.040613 -0.999175 0 0.040613 -0.999175 0 0.040613 -0.677805 0 0.735241 -0.677805 0 0.735241 -0.677805 0 0.735241 -0.677805 0 0.735241 0.040614 0 0.999175 0.040614 0 0.999175 0.040614 0 0.999175 0.040614 0 0.999175 0.735241 0 0.677805 0.735241 0 0.677805 0.735241 0 0.677805 0.735241 0 0.677805 0.999175 0 -0.040614 0.999175 0 -0.040614 0.999175 0 -0.040614 0.999175 0 -0.040614 0 1 0 0 1 0 0 1 0 0 1 0 0 1 0 0 1 0 0 1 0 0 1 0 0 1 0 </float_array>
          <technique_common>
            <accessor count="41" offset="0" source="#meshId47-normals-array" stride="3">
              <param name="X" type="float" />
              <param name="Y" type="float" />
              <param name="Z" type="float" />
            </accessor>
          </technique_common>
        </source>
        <source id="meshId47-tangents" name="meshId47-tangents">
          <float_array id="meshId47-tangents-array" count="123"> 0 -1 0 0 -1 0 0 -1 0 0 -1 0 0 -1 0 0 -1 0 0 -1 0 0 -1 0 0 -1 0 0 -1 0 0 -1 0 0 -1 0 0 -1 0 3.6681e-07 -1 9.02438e-06 1.81474e-06 -1 4.46468e-05 1.44793e-06 -1 3.56224e-05 3.28533e-05 -1 3.02869e-05 2.62127e-05 -1 2.4165e-05 0 -1 0 6.64059e-06 -1 6.12184e-06 0 -1 0 0 -1 0 0 -1 0 0 -1 0 0 -1 0 0 -1 0 0 -1 0 0 -1 0 0 -1 0 0 -1 0 0 -1 0 0 -1 0 -0.34483 0 0.938665 -0.344846 0 0.938659 -0.344846 0 0.938659 -0.34485 0 0.938658 -0.344846 0 0.938659 -0.344841 0 0.938661 -0.344846 0 0.938659 -0.344862 0 0.938653 -0.344846 0 0.938659 </float_array>
          <technique_common>
            <accessor count="41" offset="0" source="#meshId47-tangents-array" stride="3">
              <param name="X" type="float" />
              <param name="Y" type="float" />
              <param name="Z" type="float" />
            </accessor>
          </technique_common>
        </source>
        <source id="meshId47-bitangents" name="meshId47-bitangents">
          <float_array id="meshId47-bitangents-array" count="123"> -0.735241 -0 -0.677805 -0.735241 -0 -0.677805 -0.735241 -0 -0.677805 -0.735241 -0 -0.677805 -0.999175 0 0.040613 -0.999175 0 0.040613 -0.999175 0 0.040613 -0.999175 0 0.040613 -0.677805 0 0.735242 -0.677805 0 0.735242 -0.677805 0 0.735242 -0.677805 0 0.735242 0.040613 0 0.999175 0.040613 9.03184e-06 0.999175 0.040613 4.46837e-05 0.999175 0.040613 3.56519e-05 0.999175 0.735241 4.46837e-05 0.677805 0.735241 3.56519e-05 0.677805 0.735241 0 0.677805 0.735241 9.03185e-06 0.677805 0.999175 0 -0.040614 0.999175 0 -0.040614 0.999175 0 -0.040614 0.999175 0 -0.040614 0.677805 0 -0.735241 0.677805 0 -0.735241 0.677805 0 -0.735241 0.677805 0 -0.735241 -0.040614 -0 -0.999175 -0.040614 -0 -0.999175 -0.040614 -0 -0.999175 -0.040614 -0 -0.999175 0.938665 -0 0.34483 0.938659 -0 0.344846 0.938659 -0 0.344846 0.938658 -0 0.34485 0.938659 -0 0.344846 0.938661 -0 0.344841 0.938659 -0 0.344846 0.938653 -0 0.344862 0.938659 -0 0.344846 </float_array>
          <technique_common>
            <accessor count="41" offset="0" source="#meshId47-bitangents-array" stride="3">
              <param name="X" type="float" />
              <param name="Y" type="float" />
              <param name="Z" type="float" />
            </accessor>
          </technique_common>
        </source>
        <source id="meshId47-tex0" name="meshId47-tex0">
          <float_array id="meshId47-tex0-array" count="82"> 0.112675 0.598035 0.112675 0.605486 0.091118 0.605486 0.091118 0.598035 0.112675 0.605486 0.112675 0.612937 0.091118 0.612937 0.091118 0.605486 0.112675 0.612937 0.112675 0.620389 0.091118 0.620389 0.091118 0.612937 0.112675 0.620389 0.112675 0.62784 0.091118 0.627841 0.091118 0.620389 0.112675 0.62784 0.112675 0.635292 0.091118 0.635292 0.091118 0.627841 0.112675 0.635292 0.112675 0.642743 0.091118 0.642743 0.091118 0.635292 0.112675 0.642743 0.112675 0.650195 0.091118 0.650195 0.091118 0.642743 0.112675 0.650195 0.112675 0.657646 0.091118 0.657646 0.091118 0.650195 0.318495 0.560575 0.313546 0.548628 0.331117 0.548628 0.318495 0.536682 0.330441 0.531734 0.342388 0.536682 0.347336 0.548628 0.342388 0.560575 0.330441 0.565523 </float_array>
          <technique_common>
            <accessor count="41" offset="0" source="#meshId47-tex0-array" stride="2">
              <param name="S" type="float" />
              <param name="T" type="float" />
            </accessor>
          </technique_common>
        </source>
        <vertices id="meshId47-vertices">
          <input semantic="POSITION" source="#meshId47-positions" />
          <input semantic="NORMAL" source="#meshId47-normals" />
          <input semantic="TANGENT" source="#meshId47-tangents" />
          <input semantic="BINORMAL" source="#meshId47-bitangents" />
          <input semantic="TEXCOORD" source="#meshId47-tex0"  />
        </vertices>
        <polylist count="24" material="defaultMaterial">
          <input offset="0" semantic="VERTEX" source="#meshId47-vertices" />
          <vcount>3 3 3 3 3 3 3 3 3 3 3 3 3 3 3 3 3 3 3 3 3 3 3 3 </vcount>
          <p>3 0 1 1 2 3 7 4 5 5 6 7 11 8 9 9 10 11 15 12 13 13 14 15 19 16 17 17 18 19 23 20 21 21 22 23 27 24 25 25 26 27 31 28 29 29 30 31 32 33 34 33 35 34 35 36 34 36 37 34 37 38 34 38 39 34 39 40 34 40 32 34 </p>
        </polylist>
      </mesh>
    </geometry>
    <geometry id="meshId48" name="meshId48_name" >
      <mesh>
        <source id="meshId48-positions" name="meshId48-positions">
          <float_array id="meshId48-positions-array" count="123"> 0.681295 -0.197381 0.238757 0.645269 -0.198021 0.224071 0.643677 -0.0796333 0.222817 0.679704 -0.0789934 0.237503 0.645269 -0.198021 0.224071 0.609406 -0.198343 0.239163 0.607815 -0.0799555 0.237909 0.643677 -0.0796333 0.222817 0.609406 -0.198343 0.239163 0.594715 -0.198159 0.275192 0.593124 -0.0797715 0.273939 0.607815 -0.0799555 0.237909 0.594715 -0.198159 0.275192 0.609801 -0.197577 0.311054 0.60821 -0.0791888 0.3098 0.593124 -0.0797715 0.273939 0.609801 -0.197577 0.311054 0.645828 -0.196937 0.325741 0.644236 -0.078549 0.324487 0.60821 -0.0791888 0.3098 0.645828 -0.196937 0.325741 0.681691 -0.196615 0.310649 0.680099 -0.0782266 0.309395 0.644236 -0.078549 0.324487 0.681691 -0.196615 0.310649 0.696382 -0.196799 0.274619 0.69479 -0.0784108 0.273365 0.680099 -0.0782266 0.309395 0.696382 -0.196799 0.274619 0.681295 -0.197381 0.238757 0.679704 -0.0789934 0.237503 0.69479 -0.0784108 0.273365 0.679704 -0.0789934 0.237503 0.643677 -0.0796333 0.222817 0.643957 -0.0790911 0.273652 0.607815 -0.0799555 0.237909 0.593124 -0.0797715 0.273939 0.60821 -0.0791888 0.3098 0.644236 -0.078549 0.324487 0.680099 -0.0782266 0.309395 0.69479 -0.0784108 0.273365 </float_array>
          <technique_common>
            <accessor count="41" offset="0" source="#meshId48-positions-array" stride="3">
              <param name="X" type="float" />
              <param name="Y" type="float" />
              <param name="Z" type="float" />
            </accessor>
          </technique_common>
        </source>
        <source id="meshId48-normals" name="meshId48-normals">
          <float_array id="meshId48-normals-array" count="123"> 0.377564 -0.004732 -0.925971 0.377564 -0.004732 -0.925971 0.377564 -0.004732 -0.925971 0.377564 -0.004732 -0.925971 -0.387722 -0.014974 -0.921655 -0.387722 -0.014974 -0.921655 -0.387722 -0.014974 -0.921655 -0.387722 -0.014974 -0.921655 -0.925886 -0.016444 -0.377445 -0.925886 -0.016444 -0.377445 -0.925886 -0.016444 -0.377445 -0.925886 -0.016444 -0.377445 -0.921678 -0.008282 0.387867 -0.921678 -0.008282 0.387867 -0.921678 -0.008282 0.387867 -0.921678 -0.008282 0.387867 -0.377564 0.004732 0.925971 -0.377564 0.004732 0.925971 -0.377564 0.004732 0.925971 -0.377564 0.004732 0.925971 0.387722 0.014974 0.921655 0.387722 0.014974 0.921655 0.387722 0.014974 0.921655 0.387722 0.014974 0.921655 0.925886 0.016444 0.377445 0.925886 0.016444 0.377445 0.925886 0.016444 0.377445 0.925886 0.016444 0.377445 0.921678 0.008282 -0.387867 0.921678 0.008282 -0.387867 0.921678 0.008282 -0.387867 0.921678 0.008282 -0.387867 -0.013441 0.999854 -0.01059 -0.013441 0.999854 -0.01059 -0.013441 0.999854 -0.01059 -0.013441 0.999854 -0.01059 -0.013441 0.999854 -0.01059 -0.013441 0.999854 -0.01059 -0.013441 0.999854 -0.01059 -0.013441 0.999854 -0.01059 -0.013441 0.999854 -0.01059 </float_array>
          <technique_common>
            <accessor count="41" offset="0" source="#meshId48-normals-array" stride="3">
              <param name="X" type="float" />
              <param name="Y" type="float" />
              <param name="Z" type="float" />
            </accessor>
          </technique_common>
        </source>
        <source id="meshId48-tangents" name="meshId48-tangents">
          <float_array id="meshId48-tangents-array" count="123"> 0.0134406 -0.999854 0.0105899 0.0134406 -0.999853 0.0105899 0.0134405 -0.999854 0.0105899 0.0134405 -0.999854 0.0105899 0.0134409 -0.999854 0.0105902 0.0134409 -0.999853 0.0105902 0.0134409 -0.999853 0.0105902 0.0134409 -0.999854 0.0105902 0.0134407 -0.999854 0.0105897 0.0134407 -0.999854 0.0105897 0.0134408 -0.999853 0.0105895 0.0134408 -0.999854 0.0105896 0.0134409 -0.999854 0.0105898 0.0134444 -0.999853 0.0105981 0.0134583 -0.999853 0.010631 0.0134548 -0.999853 0.0106226 0.0134824 -0.999853 0.010607 0.013474 -0.999853 0.0106036 0.013441 -0.999853 0.0105901 0.0134494 -0.999853 0.0105935 0.0134413 -0.999854 0.01059 0.0134413 -0.999854 0.01059 0.0134413 -0.999853 0.01059 0.0134413 -0.999854 0.01059 0.0134408 -0.999854 0.0105895 0.0134408 -0.999853 0.0105896 0.0134407 -0.999853 0.0105897 0.0134407 -0.999854 0.0105897 0.0134409 -0.999854 0.0105896 0.0134409 -0.999853 0.0105896 0.0134409 -0.999854 0.0105896 0.0134409 -0.999853 0.0105896 0.00551515 0.0106649 0.999928 0.0054975 0.0106647 0.999928 0.00549719 0.0106647 0.999928 0.00549195 0.0106646 0.999928 0.00549646 0.0106647 0.999928 0.00550201 0.0106647 0.999928 0.0054975 0.0106647 0.999928 0.00547964 0.0106644 0.999928 0.00549729 0.0106647 0.999928 </float_array>
          <technique_common>
            <accessor count="41" offset="0" source="#meshId48-tangents-array" stride="3">
              <param name="X" type="float" />
              <param name="Y" type="float" />
              <param name="Z" type="float" />
            </accessor>
          </technique_common>
        </source>
        <source id="meshId48-bitangents" name="meshId48-bitangents">
          <float_array id="meshId48-bitangents-array" count="123"> -0.925886 -0.016444 -0.377445 -0.925886 -0.0164439 -0.377445 -0.925886 -0.0164439 -0.377445 -0.925886 -0.0164439 -0.377445 -0.921678 -0.00828185 0.387866 -0.921678 -0.00828184 0.387866 -0.921678 -0.0082818 0.387866 -0.921678 -0.00828181 0.387866 -0.377564 0.00473173 0.925971 -0.377564 0.00473169 0.925971 -0.377564 0.00473154 0.925971 -0.377564 0.00473158 0.925971 0.387723 0.0149737 0.921654 0.387722 0.0149827 0.921654 0.387722 0.0150184 0.921654 0.387722 0.0150093 0.921654 0.925885 0.0164891 0.377445 0.925885 0.0164801 0.377445 0.925886 0.0164444 0.377445 0.925886 0.0164535 0.377445 0.921678 0.00828226 -0.387866 0.921678 0.00828226 -0.387866 0.921678 0.00828226 -0.387866 0.921678 0.00828226 -0.387866 0.377564 -0.00473153 -0.925971 0.377564 -0.00473157 -0.925971 0.377564 -0.00473173 -0.925971 0.377564 -0.00473169 -0.925971 -0.387723 -0.0149735 -0.921654 -0.387723 -0.0149735 -0.921654 -0.387723 -0.0149735 -0.921654 -0.387723 -0.0149735 -0.921654 0.999894 0.0133816 -0.00565769 0.999895 0.0133818 -0.00564004 0.999894 0.0133818 -0.00563973 0.999895 0.0133819 -0.00563449 0.999895 0.0133818 -0.005639 0.999894 0.0133818 -0.00564455 0.999895 0.0133818 -0.00564004 0.999895 0.013382 -0.00562218 0.999895 0.0133818 -0.00563983 </float_array>
          <technique_common>
            <accessor count="41" offset="0" source="#meshId48-bitangents-array" stride="3">
              <param name="X" type="float" />
              <param name="Y" type="float" />
              <param name="Z" type="float" />
            </accessor>
          </technique_common>
        </source>
        <source id="meshId48-tex0" name="meshId48-tex0">
          <float_array id="meshId48-tex0-array" count="82"> 0.090232 0.598035 0.090232 0.605486 0.068676 0.605486 0.068676 0.598035 0.090232 0.605486 0.090233 0.612937 0.068676 0.612937 0.068676 0.605486 0.090233 0.612937 0.090233 0.620389 0.068676 0.620389 0.068676 0.612937 0.090233 0.620389 0.090233 0.62784 0.068676 0.627841 0.068676 0.620389 0.090233 0.62784 0.090233 0.635292 0.068676 0.635292 0.068676 0.627841 0.090233 0.635292 0.090232 0.642743 0.068676 0.642743 0.068676 0.635292 0.090232 0.642743 0.090232 0.650195 0.068676 0.650195 0.068676 0.642743 0.090232 0.650195 0.090232 0.657646 0.068676 0.657646 0.068676 0.650195 0.318495 0.560575 0.313546 0.548628 0.331117 0.548628 0.318495 0.536682 0.330441 0.531734 0.342388 0.536682 0.347336 0.548628 0.342388 0.560575 0.330441 0.565523 </float_array>
          <technique_common>
            <accessor count="41" offset="0" source="#meshId48-tex0-array" stride="2">
              <param name="S" type="float" />
              <param name="T" type="float" />
            </accessor>
          </technique_common>
        </source>
        <vertices id="meshId48-vertices">
          <input semantic="POSITION" source="#meshId48-positions" />
          <input semantic="NORMAL" source="#meshId48-normals" />
          <input semantic="TANGENT" source="#meshId48-tangents" />
          <input semantic="BINORMAL" source="#meshId48-bitangents" />
          <input semantic="TEXCOORD" source="#meshId48-tex0"  />
        </vertices>
        <polylist count="24" material="defaultMaterial">
          <input offset="0" semantic="VERTEX" source="#meshId48-vertices" />
          <vcount>3 3 3 3 3 3 3 3 3 3 3 3 3 3 3 3 3 3 3 3 3 3 3 3 </vcount>
          <p>3 0 1 1 2 3 7 4 5 5 6 7 11 8 9 9 10 11 15 12 13 13 14 15 19 16 17 17 18 19 23 20 21 21 22 23 27 24 25 25 26 27 31 28 29 29 30 31 32 33 34 33 35 34 35 36 34 36 37 34 37 38 34 38 39 34 39 40 34 40 32 34 </p>
        </polylist>
      </mesh>
    </geometry>
    <geometry id="meshId49" name="meshId49_name" >
      <mesh>
        <source id="meshId49-positions" name="meshId49-positions">
          <float_array id="meshId49-positions-array" count="120"> 0.414964 0.699961 0.316664 0.414964 0.672688 0.316664 0.426433 0.66704 0.271144 0.426433 0.705609 0.271144 0.38341 0.659052 0.317786 0.381807 0.647755 0.272731 0.351855 0.672688 0.318908 0.337182 0.66704 0.274318 0.351855 0.699961 0.318908 0.337182 0.705609 0.274318 0.38341 0.713597 0.317786 0.381807 0.724894 0.272731 0.426433 0.705609 0.271144 0.426433 0.66704 0.271144 0.4219 0.66704 0.143708 0.4219 0.705609 0.143708 0.381807 0.647755 0.272731 0.377275 0.647755 0.145295 0.337182 0.66704 0.274318 0.33265 0.66704 0.146882 0.337182 0.705609 0.274318 0.33265 0.705609 0.146882 0.381807 0.724894 0.272731 0.377275 0.724894 0.145295 0.426433 0.705609 0.271144 0.4219 0.705609 0.143708 0.4219 0.705609 0.143708 0.4219 0.66704 0.143708 0.407228 0.672688 0.0991179 0.407228 0.699961 0.0991179 0.377275 0.647755 0.145295 0.375673 0.659052 0.10024 0.33265 0.66704 0.146882 0.344118 0.672688 0.101362 0.33265 0.705609 0.146882 0.344118 0.699961 0.101362 0.377275 0.724894 0.145295 0.375673 0.713597 0.10024 0.384073 0.686324 0.336448 0.375009 0.686324 0.0815777 </float_array>
          <technique_common>
            <accessor count="40" offset="0" source="#meshId49-positions-array" stride="3">
              <param name="X" type="float" />
              <param name="Y" type="float" />
              <param name="Z" type="float" />
            </accessor>
          </technique_common>
        </source>
        <source id="meshId49-normals" name="meshId49-normals">
          <float_array id="meshId49-normals-array" count="120"> 0.733174 0.562487 0.382183 0.733174 -0.562487 0.382183 0.794383 -0.606297 0.036874 0.794383 0.606297 0.036874 0.012835 -0.932524 0.360881 0.001963 -0.998474 0.055186 -0.704171 -0.562488 0.433302 -0.789756 -0.606297 0.093213 -0.704171 0.562488 0.433302 -0.789757 0.606297 0.093213 0.012834 0.932524 0.360881 0.001963 0.998474 0.055187 0.794383 0.606297 0.036874 0.794383 -0.606297 0.036874 0.789757 -0.606297 -0.093213 0.789756 0.606297 -0.093213 0.001963 -0.998474 0.055186 -0.001963 -0.998474 -0.055186 -0.789756 -0.606297 0.093213 -0.794383 -0.606297 -0.036874 -0.789757 0.606297 0.093213 -0.794383 0.606297 -0.036874 0.001963 0.998474 0.055187 -0.001963 0.998474 -0.055186 0.794383 0.606297 0.036874 0.789756 0.606297 -0.093213 0.789756 0.606297 -0.093213 0.789757 -0.606297 -0.093213 0.704172 -0.562487 -0.433302 0.704171 0.562487 -0.433302 -0.001963 -0.998474 -0.055186 -0.012834 -0.932524 -0.360881 -0.794383 -0.606297 -0.036874 -0.733174 -0.562488 -0.382183 -0.794383 0.606297 -0.036874 -0.733174 0.562488 -0.382183 -0.001963 0.998474 -0.055186 -0.012835 0.932524 -0.360881 0.035542 0 0.999368 -0.035542 0 -0.999368 </float_array>
          <technique_common>
            <accessor count="40" offset="0" source="#meshId49-normals-array" stride="3">
              <param name="X" type="float" />
              <param name="Y" type="float" />
              <param name="Z" type="float" />
            </accessor>
          </technique_common>
        </source>
        <source id="meshId49-tangents" name="meshId49-tangents">
          <float_array id="meshId49-tangents-array" count="120"> 0.571463 -0.20497 -0.794617 0.545478 0.150835 -0.824441 0.26279 0.288313 -0.92077 0.204137 -0.209304 -0.956305 0.996436 -0.0181647 -0.0823769 0.999271 -0.000146026 -0.0381867 0.626477 -0.204987 0.752002 0.271599 -0.209362 0.939362 0.602648 0.150792 0.783631 0.327536 0.288313 0.899775 0.999769 -0.018196 0.0114641 0.999459 -0.0001472 -0.0328875 -0.0161944 -0.0395446 0.999087 -0.0161945 0.0395445 0.999087 0.0871276 -0.0395444 0.995412 0.0871277 0.0395445 0.995412 0.0354877 0.0552209 0.997843 0.0354878 -0.0552209 0.997843 0.0871277 0.0395444 0.995412 -0.0161944 -0.0395446 0.999087 0.0871277 -0.0395443 0.995412 -0.0161945 0.0395445 0.999087 0.0354878 -0.0552219 0.997843 0.0354878 0.0552209 0.997843 -0.0161945 -0.0395445 0.999087 0.0871278 0.0395444 0.995412 -0.327533 0.288308 -0.899778 -0.271598 -0.209363 -0.939362 -0.626467 -0.204966 -0.752016 -0.602662 0.150822 -0.783614 -0.999271 -0.000146035 0.0381869 -0.996436 -0.0181657 0.0823768 -0.262786 0.288308 0.920772 -0.545472 0.150823 0.824447 -0.204181 -0.209363 0.956283 -0.571462 -0.204967 0.794619 -0.999459 -0.000146767 0.032896 -0.99977 -0.018166 -0.0113838 0.999368 -3.83809e-05 -0.035542 -0.999368 1.52431e-09 0.035542 </float_array>
          <technique_common>
            <accessor count="40" offset="0" source="#meshId49-tangents-array" stride="3">
              <param name="X" type="float" />
              <param name="Y" type="float" />
              <param name="Z" type="float" />
            </accessor>
          </technique_common>
        </source>
        <source id="meshId49-bitangents" name="meshId49-bitangents">
          <float_array id="meshId49-bitangents-array" count="120"> -0.368626 0.800997 -0.471719 0.406091 0.812931 0.417412 0.547629 0.741134 0.38836 -0.572087 0.7672 -0.290035 0.0833737 0.360652 0.928967 0.0381365 0.0552207 0.997746 -0.334171 0.800992 0.496731 -0.550017 0.767184 0.330015 0.375444 0.812938 -0.445166 0.518656 0.741134 -0.426282 0.0172571 0.36065 -0.932541 -0.0328292 0.0552217 -0.997934 0.607201 -0.794255 -0.0215949 -0.607201 -0.794255 0.0215948 -0.607201 -0.794255 0.0215947 0.607202 -0.794254 -0.0215948 -0.999368 -3.44357e-07 0.0355419 -0.999368 3.39467e-07 0.035542 -0.607202 0.794254 0.0215948 -0.607201 0.794255 0.0215949 0.607201 0.794255 -0.0215949 0.607201 0.794255 -0.0215948 0.999368 -3.03611e-07 -0.035542 0.999368 3.39234e-07 -0.035542 0.607201 -0.794255 -0.0215948 0.607202 -0.794254 -0.0215949 -0.518659 0.741136 0.426275 0.550017 0.767184 -0.330015 0.334187 0.800998 -0.496711 -0.375421 0.812933 0.445194 -0.0381367 0.0552207 -0.997746 -0.0833739 0.360652 -0.928967 -0.547631 0.741136 -0.388354 -0.4061 0.812933 -0.4174 0.572072 0.767184 0.290108 0.368629 0.800997 0.471717 0.0328377 0.0552207 0.997934 -0.0171715 0.360652 0.932542 3.83566e-05 1 -1.36413e-06 1.52335e-09 1 -5.41772e-11 </float_array>
          <technique_common>
            <accessor count="40" offset="0" source="#meshId49-bitangents-array" stride="3">
              <param name="X" type="float" />
              <param name="Y" type="float" />
              <param name="Z" type="float" />
            </accessor>
          </technique_common>
        </source>
        <source id="meshId49-tex0" name="meshId49-tex0">
          <float_array id="meshId49-tex0-array" count="80"> 0.133108 0.014626 0.133108 0.008998 0.137982 0.006184 0.137982 0.017439 0.128234 0.006184 0.128234 0.000556 0.12336 0.008998 0.118486 0.006184 0.12336 0.014625 0.118486 0.017439 0.128234 0.017439 0.128234 0.023067 0.552238 0.948051 0.552238 0.956251 0.53098 0.956251 0.53098 0.948051 0.552238 0.96445 0.53098 0.96445 0.552238 0.97265 0.53098 0.97265 0.552238 0.98085 0.53098 0.98085 0.552238 0.989049 0.53098 0.989049 0.552238 0.997249 0.53098 0.997249 0.122356 0.040726 0.122356 0.02947 0.12723 0.032284 0.12723 0.037912 0.132104 0.023842 0.132104 0.02947 0.141852 0.02947 0.136978 0.032284 0.141852 0.040726 0.136978 0.037912 0.132104 0.046354 0.132104 0.040726 0.128684 0.011812 0.132554 0.035098 </float_array>
          <technique_common>
            <accessor count="40" offset="0" source="#meshId49-tex0-array" stride="2">
              <param name="S" type="float" />
              <param name="T" type="float" />
            </accessor>
          </technique_common>
        </source>
        <vertices id="meshId49-vertices">
          <input semantic="POSITION" source="#meshId49-positions" />
          <input semantic="NORMAL" source="#meshId49-normals" />
          <input semantic="TANGENT" source="#meshId49-tangents" />
          <input semantic="BINORMAL" source="#meshId49-bitangents" />
          <input semantic="TEXCOORD" source="#meshId49-tex0"  />
        </vertices>
        <polylist count="48" material="defaultMaterial">
          <input offset="0" semantic="VERTEX" source="#meshId49-vertices" />
          <vcount>3 3 3 3 3 3 3 3 3 3 3 3 3 3 3 3 3 3 3 3 3 3 3 3 3 3 3 3 3 3 3 3 3 3 3 3 3 3 3 3 3 3 3 3 3 3 3 3 </vcount>
          <p>3 0 1 1 2 3 2 1 4 4 5 2 5 4 6 6 7 5 7 6 8 8 9 7 9 8 10 10 11 9 11 10 0 0 3 11 15 12 13 13 14 15 14 13 16 16 17 14 17 16 18 18 19 17 19 18 20 20 21 19 21 20 22 22 23 21 23 22 24 24 25 23 29 26 27 27 28 29 28 27 30 30 31 28 31 30 32 32 33 31 33 32 34 34 35 33 35 34 36 36 37 35 37 36 26 26 29 37 1 0 38 4 1 38 6 4 38 8 6 38 10 8 38 0 10 38 29 28 39 28 31 39 31 33 39 33 35 39 35 37 39 37 29 39 </p>
        </polylist>
      </mesh>
    </geometry>
    <geometry id="meshId50" name="meshId50_name" >
      <mesh>
        <source id="meshId50-positions" name="meshId50-positions">
          <float_array id="meshId50-positions-array" count="120"> 0.496006 0.705485 0.315713 0.500958 0.678669 0.316119 0.518489 0.675498 0.272323 0.511486 0.713422 0.271748 0.472492 0.659508 0.313782 0.478232 0.648401 0.269018 0.439073 0.667164 0.311039 0.430971 0.659227 0.265138 0.434121 0.69398 0.310632 0.423968 0.697151 0.264563 0.462587 0.71314 0.312969 0.464225 0.724248 0.267868 0.511486 0.713422 0.271748 0.518489 0.675498 0.272323 0.528923 0.675498 0.145235 0.52192 0.713422 0.14466 0.478232 0.648401 0.269018 0.488666 0.648401 0.14193 0.430971 0.659227 0.265138 0.441405 0.659227 0.13805 0.423968 0.697151 0.264563 0.434402 0.697151 0.137475 0.464225 0.724248 0.267868 0.474659 0.724248 0.14078 0.511486 0.713422 0.271748 0.52192 0.713422 0.14466 0.52192 0.713422 0.14466 0.528923 0.675498 0.145235 0.51877 0.678669 0.0991661 0.513817 0.705485 0.0987596 0.488666 0.648401 0.14193 0.490303 0.659508 0.0968291 0.441405 0.659227 0.13805 0.456885 0.667164 0.0940854 0.434402 0.697151 0.137475 0.451933 0.69398 0.0936788 0.474659 0.724248 0.14078 0.480399 0.71314 0.0960159 0.466011 0.686324 0.331987 0.486879 0.686324 0.0778108 </float_array>
          <technique_common>
            <accessor count="40" offset="0" source="#meshId50-positions-array" stride="3">
              <param name="X" type="float" />
              <param name="Y" type="float" />
              <param name="Z" type="float" />
            </accessor>
          </technique_common>
        </source>
        <source id="meshId50-normals" name="meshId50-normals">
          <float_array id="meshId50-normals-array" count="120"> 0.5692 0.684091 0.456104 0.773472 -0.422056 0.472875 0.881458 -0.451751 0.137671 0.661276 0.740548 0.119594 0.139779 -0.916916 0.3738 0.176783 -0.981763 0.069921 -0.635969 -0.684091 0.35716 -0.671927 -0.740548 0.010139 -0.84024 0.422056 0.340389 -0.892109 0.451751 -0.007938 -0.198874 0.916916 0.345996 -0.18582 0.981763 0.040151 0.661276 0.740548 0.119594 0.881458 -0.451751 0.137671 0.892109 -0.451751 0.007938 0.671927 0.740548 -0.010139 0.176783 -0.981763 0.069921 0.18582 -0.981763 -0.040151 -0.671927 -0.740548 0.010139 -0.661276 -0.740548 -0.119594 -0.892109 0.451751 -0.007938 -0.881458 0.451751 -0.137671 -0.18582 0.981763 0.040151 -0.176783 0.981763 -0.069921 0.661276 0.740548 0.119594 0.671927 0.740548 -0.010139 0.671927 0.740548 -0.010139 0.892109 -0.451751 0.007938 0.84024 -0.422056 -0.340389 0.635969 0.684091 -0.35716 0.18582 -0.981763 -0.040151 0.198874 -0.916916 -0.345996 -0.661276 -0.740548 -0.119594 -0.5692 -0.684091 -0.456104 -0.881458 0.451751 -0.137671 -0.773472 0.422056 -0.472875 -0.176783 0.981763 -0.069921 -0.139779 0.916916 -0.3738 -0.081824 0 0.996647 0.081824 0 -0.996647 </float_array>
          <technique_common>
            <accessor count="40" offset="0" source="#meshId50-normals-array" stride="3">
              <param name="X" type="float" />
              <param name="Y" type="float" />
              <param name="Z" type="float" />
            </accessor>
          </technique_common>
        </source>
        <source id="meshId50-tangents" name="meshId50-tangents">
          <float_array id="meshId50-tangents-array" count="120"> 0.687872 -0.0923453 -0.719933 0.60137 0.252967 -0.757867 0.311611 0.337299 -0.888329 0.348841 -0.162441 -0.922997 0.985862 0.164098 0.0338711 0.980206 0.182045 0.0778192 0.561252 -0.092361 0.822476 0.193683 -0.162489 0.967514 0.469695 0.252922 0.845824 0.162552 0.337298 0.927258 0.97818 0.164066 0.127457 0.979772 0.182044 0.0831039 -0.125128 -0.0483008 0.990964 -0.139489 0.0294646 0.989785 -0.0238121 -0.0294646 0.999282 -0.0381729 0.048301 0.998103 -0.0917266 0.0542972 0.994303 -0.0716727 -0.0542968 0.995949 -0.038173 0.0483011 0.998103 -0.125129 -0.0483005 0.990964 -0.0238121 -0.0294647 0.999282 -0.139489 0.0294644 0.989785 -0.0716728 -0.0542968 0.995949 -0.0917266 0.0542972 0.994303 -0.125129 -0.0483005 0.990964 -0.0381727 0.0483008 0.998103 -0.267251 0.229674 -0.935856 -0.117652 -0.249227 -0.961272 -0.486803 -0.310731 -0.816376 -0.524477 0.0436434 -0.850305 -0.980153 -0.182333 -0.0778143 -0.979266 -0.19982 -0.0333306 -0.416309 0.229673 0.879737 -0.656139 0.0436433 0.753377 -0.27286 -0.249228 0.929211 -0.613435 -0.31073 0.726047 -0.97972 -0.182333 -0.0830905 -0.971589 -0.19982 -0.126834 0.979973 0.182151 0.0804551 -0.979966 -0.182189 -0.0804545 </float_array>
          <technique_common>
            <accessor count="40" offset="0" source="#meshId50-tangents-array" stride="3">
              <param name="X" type="float" />
              <param name="Y" type="float" />
              <param name="Z" type="float" />
            </accessor>
          </technique_common>
        </source>
        <source id="meshId50-bitangents" name="meshId50-bitangents">
          <float_array id="meshId50-bitangents-array" count="120"> -0.450381 0.723527 -0.52313 0.200241 0.870561 0.449474 0.354867 0.825924 0.438085 -0.664096 0.652075 -0.365752 -0.0923968 0.363781 0.926891 -0.0891288 0.0547799 0.994512 -0.52966 0.723526 0.442686 -0.714843 0.652063 0.252613 0.270893 0.870574 -0.410753 0.421567 0.825924 -0.37434 0.0601007 0.363795 -0.929538 0.0742791 0.0547812 -0.995732 0.739633 -0.670265 0.0607233 -0.451193 -0.891657 -0.0370427 -0.451193 -0.891657 -0.0370428 0.739633 -0.670265 0.0607236 -0.979966 -0.182189 -0.080455 -0.979966 -0.18219 -0.0804551 -0.739633 0.670265 -0.0607238 -0.739633 0.670265 -0.0607238 0.451193 0.891657 0.0370428 0.451193 0.891657 0.0370428 0.979966 0.18219 0.0804551 0.979966 0.182189 0.0804549 0.739633 -0.670265 0.0607237 0.739633 -0.670265 0.0607233 -0.690718 0.631537 0.352236 0.436234 0.856625 -0.275487 0.238787 0.851654 -0.466547 -0.566098 0.72809 0.386546 0.0690743 0.0538136 -0.996159 -0.0385756 0.345451 -0.937644 -0.62402 0.631537 -0.460175 -0.495473 0.72809 -0.4737 0.385461 0.856625 0.342948 0.159496 0.851655 0.499245 -0.0943241 0.053814 0.994086 -0.190989 0.345451 0.918796 -0.181541 0.983271 -0.0149044 -0.181578 0.983264 -0.0149074 </float_array>
          <technique_common>
            <accessor count="40" offset="0" source="#meshId50-bitangents-array" stride="3">
              <param name="X" type="float" />
              <param name="Y" type="float" />
              <param name="Z" type="float" />
            </accessor>
          </technique_common>
        </source>
        <source id="meshId50-tex0" name="meshId50-tex0">
          <float_array id="meshId50-tex0-array" count="80"> 0.297067 0.014626 0.297067 0.008998 0.301941 0.006184 0.301941 0.017439 0.292193 0.006184 0.292193 0.000556 0.287319 0.008998 0.282445 0.006184 0.287319 0.014625 0.282445 0.017439 0.292193 0.017439 0.292193 0.023067 0.575047 0.948051 0.575047 0.956251 0.553788 0.956251 0.553788 0.948051 0.575047 0.96445 0.553788 0.96445 0.575047 0.97265 0.553788 0.97265 0.575047 0.98085 0.553788 0.98085 0.575047 0.989049 0.553788 0.989049 0.575047 0.997249 0.553788 0.997249 0.281932 0.040726 0.281932 0.02947 0.286806 0.032284 0.286806 0.037912 0.29168 0.023842 0.29168 0.02947 0.301427 0.02947 0.296553 0.032284 0.301427 0.040726 0.296553 0.037912 0.29168 0.046354 0.29168 0.040726 0.292643 0.011812 0.29213 0.035098 </float_array>
          <technique_common>
            <accessor count="40" offset="0" source="#meshId50-tex0-array" stride="2">
              <param name="S" type="float" />
              <param name="T" type="float" />
            </accessor>
          </technique_common>
        </source>
        <vertices id="meshId50-vertices">
          <input semantic="POSITION" source="#meshId50-positions" />
          <input semantic="NORMAL" source="#meshId50-normals" />
          <input semantic="TANGENT" source="#meshId50-tangents" />
          <input semantic="BINORMAL" source="#meshId50-bitangents" />
          <input semantic="TEXCOORD" source="#meshId50-tex0"  />
        </vertices>
        <polylist count="48" material="defaultMaterial">
          <input offset="0" semantic="VERTEX" source="#meshId50-vertices" />
          <vcount>3 3 3 3 3 3 3 3 3 3 3 3 3 3 3 3 3 3 3 3 3 3 3 3 3 3 3 3 3 3 3 3 3 3 3 3 3 3 3 3 3 3 3 3 3 3 3 3 </vcount>
          <p>3 0 1 1 2 3 2 1 4 4 5 2 5 4 6 6 7 5 7 6 8 8 9 7 9 8 10 10 11 9 11 10 0 0 3 11 15 12 13 13 14 15 14 13 16 16 17 14 17 16 18 18 19 17 19 18 20 20 21 19 21 20 22 22 23 21 23 22 24 24 25 23 29 26 27 27 28 29 28 27 30 30 31 28 31 30 32 32 33 31 33 32 34 34 35 33 35 34 36 36 37 35 37 36 26 26 29 37 1 0 38 4 1 38 6 4 38 8 6 38 10 8 38 0 10 38 29 28 39 28 31 39 31 33 39 33 35 39 35 37 39 37 29 39 </p>
        </polylist>
      </mesh>
    </geometry>
    <geometry id="meshId51" name="meshId51_name" >
      <mesh>
        <source id="meshId51-positions" name="meshId51-positions">
          <float_array id="meshId51-positions-array" count="120"> 0.611882 0.699961 0.314818 0.611882 0.672688 0.314818 0.622906 0.66704 0.269189 0.622906 0.705609 0.269189 0.580339 0.659052 0.316248 0.578298 0.647755 0.27121 0.548797 0.672688 0.317677 0.53369 0.66704 0.273232 0.548797 0.699961 0.317677 0.53369 0.705609 0.273232 0.580339 0.713597 0.316248 0.578298 0.724894 0.27121 0.622906 0.705609 0.269189 0.622906 0.66704 0.269189 0.617132 0.66704 0.141804 0.617132 0.705609 0.141804 0.578298 0.647755 0.27121 0.572524 0.647755 0.143825 0.53369 0.66704 0.273232 0.527916 0.66704 0.145847 0.53369 0.705609 0.273232 0.527916 0.705609 0.145847 0.578298 0.724894 0.27121 0.572524 0.724894 0.143825 0.622906 0.705609 0.269189 0.617132 0.705609 0.141804 0.617132 0.705609 0.141804 0.617132 0.66704 0.141804 0.602025 0.672688 0.0973583 0.602025 0.699961 0.0973583 0.572524 0.647755 0.143825 0.570483 0.659052 0.0987879 0.527916 0.66704 0.145847 0.53894 0.672688 0.100218 0.527916 0.705609 0.145847 0.53894 0.699961 0.100218 0.572524 0.724894 0.143825 0.570483 0.713597 0.0987879 0.581185 0.686324 0.334903 0.569637 0.686324 0.0801328 </float_array>
          <technique_common>
            <accessor count="40" offset="0" source="#meshId51-positions-array" stride="3">
              <param name="X" type="float" />
              <param name="Y" type="float" />
              <param name="Z" type="float" />
            </accessor>
          </technique_common>
        </source>
        <source id="meshId51-normals" name="meshId51-normals">
          <float_array id="meshId51-normals-array" count="120"> 0.736863 0.562487 0.375022 0.736863 -0.562487 0.375021 0.794705 -0.606297 0.029132 0.794704 0.606297 0.029132 0.01635 -0.932524 0.360739 0.0025 -0.998474 0.055165 -0.699916 -0.562488 0.440142 -0.788811 -0.606297 0.100904 -0.699916 0.562488 0.440142 -0.788811 0.606297 0.100904 0.01635 0.932524 0.360739 0.0025 0.998474 0.055165 0.794704 0.606297 0.029132 0.794705 -0.606297 0.029132 0.788811 -0.606297 -0.100904 0.788811 0.606297 -0.100904 0.0025 -0.998474 0.055165 -0.0025 -0.998474 -0.055165 -0.788811 -0.606297 0.100904 -0.794704 -0.606297 -0.029132 -0.788811 0.606297 0.100904 -0.794705 0.606297 -0.029132 0.0025 0.998474 0.055165 -0.0025 0.998474 -0.055165 0.794704 0.606297 0.029132 0.788811 0.606297 -0.100904 0.788811 0.606297 -0.100904 0.788811 -0.606297 -0.100904 0.699916 -0.562487 -0.440142 0.699916 0.562487 -0.440142 -0.0025 -0.998474 -0.055165 -0.01635 -0.932524 -0.360739 -0.794704 -0.606297 -0.029132 -0.736863 -0.562488 -0.375022 -0.794705 0.606297 -0.029132 -0.736863 0.562488 -0.375021 -0.0025 0.998474 -0.055165 -0.01635 0.932524 -0.360739 0.045278 -0 0.998974 -0.045278 0 -0.998974 </float_array>
          <technique_common>
            <accessor count="40" offset="0" source="#meshId51-normals-array" stride="3">
              <param name="X" type="float" />
              <param name="Y" type="float" />
              <param name="Z" type="float" />
            </accessor>
          </technique_common>
        </source>
        <source id="meshId51-tangents" name="meshId51-tangents">
          <float_array id="meshId51-tangents-array" count="120"> 0.563694 -0.20497 -0.800147 0.537419 0.150835 -0.829717 0.253806 0.288314 -0.923286 0.19481 -0.209304 -0.958249 0.995586 -0.0181656 -0.0920823 0.998851 -0.000146681 -0.0479213 0.633774 -0.204987 0.745863 0.280738 -0.209362 0.936672 0.610254 0.150792 0.777722 0.336288 0.288313 0.896541 0.999833 -0.0181962 0.00172184 0.999091 -0.000146597 -0.0426241 -0.00645883 -0.0395446 0.999197 -0.00645884 0.0395445 0.999197 0.0968228 -0.0395445 0.994516 0.0968228 0.0395445 0.994516 0.0452089 0.0552216 0.99745 0.0452089 -0.0552216 0.99745 0.0968228 0.0395445 0.994516 -0.00645883 -0.0395446 0.999197 0.0968228 -0.0395445 0.994516 -0.00645884 0.0395445 0.999197 0.0452089 -0.0552216 0.99745 0.0452089 0.0552216 0.99745 -0.00645883 -0.0395446 0.999197 0.0968228 0.0395445 0.994516 -0.336284 0.288308 -0.896544 -0.280738 -0.209362 -0.936672 -0.633765 -0.204966 -0.745876 -0.610268 0.150823 -0.777705 -0.998851 -0.000146683 0.0479214 -0.995586 -0.0181656 0.0920822 -0.253802 0.288308 0.923289 -0.537413 0.150822 0.829723 -0.194854 -0.209363 0.958227 -0.563693 -0.204967 0.800149 -0.999091 -0.000146095 0.0426331 -0.999834 -0.0181651 -0.00164146 0.998975 -3.83809e-05 -0.045278 -0.998974 1.52449e-09 0.045278 </float_array>
          <technique_common>
            <accessor count="40" offset="0" source="#meshId51-tangents-array" stride="3">
              <param name="X" type="float" />
              <param name="Y" type="float" />
              <param name="Z" type="float" />
            </accessor>
          </technique_common>
        </source>
        <source id="meshId51-bitangents" name="meshId51-bitangents">
          <float_array id="meshId51-bitangents-array" count="120"> -0.373204 0.800997 -0.468105 0.410139 0.812931 0.413436 0.551386 0.741134 0.383006 -0.574886 0.7672 -0.284448 0.092422 0.360652 0.92811 0.0478563 0.0552214 0.997327 -0.329315 0.800992 0.499964 -0.546776 0.767184 0.335358 0.371089 0.812938 -0.448803 0.514478 0.741134 -0.431315 0.00816973 0.36065 -0.932665 -0.042551 0.0552214 -0.997567 0.606962 -0.794254 -0.0275103 -0.606962 -0.794255 0.0275102 -0.606962 -0.794255 0.0275102 0.606962 -0.794255 -0.0275102 -0.998974 3.25497e-07 0.045278 -0.998974 -3.25497e-07 0.045278 -0.606962 0.794255 0.0275102 -0.606962 0.794254 0.0275103 0.606962 0.794255 -0.0275102 0.606962 0.794255 -0.0275102 0.998974 3.25963e-07 -0.045278 0.998974 -3.25497e-07 -0.045278 0.606962 -0.794254 -0.0275103 0.606962 -0.794255 -0.0275102 -0.514481 0.741136 0.431308 0.546776 0.767184 -0.335358 0.329332 0.800998 -0.499943 -0.371066 0.812933 0.448831 -0.0478564 0.0552214 -0.997327 -0.0924219 0.360652 -0.92811 -0.551389 0.741136 -0.382999 -0.410147 0.812933 -0.413423 0.574871 0.767184 0.284521 0.373207 0.800997 0.468103 0.04256 0.0552214 0.997567 -0.00808357 0.360652 0.932665 3.83415e-05 1 -1.73781e-06 1.52293e-09 1 -6.9026e-11 </float_array>
          <technique_common>
            <accessor count="40" offset="0" source="#meshId51-bitangents-array" stride="3">
              <param name="X" type="float" />
              <param name="Y" type="float" />
              <param name="Z" type="float" />
            </accessor>
          </technique_common>
        </source>
        <source id="meshId51-tex0" name="meshId51-tex0">
          <float_array id="meshId51-tex0-array" count="80"> 0.276482 0.014626 0.276482 0.008998 0.281356 0.006184 0.281356 0.017439 0.271609 0.006184 0.271609 0.000556 0.266735 0.008998 0.261861 0.006184 0.266735 0.014625 0.261861 0.017439 0.271609 0.017439 0.271609 0.023067 0.597164 0.948051 0.597164 0.956251 0.575906 0.956251 0.575906 0.948051 0.597164 0.96445 0.575906 0.96445 0.597164 0.97265 0.575906 0.97265 0.597164 0.98085 0.575906 0.98085 0.597164 0.989049 0.575906 0.989049 0.597164 0.997249 0.575906 0.997249 0.262262 0.040726 0.262262 0.02947 0.267136 0.032284 0.267136 0.037912 0.27201 0.023842 0.27201 0.02947 0.281758 0.02947 0.276884 0.032284 0.281758 0.040726 0.276884 0.037912 0.27201 0.046354 0.27201 0.040726 0.272059 0.011812 0.27246 0.035098 </float_array>
          <technique_common>
            <accessor count="40" offset="0" source="#meshId51-tex0-array" stride="2">
              <param name="S" type="float" />
              <param name="T" type="float" />
            </accessor>
          </technique_common>
        </source>
        <vertices id="meshId51-vertices">
          <input semantic="POSITION" source="#meshId51-positions" />
          <input semantic="NORMAL" source="#meshId51-normals" />
          <input semantic="TANGENT" source="#meshId51-tangents" />
          <input semantic="BINORMAL" source="#meshId51-bitangents" />
          <input semantic="TEXCOORD" source="#meshId51-tex0"  />
        </vertices>
        <polylist count="48" material="defaultMaterial">
          <input offset="0" semantic="VERTEX" source="#meshId51-vertices" />
          <vcount>3 3 3 3 3 3 3 3 3 3 3 3 3 3 3 3 3 3 3 3 3 3 3 3 3 3 3 3 3 3 3 3 3 3 3 3 3 3 3 3 3 3 3 3 3 3 3 3 </vcount>
          <p>3 0 1 1 2 3 2 1 4 4 5 2 5 4 6 6 7 5 7 6 8 8 9 7 9 8 10 10 11 9 11 10 0 0 3 11 15 12 13 13 14 15 14 13 16 16 17 14 17 16 18 18 19 17 19 18 20 20 21 19 21 20 22 22 23 21 23 22 24 24 25 23 29 26 27 27 28 29 28 27 30 30 31 28 31 30 32 32 33 31 33 32 34 34 35 33 35 34 36 36 37 35 37 36 26 26 29 37 1 0 38 4 1 38 6 4 38 8 6 38 10 8 38 0 10 38 29 28 39 28 31 39 31 33 39 33 35 39 35 37 39 37 29 39 </p>
        </polylist>
      </mesh>
    </geometry>
    <geometry id="meshId52" name="meshId52_name" >
      <mesh>
        <source id="meshId52-positions" name="meshId52-positions">
          <float_array id="meshId52-positions-array" count="120"> 0.10464 0.695236 0.316534 0.100712 0.668252 0.316062 0.118123 0.660766 0.272746 0.123678 0.698927 0.273413 0.0677302 0.65934 0.3121 0.0714798 0.648163 0.267143 0.0386764 0.677413 0.308611 0.0303915 0.673721 0.262208 0.0426044 0.704397 0.309082 0.0359466 0.711883 0.262875 0.0755863 0.713308 0.313044 0.0825901 0.724486 0.268478 0.123678 0.698927 0.273413 0.118123 0.660766 0.272746 0.133331 0.660766 0.14614 0.138886 0.698927 0.146807 0.0714798 0.648163 0.267143 0.0866874 0.648163 0.140537 0.0303915 0.673721 0.262208 0.045599 0.673721 0.135602 0.0359466 0.711883 0.262875 0.0511542 0.711883 0.136269 0.0825901 0.724486 0.268478 0.0977976 0.724486 0.141872 0.123678 0.698927 0.273413 0.138886 0.698927 0.146807 0.138886 0.698927 0.146807 0.133331 0.660766 0.14614 0.126673 0.668252 0.0999326 0.130601 0.695236 0.100404 0.0866874 0.648163 0.140537 0.0936911 0.65934 0.0959709 0.045599 0.673721 0.135602 0.0646373 0.677413 0.0924811 0.0511542 0.711883 0.136269 0.0685653 0.704397 0.0929529 0.0977976 0.724486 0.141872 0.101547 0.713308 0.0969146 0.0694312 0.686324 0.331113 0.0998463 0.686324 0.0779018 </float_array>
          <technique_common>
            <accessor count="40" offset="0" source="#meshId52-positions-array" stride="3">
              <param name="X" type="float" />
              <param name="Y" type="float" />
              <param name="Z" type="float" />
            </accessor>
          </technique_common>
        </source>
        <source id="meshId52-normals" name="meshId52-normals">
          <float_array id="meshId52-normals-array" count="120"> 0.738799 0.452217 0.499676 0.576769 -0.660858 0.480213 0.683503 -0.714858 0.147653 0.858153 0.484909 0.168632 -0.177377 -0.922659 0.342399 -0.150396 -0.987912 0.037553 -0.836115 -0.452217 0.310501 -0.873677 -0.484909 -0.039391 -0.674085 0.660858 0.329964 -0.699027 0.714858 -0.018413 0.091246 0.922659 0.374665 0.137225 0.987912 0.072101 0.858153 0.484909 0.168632 0.683503 -0.714858 0.147653 0.699027 -0.714858 0.018413 0.873677 0.484909 0.039391 -0.150396 -0.987912 0.037553 -0.137225 -0.987912 -0.072101 -0.873677 -0.484909 -0.039391 -0.858153 -0.484909 -0.168632 -0.699027 0.714858 -0.018413 -0.683503 0.714858 -0.147653 0.137225 0.987912 0.072101 0.150396 0.987912 -0.037553 0.858153 0.484909 0.168632 0.873677 0.484909 0.039391 0.873677 0.484909 0.039391 0.699027 -0.714858 0.018413 0.674085 -0.660858 -0.329964 0.836115 0.452217 -0.310501 -0.137225 -0.987912 -0.072101 -0.091246 -0.922659 -0.374665 -0.858153 -0.484909 -0.168632 -0.738799 -0.452217 -0.499676 -0.683503 0.714858 -0.147653 -0.576769 0.660858 -0.480213 0.150396 0.987912 -0.037553 0.177377 0.922659 -0.342399 -0.11926 0 0.992863 0.11926 0 -0.992863 </float_array>
          <technique_common>
            <accessor count="40" offset="0" source="#meshId52-normals-array" stride="3">
              <param name="X" type="float" />
              <param name="Y" type="float" />
              <param name="Z" type="float" />
            </accessor>
          </technique_common>
        </source>
        <source id="meshId52-tangents" name="meshId52-tangents">
          <float_array id="meshId52-tangents-array" count="120"> 0.651535 -0.289746 -0.701105 0.681976 0.0659084 -0.728399 0.440294 0.242419 -0.864508 0.316766 -0.241617 -0.917214 0.984095 -0.162854 0.0709601 0.982652 -0.14521 0.115368 0.466973 -0.289764 0.835447 0.0905782 -0.241679 0.966119 0.490051 0.0658698 0.869202 0.223039 0.242419 0.944186 0.972888 -0.162885 0.164188 0.982019 -0.145211 0.120632 -0.175485 -0.0316274 0.983974 -0.164094 0.0466251 0.985342 -0.073921 -0.046625 0.996174 -0.0625295 0.0316274 0.997542 -0.111125 0.0546371 0.992303 -0.127032 -0.0546369 0.990393 -0.0625294 0.0316273 0.997542 -0.175485 -0.0316274 0.983974 -0.073921 -0.046625 0.996174 -0.164093 0.0466252 0.985342 -0.127032 -0.0546369 0.990393 -0.111124 0.0546371 0.992303 -0.175485 -0.0316275 0.983974 -0.0625294 0.0316273 0.997542 -0.139984 0.328104 -0.934212 -0.150887 -0.172617 -0.973364 -0.526009 -0.115854 -0.842551 -0.446625 0.232558 -0.863969 -0.982694 0.14492 -0.115372 -0.989328 0.126909 -0.071588 -0.35724 0.328102 0.874488 -0.638524 0.232556 0.733625 -0.377105 -0.172617 0.909943 -0.710577 -0.115855 0.694016 -0.982063 0.14492 -0.120628 -0.978139 0.126908 -0.164739 0.982355 -0.145102 0.117998 -0.982361 0.145064 -0.117999 </float_array>
          <technique_common>
            <accessor count="40" offset="0" source="#meshId52-tangents-array" stride="3">
              <param name="X" type="float" />
              <param name="Y" type="float" />
              <param name="Z" type="float" />
            </accessor>
          </technique_common>
        </source>
        <source id="meshId52-bitangents" name="meshId52-bitangents">
          <float_array id="meshId52-bitangents-array" count="120"> -0.172273 0.843533 -0.5087 0.449718 0.747612 0.488703 0.582207 0.655905 0.480442 -0.404021 0.840526 -0.360947 -0.00971072 0.34954 0.936871 -0.10852 0.0542524 0.992613 -0.287832 0.843526 0.45345 -0.478 0.840508 0.255072 0.552684 0.747615 -0.368256 0.679422 0.655905 -0.328899 0.212517 0.349526 -0.912507 0.129644 0.0542508 -0.990075 0.482471 -0.873993 0.0579531 -0.711264 -0.697713 -0.0854352 -0.711264 -0.697713 -0.0854352 0.482471 -0.873993 0.0579532 -0.982361 0.145065 -0.117999 -0.98236 0.145066 -0.117998 -0.482471 0.873993 -0.0579531 -0.482471 0.873993 -0.0579531 0.711264 0.697713 0.0854352 0.711264 0.697713 0.0854351 0.982361 -0.145066 0.117998 0.982361 -0.145065 0.117998 0.482471 -0.873993 0.0579531 0.482471 -0.873993 0.0579531 -0.465932 0.810686 0.354536 0.698995 0.677629 -0.228526 0.518579 0.741515 -0.425713 -0.318492 0.861055 0.396416 0.124427 0.0550213 -0.990702 0.1136 0.364134 -0.924392 -0.368718 0.810686 -0.454791 -0.215555 0.861056 -0.460563 0.624993 0.677629 0.38756 0.403011 0.741515 0.536412 -0.113728 0.0550214 0.991987 -0.108544 0.364135 0.924999 0.144067 0.989417 0.0173049 0.144029 0.989422 0.0173004 </float_array>
          <technique_common>
            <accessor count="40" offset="0" source="#meshId52-bitangents-array" stride="3">
              <param name="X" type="float" />
              <param name="Y" type="float" />
              <param name="Z" type="float" />
            </accessor>
          </technique_common>
        </source>
        <source id="meshId52-tex0" name="meshId52-tex0">
          <float_array id="meshId52-tex0-array" count="80"> 0.255898 0.014626 0.255898 0.008998 0.260771 0.006184 0.260771 0.017439 0.251024 0.006184 0.251024 0.000556 0.24615 0.008998 0.241276 0.006184 0.24615 0.014625 0.241276 0.017439 0.251024 0.017439 0.251024 0.023067 0.619281 0.948051 0.619281 0.956251 0.598023 0.956251 0.598023 0.948051 0.619281 0.96445 0.598023 0.96445 0.619281 0.97265 0.598023 0.97265 0.619281 0.98085 0.598023 0.98085 0.619281 0.989049 0.598023 0.989049 0.619281 0.997249 0.598023 0.997249 0.242404 0.040726 0.242404 0.02947 0.247278 0.032284 0.247278 0.037912 0.252151 0.023842 0.252151 0.02947 0.261899 0.02947 0.257025 0.032284 0.261899 0.040726 0.257025 0.037912 0.252151 0.046354 0.252151 0.040726 0.251474 0.011812 0.252602 0.035098 </float_array>
          <technique_common>
            <accessor count="40" offset="0" source="#meshId52-tex0-array" stride="2">
              <param name="S" type="float" />
              <param name="T" type="float" />
            </accessor>
          </technique_common>
        </source>
        <vertices id="meshId52-vertices">
          <input semantic="POSITION" source="#meshId52-positions" />
          <input semantic="NORMAL" source="#meshId52-normals" />
          <input semantic="TANGENT" source="#meshId52-tangents" />
          <input semantic="BINORMAL" source="#meshId52-bitangents" />
          <input semantic="TEXCOORD" source="#meshId52-tex0"  />
        </vertices>
        <polylist count="48" material="defaultMaterial">
          <input offset="0" semantic="VERTEX" source="#meshId52-vertices" />
          <vcount>3 3 3 3 3 3 3 3 3 3 3 3 3 3 3 3 3 3 3 3 3 3 3 3 3 3 3 3 3 3 3 3 3 3 3 3 3 3 3 3 3 3 3 3 3 3 3 3 </vcount>
          <p>3 0 1 1 2 3 2 1 4 4 5 2 5 4 6 6 7 5 7 6 8 8 9 7 9 8 10 10 11 9 11 10 0 0 3 11 15 12 13 13 14 15 14 13 16 16 17 14 17 16 18 18 19 17 19 18 20 20 21 19 21 20 22 22 23 21 23 22 24 24 25 23 29 26 27 27 28 29 28 27 30 30 31 28 31 30 32 32 33 31 33 32 34 34 35 33 35 34 36 36 37 35 37 36 26 26 29 37 1 0 38 4 1 38 6 4 38 8 6 38 10 8 38 0 10 38 29 28 39 28 31 39 31 33 39 33 35 39 35 37 39 37 29 39 </p>
        </polylist>
      </mesh>
    </geometry>
    <geometry id="meshId53" name="meshId53_name" >
      <mesh>
        <source id="meshId53-positions" name="meshId53-positions">
          <float_array id="meshId53-positions-array" count="120"> 0.211848 0.699961 0.304906 0.211848 0.672688 0.304906 0.225831 0.66704 0.260095 0.225831 0.705609 0.260095 0.180279 0.659052 0.304271 0.181186 0.647755 0.259197 0.148711 0.672688 0.303637 0.136541 0.66704 0.258299 0.148711 0.699961 0.303637 0.136541 0.705609 0.258299 0.180279 0.713597 0.304271 0.181186 0.724894 0.259197 0.225831 0.705609 0.260095 0.225831 0.66704 0.260095 0.228395 0.66704 0.132605 0.228395 0.705609 0.132605 0.181186 0.647755 0.259197 0.18375 0.647755 0.131707 0.136541 0.66704 0.258299 0.139106 0.66704 0.130809 0.136541 0.705609 0.258299 0.139106 0.705609 0.130809 0.181186 0.724894 0.259197 0.18375 0.724894 0.131707 0.225831 0.705609 0.260095 0.228395 0.705609 0.132605 0.228395 0.705609 0.132605 0.228395 0.66704 0.132605 0.216225 0.672688 0.0872672 0.216225 0.699961 0.0872672 0.18375 0.647755 0.131707 0.184657 0.659052 0.0866323 0.139106 0.66704 0.130809 0.153088 0.672688 0.0859974 0.139106 0.705609 0.130809 0.153088 0.699961 0.0859974 0.18375 0.724894 0.131707 0.184657 0.713597 0.0866323 0.179904 0.686324 0.322942 0.185032 0.686324 0.0679618 </float_array>
          <technique_common>
            <accessor count="40" offset="0" source="#meshId53-positions-array" stride="3">
              <param name="X" type="float" />
              <param name="Y" type="float" />
              <param name="Z" type="float" />
            </accessor>
          </technique_common>
        </source>
        <source id="meshId53-normals" name="meshId53-normals">
          <float_array id="meshId53-normals-array" count="120"> 0.710778 0.562487 0.422378 0.710778 -0.562487 0.422378 0.791102 -0.606297 0.081008 0.791101 0.606297 0.081008 -0.007261 -0.932524 0.361036 -0.00111 -0.998474 0.05521 -0.727185 -0.562488 0.393458 -0.793719 -0.606297 0.049135 -0.727185 0.562488 0.393458 -0.793719 0.606297 0.049135 -0.007261 0.932524 0.361036 -0.001111 0.998474 0.05521 0.791101 0.606297 0.081008 0.791102 -0.606297 0.081008 0.793719 -0.606297 -0.049135 0.793719 0.606297 -0.049135 -0.00111 -0.998474 0.05521 0.001111 -0.998474 -0.05521 -0.793719 -0.606297 0.049135 -0.791101 -0.606297 -0.081008 -0.793719 0.606297 0.049135 -0.791102 0.606297 -0.081008 -0.001111 0.998474 0.05521 0.00111 0.998474 -0.05521 0.791101 0.606297 0.081008 0.793719 0.606297 -0.049135 0.793719 0.606297 -0.049135 0.793719 -0.606297 -0.049135 0.727186 -0.562487 -0.393457 0.727186 0.562487 -0.393458 0.001111 -0.998474 -0.05521 0.007261 -0.932524 -0.361036 -0.791101 -0.606297 -0.081008 -0.710778 -0.562488 -0.422378 -0.791102 0.606297 -0.081008 -0.710778 0.562487 -0.422378 0.00111 0.998474 -0.05521 0.007261 0.932524 -0.361036 -0.020108 0 0.999798 0.020108 0 -0.999798 </float_array>
          <technique_common>
            <accessor count="40" offset="0" source="#meshId53-normals-array" stride="3">
              <param name="X" type="float" />
              <param name="Y" type="float" />
              <param name="Z" type="float" />
            </accessor>
          </technique_common>
        </source>
        <source id="meshId53-tangents" name="meshId53-tangents">
          <float_array id="meshId53-tangents-array" count="120"> 0.255476 -0.765892 0.590035 -0.308185 -0.788787 -0.531825 -0.455061 -0.671851 -0.584411 0.463348 -0.680435 0.567729 0.0175227 -0.361109 -0.932359 0.0809422 -0.0551185 -0.995194 0.2969 -0.774525 -0.558535 0.4858 -0.680435 -0.548641 -0.345471 -0.795194 0.498314 -0.47819 -0.671851 0.565643 -0.116396 -0.359379 0.925904 0.0408623 -0.0551185 0.997643 -0.0717483 -0.0395443 0.996639 -0.0717482 0.0395442 0.996639 0.0316184 -0.0395447 0.998717 0.0316184 0.0395447 0.998717 -0.0200773 0.0552212 0.998272 -0.0200772 -0.0552212 0.998272 0.0316184 0.0395448 0.998717 -0.0717482 -0.0395443 0.996639 0.0316184 -0.0395447 0.998717 -0.0717482 0.0395442 0.996639 -0.0200772 -0.0552212 0.998272 -0.0200773 0.0552212 0.998272 -0.0717483 -0.0395442 0.996639 0.0316184 0.0395447 0.998717 0.47819 -0.671851 -0.565642 -0.4858 -0.680435 0.548641 -0.2969 -0.774526 0.558535 0.34547 -0.795194 -0.498314 -0.0809416 -0.0551186 0.995194 -0.0175229 -0.361109 0.932359 0.455061 -0.67185 0.584411 0.308185 -0.788786 0.531826 -0.463348 -0.680435 -0.567729 -0.255476 -0.765892 -0.590035 -0.0408622 -0.0551186 -0.997643 0.116396 -0.359379 -0.925904 -2.69126e-07 -1 -3.23755e-09 2.92942e-07 -1 3.34919e-09 </float_array>
          <technique_common>
            <accessor count="40" offset="0" source="#meshId53-tangents-array" stride="3">
              <param name="X" type="float" />
              <param name="Y" type="float" />
              <param name="Z" type="float" />
            </accessor>
          </technique_common>
        </source>
        <source id="meshId53-bitangents" name="meshId53-bitangents">
          <float_array id="meshId53-bitangents-array" count="120"> 0.655383 -0.311476 -0.688081 0.632311 0.247839 -0.734002 0.408752 0.425465 -0.807404 0.399333 -0.411596 -0.81922 0.99982 -0.000443537 0.0189623 0.996718 0.00336415 0.0808798 0.618912 -0.289341 0.730226 0.366072 -0.411597 0.834613 0.593171 0.226438 0.772576 0.375959 0.425465 0.823185 0.993176 -0.0353 0.111151 0.999164 0.00336439 -0.0407387 0.607463 -0.794254 0.0122173 -0.607462 -0.794255 -0.0122172 -0.607462 -0.794255 -0.0122173 0.607462 -0.794255 0.0122172 -0.999798 -3.8452e-07 -0.0201079 -0.999798 -6.16768e-07 -0.0201079 -0.607462 0.794255 -0.0122173 -0.607463 0.794254 -0.0122172 0.607462 0.794255 0.0122172 0.607462 0.794255 0.0122172 0.999798 6.19097e-07 0.0201079 0.999798 3.84985e-07 0.020108 0.607463 -0.794254 0.0122173 0.607462 -0.794255 0.0122172 -0.375959 0.425465 -0.823186 -0.366072 -0.411597 -0.834613 -0.618911 -0.289341 -0.730226 -0.59317 0.226439 -0.772577 -0.996718 0.00336312 -0.0808793 -0.99982 -0.000443458 -0.0189625 -0.408752 0.425465 0.807404 -0.632311 0.247839 0.734002 -0.399333 -0.411597 0.81922 -0.655383 -0.311476 0.688081 -0.999164 0.00336339 0.0407387 -0.993176 -0.0353 -0.111151 0.999798 -2.69137e-07 0.020108 -0.999798 -2.92951e-07 -0.020108 </float_array>
          <technique_common>
            <accessor count="40" offset="0" source="#meshId53-bitangents-array" stride="3">
              <param name="X" type="float" />
              <param name="Y" type="float" />
              <param name="Z" type="float" />
            </accessor>
          </technique_common>
        </source>
        <source id="meshId53-tex0" name="meshId53-tex0">
          <float_array id="meshId53-tex0-array" count="80"> 0.310907 0.202027 0.316535 0.202027 0.319349 0.206901 0.308093 0.206901 0.319349 0.197153 0.324977 0.197153 0.316535 0.192279 0.319349 0.187405 0.310907 0.192279 0.308093 0.187405 0.308093 0.197153 0.302465 0.197153 0.641398 0.948051 0.641398 0.956251 0.62014 0.956251 0.62014 0.948051 0.641398 0.96445 0.62014 0.96445 0.641398 0.97265 0.62014 0.97265 0.641398 0.98085 0.62014 0.98085 0.641398 0.989049 0.62014 0.989049 0.641398 0.997249 0.62014 0.997249 0.284807 0.187801 0.296063 0.187801 0.293249 0.192675 0.287621 0.192675 0.30169 0.197549 0.296062 0.197549 0.296063 0.207297 0.293249 0.202423 0.284807 0.207297 0.287621 0.202423 0.279179 0.197549 0.284807 0.197549 0.313721 0.197603 0.290435 0.197999 </float_array>
          <technique_common>
            <accessor count="40" offset="0" source="#meshId53-tex0-array" stride="2">
              <param name="S" type="float" />
              <param name="T" type="float" />
            </accessor>
          </technique_common>
        </source>
        <vertices id="meshId53-vertices">
          <input semantic="POSITION" source="#meshId53-positions" />
          <input semantic="NORMAL" source="#meshId53-normals" />
          <input semantic="TANGENT" source="#meshId53-tangents" />
          <input semantic="BINORMAL" source="#meshId53-bitangents" />
          <input semantic="TEXCOORD" source="#meshId53-tex0"  />
        </vertices>
        <polylist count="48" material="defaultMaterial">
          <input offset="0" semantic="VERTEX" source="#meshId53-vertices" />
          <vcount>3 3 3 3 3 3 3 3 3 3 3 3 3 3 3 3 3 3 3 3 3 3 3 3 3 3 3 3 3 3 3 3 3 3 3 3 3 3 3 3 3 3 3 3 3 3 3 3 </vcount>
          <p>3 0 1 1 2 3 2 1 4 4 5 2 5 4 6 6 7 5 7 6 8 8 9 7 9 8 10 10 11 9 11 10 0 0 3 11 15 12 13 13 14 15 14 13 16 16 17 14 17 16 18 18 19 17 19 18 20 20 21 19 21 20 22 22 23 21 23 22 24 24 25 23 29 26 27 27 28 29 28 27 30 30 31 28 31 30 32 32 33 31 33 32 34 34 35 33 35 34 36 36 37 35 37 36 26 26 29 37 1 0 38 4 1 38 6 4 38 8 6 38 10 8 38 0 10 38 29 28 39 28 31 39 31 33 39 33 35 39 35 37 39 37 29 39 </p>
        </polylist>
      </mesh>
    </geometry>
    <geometry id="meshId54" name="meshId54_name" >
      <mesh>
        <source id="meshId54-positions" name="meshId54-positions">
          <float_array id="meshId54-positions-array" count="120"> 0.324713 0.699961 0.309779 0.324713 0.672688 0.309779 0.333453 0.66704 0.263658 0.333453 0.705609 0.263658 0.293281 0.659052 0.312776 0.289001 0.647755 0.267896 0.261848 0.672688 0.315773 0.24455 0.66704 0.272134 0.261848 0.699961 0.315773 0.24455 0.705609 0.272134 0.293281 0.713597 0.312776 0.289001 0.724894 0.267896 0.333453 0.705609 0.263658 0.333453 0.66704 0.263658 0.32135 0.66704 0.136717 0.32135 0.705609 0.136717 0.289001 0.647755 0.267896 0.276898 0.647755 0.140956 0.24455 0.66704 0.272134 0.232446 0.66704 0.145194 0.24455 0.705609 0.272134 0.232446 0.705609 0.145194 0.289001 0.724894 0.267896 0.276898 0.724894 0.140956 0.333453 0.705609 0.263658 0.32135 0.705609 0.136717 0.32135 0.705609 0.136717 0.32135 0.66704 0.136717 0.304051 0.672688 0.0930788 0.304051 0.699961 0.0930788 0.276898 0.647755 0.140956 0.272618 0.659052 0.0960758 0.232446 0.66704 0.145194 0.241186 0.672688 0.0990729 0.232446 0.705609 0.145194 0.241186 0.699961 0.0990729 0.276898 0.724894 0.140956 0.272618 0.713597 0.0960758 0.295053 0.686324 0.331366 0.270846 0.686324 0.0774859 </float_array>
          <technique_common>
            <accessor count="40" offset="0" source="#meshId54-positions-array" stride="3">
              <param name="X" type="float" />
              <param name="Y" type="float" />
              <param name="Z" type="float" />
            </accessor>
          </technique_common>
        </source>
        <source id="meshId54-normals" name="meshId54-normals">
          <float_array id="meshId54-normals-array" count="120"> 0.754607 0.562487 0.337899 0.754607 -0.562487 0.337899 0.79517 -0.606297 -0.010439 0.79517 0.606297 -0.010439 0.034276 -0.932524 0.359479 0.005242 -0.998474 0.054972 -0.677153 -0.562488 0.474417 -0.782814 -0.606297 0.140021 -0.677153 0.562488 0.474417 -0.782814 0.606297 0.140021 0.034276 0.932524 0.359479 0.005241 0.998474 0.054972 0.79517 0.606297 -0.010439 0.79517 -0.606297 -0.010439 0.782814 -0.606297 -0.140021 0.782814 0.606297 -0.140021 0.005242 -0.998474 0.054972 -0.005241 -0.998474 -0.054972 -0.782814 -0.606297 0.140021 -0.79517 -0.606297 0.010439 -0.782814 0.606297 0.140021 -0.79517 0.606297 0.010439 0.005241 0.998474 0.054972 -0.005242 0.998474 -0.054972 0.79517 0.606297 -0.010439 0.782814 0.606297 -0.140021 0.782814 0.606297 -0.140021 0.782814 -0.606297 -0.140021 0.677153 -0.562487 -0.474417 0.677153 0.562487 -0.474417 -0.005241 -0.998474 -0.054972 -0.034276 -0.932524 -0.359479 -0.79517 -0.606297 0.010439 -0.754607 -0.562488 -0.337899 -0.79517 0.606297 0.010439 -0.754607 0.562488 -0.337899 -0.005242 0.998474 -0.054972 -0.034276 0.932524 -0.359479 0.094919 -0 0.995485 -0.094919 0 -0.995485 </float_array>
          <technique_common>
            <accessor count="40" offset="0" source="#meshId54-normals-array" stride="3">
              <param name="X" type="float" />
              <param name="Y" type="float" />
              <param name="Z" type="float" />
            </accessor>
          </technique_common>
        </source>
        <source id="meshId54-tangents" name="meshId54-tangents">
          <float_array id="meshId54-tangents-array" count="120"> 0.321589 -0.765892 0.556767 -0.367259 -0.788786 -0.492886 -0.519204 -0.671851 -0.528246 0.525519 -0.680435 0.510722 -0.0897371 -0.361109 -0.928196 -0.0339729 -0.0551189 -0.997902 0.230743 -0.774523 -0.588958 0.41947 -0.680379 -0.60094 -0.28594 -0.795201 0.53469 -0.410098 -0.671921 0.616718 -0.00922302 -0.35938 0.933146 0.155237 -0.0551187 0.986338 0.0432572 -0.0395446 0.998281 0.0432572 0.0395445 0.998281 0.146178 -0.0395447 0.988468 0.146178 0.0395447 0.988468 0.0947741 0.0552214 0.993966 0.0947742 -0.0552213 0.993966 0.146178 0.0395446 0.988468 0.0432572 -0.0395446 0.998281 0.146178 -0.0395446 0.988468 0.0432572 0.0395446 0.998281 0.0947742 -0.0552213 0.993966 0.0947741 0.0552214 0.993966 0.0432572 -0.0395446 0.998281 0.146178 0.0395446 0.988468 0.41001 -0.671842 -0.616863 -0.419524 -0.680427 0.600848 -0.230763 -0.774532 0.588938 0.285912 -0.795192 -0.534718 0.0339733 -0.0551188 0.997902 0.0896314 -0.361109 0.928206 0.519204 -0.671851 0.528246 0.367243 -0.788778 0.492912 -0.52552 -0.680436 -0.510722 -0.32157 -0.765881 -0.556794 -0.155238 -0.0551189 -0.986338 0.00931431 -0.359376 -0.933146 -2.73889e-07 -1 4.22742e-08 2.8223e-07 -1 -1.48856e-08 </float_array>
          <technique_common>
            <accessor count="40" offset="0" source="#meshId54-tangents-array" stride="3">
              <param name="X" type="float" />
              <param name="Y" type="float" />
              <param name="Z" type="float" />
            </accessor>
          </technique_common>
        </source>
        <source id="meshId54-bitangents" name="meshId54-bitangents">
          <float_array id="meshId54-bitangents-array" count="120"> 0.571969 -0.311476 -0.758837 0.543772 0.247839 -0.801803 0.31326 0.425465 -0.849027 0.302546 -0.411597 -0.859683 0.995376 -0.000443768 -0.0960593 0.999409 0.00336344 -0.03421 0.698729 -0.289346 0.654261 0.459616 -0.41169 0.786934 0.678014 0.226412 0.69931 0.467998 0.425354 0.77463 0.99937 -0.0353 -0.00371741 0.987863 0.00336431 -0.155289 0.604842 -0.794254 -0.0576714 -0.604842 -0.794254 0.0576713 -0.604842 -0.794254 0.0576713 0.604842 -0.794254 -0.0576713 -0.995485 -4.50294e-07 0.0949189 -0.995485 -5.50877e-07 0.094919 -0.604842 0.794254 0.0576714 -0.604842 0.794254 0.0576714 0.604842 0.794254 -0.0576714 0.604842 0.794254 -0.0576714 0.995485 5.50877e-07 -0.094919 0.995485 4.45172e-07 -0.094919 0.604842 -0.794255 -0.0576714 0.604842 -0.794254 -0.0576714 -0.468074 0.425479 -0.774515 -0.459567 -0.41161 -0.787004 -0.698722 -0.289324 -0.654278 -0.678025 0.226445 -0.699289 -0.999409 0.00336243 0.0342103 -0.995385 -0.000405427 0.0959608 -0.31326 0.425465 0.849028 -0.543784 0.247864 0.801787 -0.302546 -0.411596 0.859683 -0.57198 -0.311502 0.758818 -0.987863 0.00336335 0.15529 -0.999369 -0.0353328 0.00363217 0.995485 -2.76665e-07 -0.094919 -0.995485 -2.82369e-07 0.094919 </float_array>
          <technique_common>
            <accessor count="40" offset="0" source="#meshId54-bitangents-array" stride="3">
              <param name="X" type="float" />
              <param name="Y" type="float" />
              <param name="Z" type="float" />
            </accessor>
          </technique_common>
        </source>
        <source id="meshId54-tex0" name="meshId54-tex0">
          <float_array id="meshId54-tex0-array" count="80"> 0.310907 0.221782 0.316535 0.221782 0.319349 0.226656 0.308093 0.226656 0.319349 0.216908 0.324977 0.216908 0.316535 0.212034 0.319349 0.207161 0.310907 0.212034 0.308093 0.20716 0.308093 0.216908 0.302465 0.216908 0.663515 0.948051 0.663515 0.956251 0.642257 0.956251 0.642257 0.948051 0.663515 0.96445 0.642257 0.96445 0.663515 0.97265 0.642257 0.97265 0.663515 0.98085 0.642257 0.98085 0.663515 0.989049 0.642257 0.989049 0.663515 0.997249 0.642257 0.997249 0.284807 0.208019 0.296063 0.208019 0.293249 0.212892 0.287621 0.212892 0.30169 0.217766 0.296062 0.217766 0.296063 0.227514 0.293249 0.22264 0.284807 0.227514 0.287621 0.22264 0.279179 0.217766 0.284807 0.217766 0.313721 0.217358 0.290435 0.218217 </float_array>
          <technique_common>
            <accessor count="40" offset="0" source="#meshId54-tex0-array" stride="2">
              <param name="S" type="float" />
              <param name="T" type="float" />
            </accessor>
          </technique_common>
        </source>
        <vertices id="meshId54-vertices">
          <input semantic="POSITION" source="#meshId54-positions" />
          <input semantic="NORMAL" source="#meshId54-normals" />
          <input semantic="TANGENT" source="#meshId54-tangents" />
          <input semantic="BINORMAL" source="#meshId54-bitangents" />
          <input semantic="TEXCOORD" source="#meshId54-tex0"  />
        </vertices>
        <polylist count="48" material="defaultMaterial">
          <input offset="0" semantic="VERTEX" source="#meshId54-vertices" />
          <vcount>3 3 3 3 3 3 3 3 3 3 3 3 3 3 3 3 3 3 3 3 3 3 3 3 3 3 3 3 3 3 3 3 3 3 3 3 3 3 3 3 3 3 3 3 3 3 3 3 </vcount>
          <p>3 0 1 1 2 3 2 1 4 4 5 2 5 4 6 6 7 5 7 6 8 8 9 7 9 8 10 10 11 9 11 10 0 0 3 11 15 12 13 13 14 15 14 13 16 16 17 14 17 16 18 18 19 17 19 18 20 20 21 19 21 20 22 22 23 21 23 22 24 24 25 23 29 26 27 27 28 29 28 27 30 30 31 28 31 30 32 32 33 31 33 32 34 34 35 33 35 34 36 36 37 35 37 36 26 26 29 37 1 0 38 4 1 38 6 4 38 8 6 38 10 8 38 0 10 38 29 28 39 28 31 39 31 33 39 33 35 39 35 37 39 37 29 39 </p>
        </polylist>
      </mesh>
    </geometry>
    <geometry id="meshId55" name="meshId55_name" >
      <mesh>
        <source id="meshId55-positions" name="meshId55-positions">
          <float_array id="meshId55-positions-array" count="120"> 0.366763 0.64084 0.272197 0.366763 0.613568 0.272197 0.380746 0.60792 0.227385 0.380746 0.646489 0.227385 0.335195 0.599932 0.271562 0.336101 0.588635 0.226487 0.303626 0.613568 0.270927 0.291457 0.60792 0.225589 0.303626 0.64084 0.270927 0.291457 0.646489 0.225589 0.335195 0.654477 0.271562 0.336101 0.665773 0.226487 0.380746 0.646489 0.227385 0.380746 0.60792 0.227385 0.38331 0.60792 0.0998949 0.38331 0.646489 0.0998949 0.336101 0.588635 0.226487 0.338666 0.588635 0.098997 0.291457 0.60792 0.225589 0.294021 0.60792 0.0980991 0.291457 0.646489 0.225589 0.294021 0.646489 0.0980991 0.336101 0.665773 0.226487 0.338666 0.665773 0.098997 0.380746 0.646489 0.227385 0.38331 0.646489 0.0998949 0.38331 0.646489 0.0998949 0.38331 0.60792 0.0998949 0.371141 0.613568 0.0545574 0.371141 0.64084 0.0545574 0.338666 0.588635 0.098997 0.339572 0.599932 0.0539225 0.294021 0.60792 0.0980991 0.308004 0.613568 0.0532876 0.294021 0.646489 0.0980991 0.308004 0.64084 0.0532876 0.338666 0.665773 0.098997 0.339572 0.654477 0.0539225 0.334819 0.627204 0.290232 0.339948 0.627204 0.035252 </float_array>
          <technique_common>
            <accessor count="40" offset="0" source="#meshId55-positions-array" stride="3">
              <param name="X" type="float" />
              <param name="Y" type="float" />
              <param name="Z" type="float" />
            </accessor>
          </technique_common>
        </source>
        <source id="meshId55-normals" name="meshId55-normals">
          <float_array id="meshId55-normals-array" count="120"> 0.710778 0.562487 0.422378 0.710778 -0.562487 0.422378 0.791102 -0.606297 0.081008 0.791101 0.606297 0.081008 -0.007261 -0.932524 0.361036 -0.00111 -0.998474 0.05521 -0.727185 -0.562488 0.393458 -0.793719 -0.606297 0.049135 -0.727185 0.562488 0.393458 -0.793719 0.606297 0.049135 -0.007261 0.932524 0.361036 -0.001111 0.998474 0.05521 0.791101 0.606297 0.081008 0.791102 -0.606297 0.081008 0.793719 -0.606297 -0.049135 0.793719 0.606297 -0.049135 -0.00111 -0.998474 0.05521 0.001111 -0.998474 -0.05521 -0.793719 -0.606297 0.049135 -0.791101 -0.606297 -0.081008 -0.793719 0.606297 0.049135 -0.791102 0.606297 -0.081008 -0.001111 0.998474 0.05521 0.00111 0.998474 -0.05521 0.791101 0.606297 0.081008 0.793719 0.606297 -0.049135 0.793719 0.606297 -0.049135 0.793719 -0.606297 -0.049135 0.727186 -0.562487 -0.393457 0.727186 0.562487 -0.393458 0.001111 -0.998474 -0.05521 0.007261 -0.932524 -0.361036 -0.791101 -0.606297 -0.081008 -0.710778 -0.562488 -0.422378 -0.791102 0.606297 -0.081008 -0.710778 0.562487 -0.422378 0.00111 0.998474 -0.05521 0.007261 0.932524 -0.361036 -0.020108 0 0.999798 0.020108 0 -0.999798 </float_array>
          <technique_common>
            <accessor count="40" offset="0" source="#meshId55-normals-array" stride="3">
              <param name="X" type="float" />
              <param name="Y" type="float" />
              <param name="Z" type="float" />
            </accessor>
          </technique_common>
        </source>
        <source id="meshId55-tangents" name="meshId55-tangents">
          <float_array id="meshId55-tangents-array" count="120"> 0.255479 -0.765894 0.590032 -0.308206 -0.788795 -0.531801 -0.455069 -0.67186 -0.584395 0.463356 -0.680443 0.567713 0.0175137 -0.361109 -0.932359 0.0809419 -0.0551186 -0.995194 0.2969 -0.774526 -0.558534 0.4858 -0.680436 -0.54864 -0.345472 -0.795194 0.498313 -0.47819 -0.671851 0.565642 -0.116401 -0.359379 0.925904 0.0408766 -0.0551185 0.997643 -0.0717484 -0.0395442 0.996639 -0.0717483 0.0395441 0.996638 0.0316184 -0.0395448 0.998717 0.0316183 0.0395448 0.998717 -0.0200773 0.0552212 0.998272 -0.0200773 -0.0552212 0.998272 0.0316184 0.0395448 0.998717 -0.0717483 -0.0395442 0.996638 0.0316184 -0.0395448 0.998717 -0.0717482 0.0395442 0.996639 -0.0200772 -0.0552212 0.998272 -0.0200773 0.0552212 0.998272 -0.0717483 -0.0395442 0.996639 0.0316183 0.0395448 0.998717 0.47819 -0.671851 -0.565642 -0.4858 -0.680435 0.54864 -0.2969 -0.774526 0.558534 0.34547 -0.795195 -0.498313 -0.0809423 -0.0551186 0.995194 -0.0175232 -0.361109 0.932359 0.455061 -0.671851 0.584411 0.308186 -0.788786 0.531825 -0.463348 -0.680435 -0.567729 -0.255476 -0.765892 -0.590035 -0.0408617 -0.0551186 -0.997643 0.116396 -0.359379 -0.925904 -4.7633e-09 -1 7.44265e-11 -1.19082e-09 -1 0 </float_array>
          <technique_common>
            <accessor count="40" offset="0" source="#meshId55-tangents-array" stride="3">
              <param name="X" type="float" />
              <param name="Y" type="float" />
              <param name="Z" type="float" />
            </accessor>
          </technique_common>
        </source>
        <source id="meshId55-bitangents" name="meshId55-bitangents">
          <float_array id="meshId55-bitangents-array" count="120"> 0.655382 -0.311473 -0.688084 0.632301 0.247813 -0.73402 0.408743 0.425451 -0.807416 0.399324 -0.411583 -0.819231 0.99982 -0.000446779 0.018954 0.996718 0.00336414 0.0808796 0.618912 -0.289341 0.730226 0.366072 -0.411596 0.834614 0.59317 0.226437 0.772577 0.375958 0.425465 0.823186 0.993176 -0.0353019 0.111156 0.999164 0.00336518 -0.040753 0.607463 -0.794254 0.0122174 -0.607462 -0.794255 -0.0122174 -0.607462 -0.794255 -0.0122173 0.607462 -0.794255 0.0122174 -0.999798 -3.85917e-07 -0.020108 -0.999798 -6.15139e-07 -0.020108 -0.607462 0.794255 -0.0122173 -0.607463 0.794254 -0.0122173 0.607462 0.794255 0.0122173 0.607462 0.794255 0.0122172 0.999798 6.20377e-07 0.0201079 0.999798 3.86033e-07 0.020108 0.607463 -0.794254 0.0122173 0.607462 -0.794255 0.0122174 -0.375958 0.425465 -0.823186 -0.366072 -0.411596 -0.834613 -0.618911 -0.289341 -0.730227 -0.59317 0.226438 -0.772577 -0.996718 0.00336316 -0.08088 -0.99982 -0.000443349 -0.0189628 -0.408752 0.425465 0.807404 -0.632311 0.247839 0.734002 -0.399333 -0.411597 0.81922 -0.655383 -0.311476 0.688082 -0.999164 0.00336336 0.0407382 -0.993176 -0.0353001 -0.111151 0.999798 -4.76084e-09 0.020108 -0.999798 1.19058e-09 -0.020108 </float_array>
          <technique_common>
            <accessor count="40" offset="0" source="#meshId55-bitangents-array" stride="3">
              <param name="X" type="float" />
              <param name="Y" type="float" />
              <param name="Z" type="float" />
            </accessor>
          </technique_common>
        </source>
        <source id="meshId55-tex0" name="meshId55-tex0">
          <float_array id="meshId55-tex0-array" count="80"> 0.310907 0.182271 0.316535 0.182271 0.319349 0.187145 0.308093 0.187145 0.319349 0.177398 0.324977 0.177398 0.316535 0.172524 0.319349 0.16765 0.310907 0.172524 0.308093 0.16765 0.308093 0.177398 0.302465 0.177398 0.685574 0.948051 0.685574 0.956251 0.664315 0.956251 0.664315 0.948051 0.685574 0.96445 0.664315 0.96445 0.685574 0.97265 0.664315 0.97265 0.685574 0.98085 0.664315 0.98085 0.685574 0.989049 0.664315 0.989049 0.685574 0.997249 0.664315 0.997249 0.284807 0.167583 0.296063 0.167583 0.293249 0.172457 0.287621 0.172457 0.30169 0.177331 0.296062 0.177331 0.296063 0.187079 0.293249 0.182205 0.284807 0.187079 0.287621 0.182205 0.279179 0.177331 0.284807 0.177331 0.313721 0.177848 0.290435 0.177781 </float_array>
          <technique_common>
            <accessor count="40" offset="0" source="#meshId55-tex0-array" stride="2">
              <param name="S" type="float" />
              <param name="T" type="float" />
            </accessor>
          </technique_common>
        </source>
        <vertices id="meshId55-vertices">
          <input semantic="POSITION" source="#meshId55-positions" />
          <input semantic="NORMAL" source="#meshId55-normals" />
          <input semantic="TANGENT" source="#meshId55-tangents" />
          <input semantic="BINORMAL" source="#meshId55-bitangents" />
          <input semantic="TEXCOORD" source="#meshId55-tex0"  />
        </vertices>
        <polylist count="48" material="defaultMaterial">
          <input offset="0" semantic="VERTEX" source="#meshId55-vertices" />
          <vcount>3 3 3 3 3 3 3 3 3 3 3 3 3 3 3 3 3 3 3 3 3 3 3 3 3 3 3 3 3 3 3 3 3 3 3 3 3 3 3 3 3 3 3 3 3 3 3 3 </vcount>
          <p>3 0 1 1 2 3 2 1 4 4 5 2 5 4 6 6 7 5 7 6 8 8 9 7 9 8 10 10 11 9 11 10 0 0 3 11 15 12 13 13 14 15 14 13 16 16 17 14 17 16 18 18 19 17 19 18 20 20 21 19 21 20 22 22 23 21 23 22 24 24 25 23 29 26 27 27 28 29 28 27 30 30 31 28 31 30 32 32 33 31 33 32 34 34 35 33 35 34 36 36 37 35 37 36 26 26 29 37 1 0 38 4 1 38 6 4 38 8 6 38 10 8 38 0 10 38 29 28 39 28 31 39 31 33 39 33 35 39 35 37 39 37 29 39 </p>
        </polylist>
      </mesh>
    </geometry>
    <geometry id="meshId56" name="meshId56_name" >
      <mesh>
        <source id="meshId56-positions" name="meshId56-positions">
          <float_array id="meshId56-positions-array" count="120"> 0.463925 0.646346 0.290741 0.469867 0.619729 0.290861 0.48276 0.616616 0.245478 0.474357 0.654258 0.245309 0.442031 0.599546 0.291739 0.443395 0.588074 0.246721 0.408254 0.605981 0.292498 0.395626 0.597174 0.247794 0.402311 0.632598 0.292379 0.387222 0.634816 0.247625 0.430147 0.652781 0.2915 0.426588 0.663358 0.246383 0.474357 0.654258 0.245309 0.48276 0.616616 0.245478 0.479654 0.61535 0.118006 0.471251 0.652992 0.117837 0.443395 0.588074 0.246721 0.440289 0.586808 0.119249 0.395626 0.597174 0.247794 0.39252 0.595908 0.120322 0.387222 0.634816 0.247625 0.384117 0.633551 0.120153 0.426588 0.663358 0.246383 0.423482 0.662093 0.118911 0.474357 0.654258 0.245309 0.471251 0.652992 0.117837 0.471251 0.652992 0.117837 0.479654 0.61535 0.118006 0.464565 0.617568 0.0732527 0.458623 0.644185 0.0731332 0.440289 0.586808 0.119249 0.43673 0.597386 0.0741312 0.39252 0.595908 0.120322 0.402952 0.603821 0.0748903 0.384117 0.633551 0.120153 0.39701 0.630438 0.0747708 0.423482 0.662093 0.118911 0.424845 0.65062 0.0738922 0.436544 0.626349 0.310287 0.430333 0.623818 0.0553439 </float_array>
          <technique_common>
            <accessor count="40" offset="0" source="#meshId56-positions-array" stride="3">
              <param name="X" type="float" />
              <param name="Y" type="float" />
              <param name="Z" type="float" />
            </accessor>
          </technique_common>
        </source>
        <source id="meshId56-normals" name="meshId56-normals">
          <float_array id="meshId56-normals-array" count="120"> 0.589014 0.70957 0.386746 0.834123 -0.388366 0.391676 0.906974 -0.418538 0.047166 0.642774 0.764912 0.041853 0.211973 -0.906527 0.36507 0.218893 -0.973928 0.059578 -0.56914 -0.701471 0.428972 -0.639603 -0.76362 0.088272 -0.81425 0.396466 0.424042 -0.903803 0.41983 0.082958 -0.194384 0.913695 0.356898 -0.216203 0.975025 0.050827 0.642774 0.764912 0.041853 0.906974 -0.418538 0.047166 0.903804 -0.41983 -0.082958 0.639604 0.76362 -0.088272 0.218893 -0.973928 0.059578 0.216203 -0.975025 -0.050827 -0.639603 -0.76362 0.088272 -0.642774 -0.764912 -0.041853 -0.903803 0.41983 0.082958 -0.906974 0.418538 -0.047166 -0.216203 0.975025 0.050827 -0.218893 0.973928 -0.059578 0.642774 0.764912 0.041853 0.639604 0.76362 -0.088272 0.639604 0.76362 -0.088272 0.903804 -0.41983 -0.082958 0.81425 -0.396466 -0.424042 0.56914 0.701471 -0.428972 0.216203 -0.975025 -0.050827 0.194384 -0.913695 -0.356898 -0.642774 -0.764912 -0.041853 -0.589014 -0.70957 -0.386746 -0.906974 0.418538 -0.047166 -0.834123 0.388367 -0.391676 -0.218893 0.973928 -0.059578 -0.211973 0.906527 -0.36507 0.024355 0.009925 0.999654 -0.024355 -0.009925 -0.999654 </float_array>
          <technique_common>
            <accessor count="40" offset="0" source="#meshId56-normals-array" stride="3">
              <param name="X" type="float" />
              <param name="Y" type="float" />
              <param name="Z" type="float" />
            </accessor>
          </technique_common>
        </source>
        <source id="meshId56-tangents" name="meshId56-tangents">
          <float_array id="meshId56-tangents-array" count="120"> 0.441903 -0.683493 0.580998 -0.152015 -0.844462 -0.513591 -0.322995 -0.763027 -0.559879 0.624981 -0.555212 0.548761 0.0547614 -0.361954 -0.930586 0.0471692 -0.0504255 -0.997613 0.43367 -0.699336 -0.568208 0.597778 -0.566288 -0.567431 -0.141663 -0.84408 0.517165 -0.294975 -0.751599 0.58999 0.00552126 -0.362813 0.931846 0.0957277 -0.0306382 0.994936 -0.0175177 -0.0399435 0.999048 -0.034749 0.0372447 0.998702 0.0833548 -0.0174363 0.996367 0.0661234 0.0597522 0.996021 0.0122855 0.0638048 0.997887 0.0363488 -0.043984 0.998371 0.0661235 0.0597522 0.996021 -0.0175175 -0.0399436 0.999048 0.083355 -0.017436 0.996367 -0.0347489 0.037245 0.998702 0.0363492 -0.0439839 0.998371 0.0122856 0.0638048 0.997887 -0.017518 -0.0399432 0.999048 0.0661231 0.0597524 0.996021 0.587741 -0.559809 -0.584102 -0.301272 -0.761875 0.573395 -0.096162 -0.812485 0.574997 0.488176 -0.708084 -0.510197 -0.0231509 -0.0571632 0.998096 0.102595 -0.342905 0.933751 0.615764 -0.548398 0.565768 0.495741 -0.695211 0.520503 -0.328471 -0.772967 -0.542797 -0.108158 -0.811478 -0.574287 -0.0717089 -0.0769504 -0.994453 0.151082 -0.33867 -0.928696 0.217881 -0.975966 0.00438149 0.21788 -0.975966 0.00438152 </float_array>
          <technique_common>
            <accessor count="40" offset="0" source="#meshId56-tangents-array" stride="3">
              <param name="X" type="float" />
              <param name="Y" type="float" />
              <param name="Z" type="float" />
            </accessor>
          </technique_common>
        </source>
        <source id="meshId56-bitangents" name="meshId56-bitangents">
          <float_array id="meshId56-bitangents-array" count="120"> 0.676597 -0.171312 -0.716148 0.530217 0.368858 -0.763422 0.270319 0.492561 -0.827231 0.442991 -0.326572 -0.834931 0.97574 0.217251 -0.0270818 0.974608 0.221181 0.0349016 0.698577 -0.137358 0.702227 0.48329 -0.310164 0.818676 0.562964 0.361031 0.743457 0.310047 0.508764 0.803138 0.98091 0.183106 0.0654803 0.971644 0.219974 -0.0867127 0.765856 -0.642895 -0.0122751 -0.419751 -0.907435 0.0192361 -0.419751 -0.907435 0.0192358 0.765855 -0.642895 -0.0122754 -0.975671 -0.217699 0.0259316 -0.975672 -0.217698 0.0259316 -0.765856 0.642895 0.0122755 -0.765856 0.642895 0.0122753 0.419752 0.907435 -0.0192362 0.419751 0.907435 -0.0192365 0.975672 0.217698 -0.0259319 0.975671 0.217699 -0.0259317 0.765856 -0.642895 -0.0122748 0.765856 -0.642895 -0.0122751 -0.495447 0.321713 -0.806866 -0.303932 -0.493243 -0.815068 -0.572494 -0.427414 -0.699691 -0.661637 0.0809594 -0.745441 -0.976074 -0.214615 -0.0349316 -0.975545 -0.218122 0.0270855 -0.455715 0.337889 0.823501 -0.638203 0.114858 0.761252 -0.263639 -0.47681 0.838538 -0.540871 -0.436663 0.718877 -0.97311 -0.213407 0.0866832 -0.965527 -0.252014 -0.065171 0.975671 0.217698 -0.0259321 -0.975672 -0.217698 0.0259321 </float_array>
          <technique_common>
            <accessor count="40" offset="0" source="#meshId56-bitangents-array" stride="3">
              <param name="X" type="float" />
              <param name="Y" type="float" />
              <param name="Z" type="float" />
            </accessor>
          </technique_common>
        </source>
        <source id="meshId56-tex0" name="meshId56-tex0">
          <float_array id="meshId56-tex0-array" count="80"> 0.310907 0.261774 0.316535 0.261774 0.319349 0.266648 0.308093 0.266648 0.319349 0.256901 0.324977 0.256901 0.316535 0.252027 0.319349 0.247153 0.310907 0.252027 0.308093 0.247153 0.308093 0.256901 0.302465 0.256901 0.707349 0.948051 0.707349 0.956251 0.68609 0.956251 0.68609 0.948051 0.707349 0.96445 0.68609 0.96445 0.707349 0.97265 0.68609 0.97265 0.707349 0.98085 0.68609 0.98085 0.707349 0.989049 0.68609 0.989049 0.707349 0.997249 0.68609 0.997249 0.284807 0.248486 0.296063 0.248486 0.293249 0.25336 0.287621 0.25336 0.30169 0.258234 0.296062 0.258234 0.296063 0.267981 0.293249 0.263107 0.284807 0.267981 0.287621 0.263107 0.279179 0.258234 0.284807 0.258234 0.313721 0.257351 0.290435 0.258684 </float_array>
          <technique_common>
            <accessor count="40" offset="0" source="#meshId56-tex0-array" stride="2">
              <param name="S" type="float" />
              <param name="T" type="float" />
            </accessor>
          </technique_common>
        </source>
        <vertices id="meshId56-vertices">
          <input semantic="POSITION" source="#meshId56-positions" />
          <input semantic="NORMAL" source="#meshId56-normals" />
          <input semantic="TANGENT" source="#meshId56-tangents" />
          <input semantic="BINORMAL" source="#meshId56-bitangents" />
          <input semantic="TEXCOORD" source="#meshId56-tex0"  />
        </vertices>
        <polylist count="48" material="defaultMaterial">
          <input offset="0" semantic="VERTEX" source="#meshId56-vertices" />
          <vcount>3 3 3 3 3 3 3 3 3 3 3 3 3 3 3 3 3 3 3 3 3 3 3 3 3 3 3 3 3 3 3 3 3 3 3 3 3 3 3 3 3 3 3 3 3 3 3 3 </vcount>
          <p>3 0 1 1 2 3 2 1 4 4 5 2 5 4 6 6 7 5 7 6 8 8 9 7 9 8 10 10 11 9 11 10 0 0 3 11 15 12 13 13 14 15 14 13 16 16 17 14 17 16 18 18 19 17 19 18 20 20 21 19 21 20 22 22 23 21 23 22 24 24 25 23 29 26 27 27 28 29 28 27 30 30 31 28 31 30 32 32 33 31 33 32 34 34 35 33 35 34 36 36 37 35 37 36 26 26 29 37 1 0 38 4 1 38 6 4 38 8 6 38 10 8 38 0 10 38 29 28 39 28 31 39 31 33 39 33 35 39 35 37 39 37 29 39 </p>
        </polylist>
      </mesh>
    </geometry>
    <geometry id="meshId57" name="meshId57_name" >
      <mesh>
        <source id="meshId57-positions" name="meshId57-positions">
          <float_array id="meshId57-positions-array" count="120"> 0.551697 0.642753 0.285288 0.551697 0.61548 0.285288 0.566385 0.609832 0.240703 0.566385 0.648401 0.240703 0.520143 0.601844 0.284155 0.521761 0.590547 0.239101 0.488588 0.61548 0.283022 0.477136 0.609832 0.237498 0.488588 0.642753 0.283022 0.477136 0.648401 0.237498 0.520143 0.656389 0.284155 0.52176 0.667686 0.239101 0.566385 0.648401 0.240703 0.566385 0.609832 0.240703 0.570961 0.609832 0.113269 0.570961 0.648401 0.113269 0.521761 0.590547 0.239101 0.526337 0.590547 0.111667 0.477136 0.609832 0.237498 0.481712 0.609832 0.110064 0.477136 0.648401 0.237498 0.481712 0.648401 0.110064 0.52176 0.667686 0.239101 0.526337 0.667686 0.111667 0.566385 0.648401 0.240703 0.570961 0.648401 0.113269 0.570961 0.648401 0.113269 0.570961 0.609832 0.113269 0.559509 0.61548 0.0677454 0.559509 0.642753 0.0677454 0.526337 0.590547 0.111667 0.527955 0.601844 0.0666123 0.481712 0.609832 0.110064 0.4964 0.61548 0.0654792 0.481712 0.648401 0.110064 0.4964 0.642753 0.0654792 0.526337 0.667686 0.111667 0.527955 0.656389 0.0666123 0.519472 0.629117 0.302817 0.528625 0.629117 0.0479501 </float_array>
          <technique_common>
            <accessor count="40" offset="0" source="#meshId57-positions-array" stride="3">
              <param name="X" type="float" />
              <param name="Y" type="float" />
              <param name="Z" type="float" />
            </accessor>
          </technique_common>
        </source>
        <source id="meshId57-normals" name="meshId57-normals">
          <float_array id="meshId57-normals-array" count="120"> 0.704022 0.562487 0.433545 0.704022 -0.562487 0.433545 0.789724 -0.606297 0.093486 0.789724 0.606297 0.093486 -0.012959 -0.932524 0.360876 -0.001982 -0.998474 0.055186 -0.733306 -0.562488 0.38193 -0.794396 -0.606297 0.0366 -0.733306 0.562488 0.38193 -0.794396 0.606297 0.0366 -0.012959 0.932524 0.360876 -0.001982 0.998474 0.055186 0.789724 0.606297 0.093486 0.789724 -0.606297 0.093486 0.794396 -0.606297 -0.0366 0.794396 0.606297 -0.0366 -0.001982 -0.998474 0.055186 0.001982 -0.998474 -0.055186 -0.794396 -0.606297 0.0366 -0.789724 -0.606297 -0.093486 -0.794396 0.606297 0.0366 -0.789724 0.606297 -0.093486 -0.001982 0.998474 0.055186 0.001982 0.998474 -0.055186 0.789724 0.606297 0.093486 0.794396 0.606297 -0.0366 0.794396 0.606297 -0.0366 0.794396 -0.606297 -0.0366 0.733306 -0.562487 -0.38193 0.733306 0.562487 -0.38193 0.001982 -0.998474 -0.055186 0.012959 -0.932524 -0.360876 -0.789724 -0.606297 -0.093486 -0.704022 -0.562488 -0.433545 -0.789724 0.606297 -0.093486 -0.704022 0.562487 -0.433545 0.001982 0.998474 -0.055186 0.012959 0.932524 -0.360876 -0.035887 0 0.999356 0.035887 0 -0.999356 </float_array>
          <technique_common>
            <accessor count="40" offset="0" source="#meshId57-normals-array" stride="3">
              <param name="X" type="float" />
              <param name="Y" type="float" />
              <param name="Z" type="float" />
            </accessor>
          </technique_common>
        </source>
        <source id="meshId57-tangents" name="meshId57-tangents">
          <float_array id="meshId57-tangents-array" count="120"> 0.246107 -0.765881 0.594018 -0.299731 -0.788778 -0.536647 -0.445779 -0.671851 -0.591522 0.454328 -0.680435 0.574973 0.0323491 -0.361108 -0.931963 0.0966565 -0.055119 -0.99379 0.305703 -0.774536 -0.55375 0.494407 -0.680444 -0.540886 -0.353332 -0.795209 0.492747 -0.487067 -0.67186 0.558006 -0.131121 -0.359375 0.923936 0.0251092 -0.055119 0.998164 -0.0874718 -0.0395445 0.995382 -0.0874718 0.0395445 0.995382 0.0158497 -0.0395447 0.999092 0.0158496 0.0395448 0.999092 -0.0358323 0.0552216 0.997831 -0.0358323 -0.0552216 0.997831 0.0158497 0.0395447 0.999092 -0.0874718 -0.0395445 0.995382 0.0158496 -0.0395448 0.999092 -0.0874718 0.0395445 0.995382 -0.0358326 -0.0552216 0.997831 -0.0358326 0.0552216 0.997831 -0.0874718 -0.0395445 0.995382 0.0158496 0.0395448 0.999092 0.487059 -0.671851 -0.558023 -0.494399 -0.680436 0.540904 -0.305679 -0.774526 0.553778 0.353293 -0.795194 -0.492799 -0.0966407 -0.0551191 0.993792 -0.0322379 -0.361108 0.931967 0.445779 -0.671851 0.591521 0.299753 -0.788786 0.536623 -0.454329 -0.680436 -0.574972 -0.24613 -0.765892 -0.593994 -0.0251098 -0.055119 -0.998164 0.130997 -0.359379 -0.923952 -4.54903e-07 -1 -2.09887e-08 4.45368e-07 -1 -5.73084e-09 </float_array>
          <technique_common>
            <accessor count="40" offset="0" source="#meshId57-tangents-array" stride="3">
              <param name="X" type="float" />
              <param name="Y" type="float" />
              <param name="Z" type="float" />
            </accessor>
          </technique_common>
        </source>
        <source id="meshId57-bitangents" name="meshId57-bitangents">
          <float_array id="meshId57-bitangents-array" count="120"> 0.666171 -0.311503 -0.677629 0.643828 0.247865 -0.723912 0.421447 0.425465 -0.800851 0.412215 -0.411596 -0.812814 0.999393 -0.000403273 0.0348459 0.995316 0.00336439 0.0966182 0.607296 -0.289311 0.739926 0.352842 -0.411582 0.840299 0.580878 0.226386 0.781876 0.362907 0.425451 0.82903 0.991282 -0.0353452 0.126931 0.999683 0.00336404 -0.0249616 0.607194 -0.794254 0.0218046 -0.607194 -0.794254 -0.0218046 -0.607194 -0.794254 -0.0218045 0.607194 -0.794255 0.0218046 -0.999356 2.59606e-07 -0.0358871 -0.999356 -2.59839e-07 -0.0358871 -0.607194 0.794255 -0.0218045 -0.607194 0.794254 -0.0218046 0.607194 0.794254 0.0218046 0.607194 0.794254 0.0218046 0.999356 2.44007e-07 0.0358874 0.999356 -2.43774e-07 0.0358874 0.607194 -0.794254 0.0218046 0.607194 -0.794255 0.0218046 -0.362917 0.425465 -0.829018 -0.352852 -0.411596 -0.840288 -0.607308 -0.289341 -0.739905 -0.580901 0.226439 -0.781843 -0.995317 0.00336352 -0.0966025 -0.999396 -0.000443453 -0.0347423 -0.421446 0.425464 0.800852 -0.643818 0.247838 0.72393 -0.412215 -0.411596 0.812815 -0.666163 -0.311477 0.67765 -0.999683 0.00336407 0.0249622 -0.991298 -0.0353001 -0.126815 0.999356 -4.55363e-07 0.035887 -0.999356 -4.44875e-07 -0.035887 </float_array>
          <technique_common>
            <accessor count="40" offset="0" source="#meshId57-bitangents-array" stride="3">
              <param name="X" type="float" />
              <param name="Y" type="float" />
              <param name="Z" type="float" />
            </accessor>
          </technique_common>
        </source>
        <source id="meshId57-tex0" name="meshId57-tex0">
          <float_array id="meshId57-tex0-array" count="80"> 0.310907 0.241537 0.316535 0.241537 0.319349 0.246411 0.308093 0.246411 0.319349 0.236663 0.324977 0.236663 0.316535 0.23179 0.319349 0.226916 0.310907 0.23179 0.308093 0.226916 0.308093 0.236663 0.302465 0.236663 0.72961 0.948051 0.72961 0.956251 0.708352 0.956251 0.708352 0.948051 0.72961 0.96445 0.708352 0.96445 0.72961 0.97265 0.708352 0.97265 0.72961 0.98085 0.708352 0.98085 0.72961 0.989049 0.708352 0.989049 0.72961 0.997249 0.708352 0.997249 0.284807 0.228236 0.296063 0.228236 0.293249 0.23311 0.287621 0.23311 0.30169 0.237984 0.296062 0.237984 0.296063 0.247732 0.293249 0.242858 0.284807 0.247732 0.287621 0.242858 0.279179 0.237984 0.284807 0.237984 0.313721 0.237114 0.290435 0.238434 </float_array>
          <technique_common>
            <accessor count="40" offset="0" source="#meshId57-tex0-array" stride="2">
              <param name="S" type="float" />
              <param name="T" type="float" />
            </accessor>
          </technique_common>
        </source>
        <vertices id="meshId57-vertices">
          <input semantic="POSITION" source="#meshId57-positions" />
          <input semantic="NORMAL" source="#meshId57-normals" />
          <input semantic="TANGENT" source="#meshId57-tangents" />
          <input semantic="BINORMAL" source="#meshId57-bitangents" />
          <input semantic="TEXCOORD" source="#meshId57-tex0"  />
        </vertices>
        <polylist count="48" material="defaultMaterial">
          <input offset="0" semantic="VERTEX" source="#meshId57-vertices" />
          <vcount>3 3 3 3 3 3 3 3 3 3 3 3 3 3 3 3 3 3 3 3 3 3 3 3 3 3 3 3 3 3 3 3 3 3 3 3 3 3 3 3 3 3 3 3 3 3 3 3 </vcount>
          <p>3 0 1 1 2 3 2 1 4 4 5 2 5 4 6 6 7 5 7 6 8 8 9 7 9 8 10 10 11 9 11 10 0 0 3 11 15 12 13 13 14 15 14 13 16 16 17 14 17 16 18 18 19 17 19 18 20 20 21 19 21 20 22 22 23 21 23 22 24 24 25 23 29 26 27 27 28 29 28 27 30 30 31 28 31 30 32 32 33 31 33 32 34 34 35 33 35 34 36 36 37 35 37 36 26 26 29 37 1 0 38 4 1 38 6 4 38 8 6 38 10 8 38 0 10 38 29 28 39 28 31 39 31 33 39 33 35 39 35 37 39 37 29 39 </p>
        </polylist>
      </mesh>
    </geometry>
    <geometry id="meshId58" name="meshId58_name" >
      <mesh>
        <source id="meshId58-positions" name="meshId58-positions">
          <float_array id="meshId58-positions-array" count="120"> 0.702313 0.689138 0.309995 0.692574 0.663664 0.309799 0.703677 0.653717 0.26493 0.71745 0.689742 0.265207 0.658218 0.662205 0.309108 0.655091 0.651653 0.263953 0.633602 0.686219 0.308613 0.620278 0.685615 0.263253 0.643341 0.711693 0.308809 0.634051 0.72164 0.26353 0.677696 0.713152 0.3095 0.682637 0.723704 0.264507 0.71745 0.689742 0.265207 0.703677 0.653717 0.26493 0.706241 0.653717 0.13744 0.720014 0.689742 0.137717 0.655091 0.651653 0.263953 0.657655 0.651653 0.136463 0.620278 0.685615 0.263253 0.622842 0.685615 0.135762 0.634051 0.72164 0.26353 0.636615 0.72164 0.13604 0.682637 0.723704 0.264507 0.685201 0.723704 0.137017 0.71745 0.689742 0.265207 0.720014 0.689742 0.137717 0.720014 0.689742 0.137717 0.706241 0.653717 0.13744 0.696951 0.663664 0.0921602 0.70669 0.689138 0.0923561 0.657655 0.651653 0.136463 0.662595 0.662205 0.0914693 0.622842 0.685615 0.135762 0.637979 0.686219 0.0909742 0.636615 0.72164 0.13604 0.647718 0.711693 0.0911701 0.685201 0.723704 0.137017 0.682073 0.713152 0.091861 0.667582 0.687678 0.327975 0.67271 0.687678 0.0729946 </float_array>
          <technique_common>
            <accessor count="40" offset="0" source="#meshId58-positions-array" stride="3">
              <param name="X" type="float" />
              <param name="Y" type="float" />
              <param name="Z" type="float" />
            </accessor>
          </technique_common>
        </source>
        <source id="meshId58-normals" name="meshId58-normals">
          <float_array id="meshId58-normals-array" count="120"> 0.864217 0.268533 0.425464 0.462489 -0.782237 0.417384 0.522325 -0.849388 0.075603 0.955341 0.283221 0.084312 -0.340265 -0.871013 0.354339 -0.357665 -0.932614 0.048039 -0.880625 -0.268534 0.390372 -0.957959 -0.283221 0.045831 -0.478897 0.782237 0.398451 -0.524943 0.849388 0.05454 0.325742 0.871013 0.367733 0.355444 0.932614 0.062381 0.955341 0.283221 0.084312 0.522325 -0.849388 0.075603 0.524943 -0.849388 -0.05454 0.957959 0.283221 -0.045831 -0.357665 -0.932614 0.048039 -0.355444 -0.932614 -0.062381 -0.957959 -0.283221 0.045831 -0.955341 -0.283221 -0.084312 -0.524943 0.849388 0.05454 -0.522325 0.849388 -0.075603 0.355444 0.932614 0.062381 0.357665 0.932614 -0.048039 0.955341 0.283221 0.084312 0.957959 0.283221 -0.045831 0.957959 0.283221 -0.045831 0.524943 -0.849388 -0.05454 0.478897 -0.782237 -0.398451 0.880625 0.268533 -0.390372 -0.355444 -0.932614 -0.062381 -0.325742 -0.871013 -0.367733 -0.955341 -0.283221 -0.084312 -0.864217 -0.268533 -0.425464 -0.522325 0.849388 -0.075603 -0.462489 0.782237 -0.417384 0.357665 0.932614 -0.048039 0.340265 0.871013 -0.354339 -0.020108 0 0.999798 0.020108 0 -0.999798 </float_array>
          <technique_common>
            <accessor count="40" offset="0" source="#meshId58-normals-array" stride="3">
              <param name="X" type="float" />
              <param name="Y" type="float" />
              <param name="Z" type="float" />
            </accessor>
          </technique_common>
        </source>
        <source id="meshId58-tangents" name="meshId58-tangents">
          <float_array id="meshId58-tangents-array" count="120"> 0.502063 -0.405519 -0.763863 0.606477 -0.0642858 -0.792498 0.397084 0.163805 -0.903046 0.166583 -0.280504 -0.945287 0.927124 -0.373686 -0.0282721 0.933848 -0.357307 0.0161345 0.470946 -0.405538 0.783421 0.128459 -0.280574 0.951197 0.574088 -0.0643182 0.816264 0.360455 0.163806 0.918281 0.925221 -0.373714 0.0656085 0.933741 -0.357307 0.0214355 -0.0824612 -0.0184726 0.996423 -0.0542183 0.0553998 0.996991 0.0140875 -0.0553995 0.998365 0.0423299 0.0184724 0.998933 -0.000358009 0.0515788 0.998669 -0.0397969 -0.0515786 0.997876 0.0423299 0.0184724 0.998933 -0.0824612 -0.0184727 0.996423 0.0140876 -0.0553994 0.998365 -0.0542183 0.0553998 0.996991 -0.0397966 -0.0515787 0.997876 -0.000357756 0.0515787 0.998669 -0.0824612 -0.0184726 0.996423 0.0423299 0.0184724 0.998933 -0.154539 0.374781 -0.914143 -0.277985 -0.110531 -0.954205 -0.617331 0.0226214 -0.786378 -0.466395 0.346044 -0.814082 -0.933952 0.357033 -0.0161371 -0.940098 0.339751 0.0280133 -0.19117 0.37478 0.90719 -0.49875 0.346044 0.794671 -0.316128 -0.110532 0.942256 -0.64845 0.022621 0.760921 -0.933846 0.357034 -0.0214292 -0.938211 0.339753 -0.0657884 0.933837 -0.357206 0.0187814 -0.93385 0.35717 -0.0187817 </float_array>
          <technique_common>
            <accessor count="40" offset="0" source="#meshId58-tangents-array" stride="3">
              <param name="X" type="float" />
              <param name="Y" type="float" />
              <param name="Z" type="float" />
            </accessor>
          </technique_common>
        </source>
        <source id="meshId58-bitangents" name="meshId58-bitangents">
          <float_array id="meshId58-bitangents-array" count="120"> -0.0325889 0.873753 -0.485277 0.646753 0.619655 0.444678 0.754653 0.501704 0.422838 -0.244075 0.917117 -0.315157 0.157037 0.318896 0.93469 0.00211743 0.0506318 0.998715 -0.0520645 0.873744 0.483592 -0.25654 0.917095 0.305161 0.664139 0.619652 -0.418271 0.771043 0.501704 -0.392155 0.194573 0.318863 -0.927614 0.0422802 0.0506285 -0.997822 0.283766 -0.958877 0.00570708 -0.851021 -0.524853 -0.0171157 -0.851021 -0.524853 -0.0171158 0.283765 -0.958877 0.00570707 -0.93385 0.357172 -0.0187818 -0.93385 0.357171 -0.0187818 -0.283765 0.958877 -0.00570713 -0.283766 0.958877 -0.00570708 0.851021 0.524853 0.0171157 0.851021 0.524853 0.0171157 0.93385 -0.357171 0.0187815 0.93385 -0.357172 0.0187815 0.283766 -0.958877 0.00570708 0.283765 -0.958877 0.00570707 -0.241728 0.882794 0.402794 0.804462 0.516065 -0.29414 0.624148 0.62257 -0.472066 -0.0835218 0.898968 0.429978 0.0373217 0.052525 -0.997922 0.100538 0.35483 -0.929509 -0.225337 0.882794 -0.412187 -0.0661663 0.898968 -0.432987 0.791984 0.516064 0.326249 0.604662 0.62257 0.49678 -0.00283363 0.0525255 0.998616 0.0630851 0.35483 0.9328 0.357134 0.934026 0.0071827 0.357098 0.934039 0.00718198 </float_array>
          <technique_common>
            <accessor count="40" offset="0" source="#meshId58-bitangents-array" stride="3">
              <param name="X" type="float" />
              <param name="Y" type="float" />
              <param name="Z" type="float" />
            </accessor>
          </technique_common>
        </source>
        <source id="meshId58-tex0" name="meshId58-tex0">
          <float_array id="meshId58-tex0-array" count="80"> 0.153343 0.014626 0.153343 0.008998 0.158217 0.006184 0.158217 0.017439 0.148469 0.006184 0.148469 0.000556 0.143596 0.008998 0.138722 0.006184 0.143596 0.014625 0.138722 0.017439 0.148469 0.017439 0.148469 0.023067 0.751871 0.948051 0.751871 0.956251 0.730613 0.956251 0.730613 0.948051 0.751871 0.96445 0.730613 0.96445 0.751871 0.97265 0.730613 0.97265 0.751871 0.98085 0.730613 0.98085 0.751871 0.989049 0.730613 0.989049 0.751871 0.997249 0.730613 0.997249 0.143067 0.040726 0.143067 0.02947 0.147941 0.032284 0.147941 0.037912 0.152815 0.023842 0.152815 0.02947 0.162562 0.02947 0.157689 0.032284 0.162562 0.040726 0.157689 0.037912 0.152815 0.046354 0.152815 0.040726 0.14892 0.011812 0.153265 0.035098 </float_array>
          <technique_common>
            <accessor count="40" offset="0" source="#meshId58-tex0-array" stride="2">
              <param name="S" type="float" />
              <param name="T" type="float" />
            </accessor>
          </technique_common>
        </source>
        <vertices id="meshId58-vertices">
          <input semantic="POSITION" source="#meshId58-positions" />
          <input semantic="NORMAL" source="#meshId58-normals" />
          <input semantic="TANGENT" source="#meshId58-tangents" />
          <input semantic="BINORMAL" source="#meshId58-bitangents" />
          <input semantic="TEXCOORD" source="#meshId58-tex0"  />
        </vertices>
        <polylist count="48" material="defaultMaterial">
          <input offset="0" semantic="VERTEX" source="#meshId58-vertices" />
          <vcount>3 3 3 3 3 3 3 3 3 3 3 3 3 3 3 3 3 3 3 3 3 3 3 3 3 3 3 3 3 3 3 3 3 3 3 3 3 3 3 3 3 3 3 3 3 3 3 3 </vcount>
          <p>3 0 1 1 2 3 2 1 4 4 5 2 5 4 6 6 7 5 7 6 8 8 9 7 9 8 10 10 11 9 11 10 0 0 3 11 15 12 13 13 14 15 14 13 16 16 17 14 17 16 18 18 19 17 19 18 20 20 21 19 21 20 22 22 23 21 23 22 24 24 25 23 29 26 27 27 28 29 28 27 30 30 31 28 31 30 32 32 33 31 33 32 34 34 35 33 35 34 36 36 37 35 37 36 26 26 29 37 1 0 38 4 1 38 6 4 38 8 6 38 10 8 38 0 10 38 29 28 39 28 31 39 31 33 39 33 35 39 35 37 39 37 29 39 </p>
        </polylist>
      </mesh>
    </geometry>
    <geometry id="meshId59" name="meshId59_name" >
      <mesh>
        <source id="meshId59-positions" name="meshId59-positions">
          <float_array id="meshId59-positions-array" count="120"> 0.0814538 0.63872 0.272783 0.0814538 0.611447 0.272783 0.0954364 0.605799 0.227971 0.0954364 0.644368 0.227971 0.0498853 0.597811 0.272148 0.0507919 0.586514 0.227074 0.0183169 0.611447 0.271513 0.00614735 0.605799 0.226176 0.0183169 0.63872 0.271513 0.00614735 0.644368 0.226176 0.0498853 0.652356 0.272148 0.0507919 0.663652 0.227074 0.0954364 0.644368 0.227971 0.0954364 0.605799 0.227971 0.0980005 0.605799 0.100481 0.0980005 0.644368 0.100481 0.0507919 0.586514 0.227074 0.053356 0.586514 0.0995836 0.00614735 0.605799 0.226176 0.00871143 0.605799 0.0986857 0.00614735 0.644368 0.226176 0.00871143 0.644368 0.0986857 0.0507919 0.663652 0.227074 0.053356 0.663652 0.0995836 0.0954364 0.644368 0.227971 0.0980005 0.644368 0.100481 0.0980005 0.644368 0.100481 0.0980005 0.605799 0.100481 0.0858309 0.611447 0.0551439 0.0858309 0.63872 0.0551439 0.053356 0.586514 0.0995836 0.0542625 0.597811 0.054509 0.00871143 0.605799 0.0986857 0.022694 0.611447 0.0538741 0.00871143 0.644368 0.0986857 0.022694 0.63872 0.0538741 0.053356 0.663652 0.0995836 0.0542625 0.652356 0.054509 0.0495098 0.625083 0.290819 0.054638 0.625083 0.0358385 </float_array>
          <technique_common>
            <accessor count="40" offset="0" source="#meshId59-positions-array" stride="3">
              <param name="X" type="float" />
              <param name="Y" type="float" />
              <param name="Z" type="float" />
            </accessor>
          </technique_common>
        </source>
        <source id="meshId59-normals" name="meshId59-normals">
          <float_array id="meshId59-normals-array" count="120"> 0.710778 0.562487 0.422378 0.710778 -0.562487 0.422378 0.791102 -0.606297 0.081008 0.791101 0.606297 0.081008 -0.007261 -0.932524 0.361036 -0.00111 -0.998474 0.05521 -0.727185 -0.562488 0.393458 -0.793719 -0.606297 0.049135 -0.727185 0.562488 0.393458 -0.793719 0.606297 0.049135 -0.007261 0.932524 0.361036 -0.001111 0.998474 0.05521 0.791101 0.606297 0.081008 0.791102 -0.606297 0.081008 0.793719 -0.606297 -0.049135 0.793719 0.606297 -0.049135 -0.00111 -0.998474 0.05521 0.001111 -0.998474 -0.05521 -0.793719 -0.606297 0.049135 -0.791101 -0.606297 -0.081008 -0.793719 0.606297 0.049135 -0.791102 0.606297 -0.081008 -0.001111 0.998474 0.05521 0.00111 0.998474 -0.05521 0.791101 0.606297 0.081008 0.793719 0.606297 -0.049135 0.793719 0.606297 -0.049135 0.793719 -0.606297 -0.049135 0.727186 -0.562487 -0.393457 0.727186 0.562487 -0.393458 0.001111 -0.998474 -0.05521 0.007261 -0.932524 -0.361036 -0.791101 -0.606297 -0.081008 -0.710778 -0.562488 -0.422378 -0.791102 0.606297 -0.081008 -0.710778 0.562487 -0.422378 0.00111 0.998474 -0.05521 0.007261 0.932524 -0.361036 -0.020108 0 0.999798 0.020108 0 -0.999798 </float_array>
          <technique_common>
            <accessor count="40" offset="0" source="#meshId59-normals-array" stride="3">
              <param name="X" type="float" />
              <param name="Y" type="float" />
              <param name="Z" type="float" />
            </accessor>
          </technique_common>
        </source>
        <source id="meshId59-tangents" name="meshId59-tangents">
          <float_array id="meshId59-tangents-array" count="120"> 0.255476 -0.765892 0.590035 -0.308184 -0.788786 -0.531826 -0.455061 -0.671851 -0.584411 0.463348 -0.680435 0.567729 0.0175229 -0.361109 -0.932359 0.0809419 -0.0551186 -0.995194 0.296899 -0.774525 -0.558535 0.4858 -0.680435 -0.54864 -0.345471 -0.795194 0.498314 -0.47819 -0.671851 0.565642 -0.116396 -0.359379 0.925904 0.0408622 -0.0551186 0.997643 -0.0717483 -0.0395442 0.996639 -0.0717482 0.0395442 0.996639 0.0316184 -0.0395448 0.998717 0.0316184 0.0395448 0.998717 -0.0200773 0.0552212 0.998272 -0.0200772 -0.0552212 0.998272 0.0316184 0.0395448 0.998717 -0.0717483 -0.0395442 0.996639 0.0316184 -0.0395448 0.998717 -0.0717483 0.0395442 0.996639 -0.0200772 -0.0552212 0.998272 -0.0200773 0.0552212 0.998272 -0.0717483 -0.0395442 0.996639 0.0316184 0.0395448 0.998717 0.47819 -0.671851 -0.565642 -0.4858 -0.680436 0.54864 -0.296899 -0.774525 0.558535 0.34547 -0.795194 -0.498313 -0.0809421 -0.0551186 0.995194 -0.0175137 -0.361109 0.932359 0.45507 -0.67186 0.584394 0.308205 -0.788794 0.531802 -0.463356 -0.680444 -0.567713 -0.255478 -0.765893 -0.590032 -0.0408768 -0.0551185 -0.997643 0.116401 -0.359379 -0.925904 1.78623e-07 -1 1.07918e-09 -1.65525e-07 -1 -1.00476e-09 </float_array>
          <technique_common>
            <accessor count="40" offset="0" source="#meshId59-tangents-array" stride="3">
              <param name="X" type="float" />
              <param name="Y" type="float" />
              <param name="Z" type="float" />
            </accessor>
          </technique_common>
        </source>
        <source id="meshId59-bitangents" name="meshId59-bitangents">
          <float_array id="meshId59-bitangents-array" count="120"> 0.655383 -0.311476 -0.688081 0.632311 0.24784 -0.734001 0.408752 0.425465 -0.807404 0.399333 -0.411596 -0.81922 0.99982 -0.000443449 0.0189626 0.996718 0.00336414 0.0808795 0.618912 -0.289341 0.730226 0.366072 -0.411596 0.834614 0.59317 0.226438 0.772576 0.375959 0.425465 0.823186 0.993176 -0.0353 0.111151 0.999164 0.00336438 -0.0407386 0.607463 -0.794254 0.0122173 -0.607462 -0.794255 -0.0122173 -0.607462 -0.794255 -0.0122173 0.607462 -0.794255 0.0122173 -0.999798 -3.85335e-07 -0.020108 -0.999798 -6.15488e-07 -0.020108 -0.607462 0.794255 -0.0122173 -0.607463 0.794254 -0.0122173 0.607462 0.794255 0.0122173 0.607462 0.794255 0.0122173 0.999798 6.15604e-07 0.020108 0.999798 3.85218e-07 0.020108 0.607463 -0.794254 0.0122173 0.607462 -0.794255 0.0122173 -0.375958 0.425465 -0.823186 -0.366072 -0.411596 -0.834614 -0.618911 -0.289342 -0.730226 -0.59317 0.226438 -0.772577 -0.996718 0.00336316 -0.0808799 -0.99982 -0.000446776 -0.018954 -0.408743 0.425451 0.807416 -0.632301 0.247814 0.734019 -0.399324 -0.411583 0.819231 -0.655382 -0.311474 0.688083 -0.999164 0.00336419 0.0407533 -0.993176 -0.0353019 -0.111156 0.999798 1.78609e-07 0.020108 -0.999798 1.65511e-07 -0.020108 </float_array>
          <technique_common>
            <accessor count="40" offset="0" source="#meshId59-bitangents-array" stride="3">
              <param name="X" type="float" />
              <param name="Y" type="float" />
              <param name="Z" type="float" />
            </accessor>
          </technique_common>
        </source>
        <source id="meshId59-tex0" name="meshId59-tex0">
          <float_array id="meshId59-tex0-array" count="80"> 0.310907 0.123006 0.316535 0.123006 0.319349 0.12788 0.308093 0.12788 0.319349 0.118132 0.324977 0.118132 0.316535 0.113258 0.319349 0.108384 0.310907 0.113258 0.308093 0.108384 0.308093 0.118132 0.302465 0.118132 0.774132 0.948051 0.774132 0.956251 0.752874 0.956251 0.752874 0.948051 0.774132 0.96445 0.752874 0.96445 0.774132 0.97265 0.752874 0.97265 0.774132 0.98085 0.752874 0.98085 0.774132 0.989049 0.752874 0.989049 0.774132 0.997249 0.752874 0.997249 0.284807 0.107279 0.296063 0.107279 0.293249 0.112153 0.287621 0.112153 0.30169 0.117027 0.296062 0.117027 0.296063 0.126774 0.293249 0.1219 0.284807 0.126774 0.287621 0.1219 0.279179 0.117027 0.284807 0.117027 0.313721 0.118582 0.290435 0.117477 </float_array>
          <technique_common>
            <accessor count="40" offset="0" source="#meshId59-tex0-array" stride="2">
              <param name="S" type="float" />
              <param name="T" type="float" />
            </accessor>
          </technique_common>
        </source>
        <vertices id="meshId59-vertices">
          <input semantic="POSITION" source="#meshId59-positions" />
          <input semantic="NORMAL" source="#meshId59-normals" />
          <input semantic="TANGENT" source="#meshId59-tangents" />
          <input semantic="BINORMAL" source="#meshId59-bitangents" />
          <input semantic="TEXCOORD" source="#meshId59-tex0"  />
        </vertices>
        <polylist count="48" material="defaultMaterial">
          <input offset="0" semantic="VERTEX" source="#meshId59-vertices" />
          <vcount>3 3 3 3 3 3 3 3 3 3 3 3 3 3 3 3 3 3 3 3 3 3 3 3 3 3 3 3 3 3 3 3 3 3 3 3 3 3 3 3 3 3 3 3 3 3 3 3 </vcount>
          <p>3 0 1 1 2 3 2 1 4 4 5 2 5 4 6 6 7 5 7 6 8 8 9 7 9 8 10 10 11 9 11 10 0 0 3 11 15 12 13 13 14 15 14 13 16 16 17 14 17 16 18 18 19 17 19 18 20 20 21 19 21 20 22 22 23 21 23 22 24 24 25 23 29 26 27 27 28 29 28 27 30 30 31 28 31 30 32 32 33 31 33 32 34 34 35 33 35 34 36 36 37 35 37 36 26 26 29 37 1 0 38 4 1 38 6 4 38 8 6 38 10 8 38 0 10 38 29 28 39 28 31 39 31 33 39 33 35 39 35 37 39 37 29 39 </p>
        </polylist>
      </mesh>
    </geometry>
    <geometry id="meshId60" name="meshId60_name" >
      <mesh>
        <source id="meshId60-positions" name="meshId60-positions">
          <float_array id="meshId60-positions-array" count="120"> 0.169682 0.643101 0.266773 0.174205 0.616206 0.266864 0.190557 0.613078 0.222611 0.184161 0.651113 0.222482 0.145379 0.597525 0.265124 0.149791 0.58666 0.22015 0.112031 0.605739 0.263293 0.10263 0.598276 0.217561 0.107509 0.632634 0.263202 0.0962343 0.636312 0.217432 0.136334 0.651315 0.264942 0.137 0.66273 0.219893 0.184161 0.651113 0.222482 0.190557 0.613078 0.222611 0.197738 0.613855 0.0952995 0.191342 0.65189 0.0951709 0.149791 0.58666 0.22015 0.156972 0.587437 0.0928389 0.10263 0.598276 0.217561 0.109811 0.599053 0.0902497 0.0962343 0.636312 0.217432 0.103415 0.637088 0.0901211 0.137 0.66273 0.219893 0.144181 0.663507 0.0925817 0.184161 0.651113 0.222482 0.191342 0.65189 0.0951709 0.191342 0.65189 0.0951709 0.197738 0.613855 0.0952995 0.186463 0.617532 0.0495299 0.181941 0.644427 0.0494389 0.156972 0.587437 0.0928389 0.157638 0.598852 0.04779 0.109811 0.599053 0.0902497 0.12429 0.607066 0.0459591 0.103415 0.637088 0.0901211 0.119767 0.633961 0.0458682 0.144181 0.663507 0.0925817 0.148593 0.652641 0.0476081 0.139805 0.624306 0.283677 0.154167 0.62586 0.0290547 </float_array>
          <technique_common>
            <accessor count="40" offset="0" source="#meshId60-positions-array" stride="3">
              <param name="X" type="float" />
              <param name="Y" type="float" />
              <param name="Z" type="float" />
            </accessor>
          </technique_common>
        </source>
        <source id="meshId60-normals" name="meshId60-normals">
          <float_array id="meshId60-normals-array" count="120"> 0.591768 0.671399 0.446132 0.778308 -0.437996 0.449884 0.877192 -0.466937 0.111818 0.676123 0.728863 0.107774 0.134293 -0.921809 0.363639 0.162454 -0.984983 0.058463 -0.637721 -0.676371 0.368558 -0.683454 -0.729657 0.022186 -0.824261 0.433025 0.364807 -0.884523 0.466144 0.018143 -0.174964 0.917409 0.357419 -0.168674 0.98431 0.051803 0.676123 0.728863 0.107774 0.877192 -0.466937 0.111818 0.884523 -0.466144 -0.018143 0.683454 0.729656 -0.022186 0.162454 -0.984983 0.058463 0.168674 -0.98431 -0.051803 -0.683454 -0.729657 0.022186 -0.676123 -0.728863 -0.107774 -0.884523 0.466144 0.018143 -0.877192 0.466937 -0.111818 -0.168674 0.98431 0.051803 -0.162454 0.984983 -0.058463 0.676123 0.728863 0.107774 0.683454 0.729656 -0.022186 0.683454 0.729656 -0.022186 0.884523 -0.466144 -0.018143 0.824261 -0.433024 -0.364806 0.637721 0.67637 -0.368558 0.168674 -0.98431 -0.051803 0.174964 -0.917409 -0.357419 -0.676123 -0.728863 -0.107774 -0.591768 -0.671399 -0.446132 -0.877192 0.466937 -0.111818 -0.778308 0.437996 -0.449884 -0.162454 0.984983 -0.058463 -0.134293 0.921809 -0.363639 -0.056314 -0.006093 0.998394 0.056314 0.006093 -0.998394 </float_array>
          <technique_common>
            <accessor count="40" offset="0" source="#meshId60-normals-array" stride="3">
              <param name="X" type="float" />
              <param name="Y" type="float" />
              <param name="Z" type="float" />
            </accessor>
          </technique_common>
        </source>
        <source id="meshId60-tangents" name="meshId60-tangents">
          <float_array id="meshId60-tangents-array" count="120"> 0.357201 -0.714541 0.60153 -0.153482 -0.82749 -0.540096 -0.315714 -0.736396 -0.598369 0.548723 -0.595742 0.58651 0.111292 -0.350611 -0.929885 0.125251 -0.0381855 -0.99139 0.441433 -0.713031 -0.544724 0.611611 -0.588946 -0.528275 -0.226823 -0.842866 0.487984 -0.380497 -0.743414 0.550052 -0.089039 -0.376274 0.92222 0.012989 -0.0503318 0.998648 -0.100533 -0.0536443 0.993487 -0.113647 0.0243497 0.993223 0.0012577 -0.036509 0.999333 -0.0118575 0.0414844 0.999069 -0.0653851 0.0483737 0.996687 -0.0470717 -0.0605401 0.997055 -0.0118576 0.0414845 0.999069 -0.100533 -0.0536443 0.993487 0.00125768 -0.036509 0.999333 -0.113647 0.0243497 0.993223 -0.0470717 -0.0605401 0.997055 -0.065385 0.0483737 0.996687 -0.100533 -0.0536443 0.993487 -0.0118575 0.0414844 0.999069 0.603301 -0.581689 -0.545588 -0.385947 -0.753085 0.53283 -0.184549 -0.814574 0.549919 0.490503 -0.725518 -0.482732 -0.106958 -0.0705236 0.991759 0.00857348 -0.361585 0.9323 0.538523 -0.588697 0.602851 0.41509 -0.728224 0.545336 -0.323067 -0.746282 -0.581972 -0.10323 -0.796023 -0.596399 0.00529083 -0.0583797 -0.99828 0.208098 -0.332546 -0.919842 0.165817 -0.986151 0.00333455 0.165817 -0.986151 0.00333456 </float_array>
          <technique_common>
            <accessor count="40" offset="0" source="#meshId60-tangents-array" stride="3">
              <param name="X" type="float" />
              <param name="Y" type="float" />
              <param name="Z" type="float" />
            </accessor>
          </technique_common>
        </source>
        <source id="meshId60-bitangents" name="meshId60-bitangents">
          <float_array id="meshId60-bitangents-array" count="120"> 0.722647 -0.196608 -0.662667 0.608835 0.351312 -0.711267 0.361743 0.489583 -0.793379 0.491692 -0.337415 -0.802739 0.984672 0.165347 0.0555055 0.978734 0.168378 0.117167 0.631228 -0.184688 0.753287 0.398526 -0.347482 0.848783 0.518792 0.31948 0.792961 0.269891 0.47963 0.834933 0.980541 0.129531 0.14752 0.985586 0.169119 -0.00429552 0.729897 -0.682554 0.0370046 -0.466495 -0.883955 -0.0317067 -0.466495 -0.883955 -0.0317067 0.729897 -0.682555 0.0370046 -0.984547 -0.165738 -0.0565447 -0.984547 -0.165739 -0.0565447 -0.729898 0.682554 -0.0370047 -0.729897 0.682554 -0.0370047 0.466495 0.883955 0.0317068 0.466495 0.883955 0.0317068 0.984547 0.165739 0.0565447 0.984547 0.165738 0.0565446 0.729897 -0.682554 0.0370046 0.729897 -0.682555 0.0370046 -0.410997 0.3595 -0.83776 -0.262039 -0.464298 -0.846028 -0.53529 -0.385952 -0.751336 -0.593901 0.127069 -0.79444 -0.979852 -0.161743 -0.117175 -0.984537 -0.166183 -0.055399 -0.502842 0.349563 0.790541 -0.691022 0.137527 0.70963 -0.355192 -0.474377 0.805485 -0.619338 -0.417741 0.664765 -0.986702 -0.162484 0.00427264 -0.968845 -0.199201 -0.147168 0.984547 0.165739 0.0565444 -0.984547 -0.165738 -0.0565444 </float_array>
          <technique_common>
            <accessor count="40" offset="0" source="#meshId60-bitangents-array" stride="3">
              <param name="X" type="float" />
              <param name="Y" type="float" />
              <param name="Z" type="float" />
            </accessor>
          </technique_common>
        </source>
        <source id="meshId60-tex0" name="meshId60-tex0">
          <float_array id="meshId60-tex0-array" count="80"> 0.310907 0.062776 0.316535 0.062776 0.319349 0.06765 0.308093 0.06765 0.319349 0.057902 0.324977 0.057902 0.316535 0.053029 0.319349 0.048155 0.310907 0.053029 0.308093 0.048155 0.308093 0.057902 0.302465 0.057902 0.796393 0.948051 0.796393 0.956251 0.775135 0.956251 0.775135 0.948051 0.796393 0.96445 0.775135 0.96445 0.796393 0.97265 0.775135 0.97265 0.796393 0.98085 0.775135 0.98085 0.796393 0.989049 0.775135 0.989049 0.796393 0.997249 0.775135 0.997249 0.284807 0.067527 0.296063 0.067527 0.293249 0.072401 0.287621 0.072401 0.30169 0.077275 0.296062 0.077275 0.296063 0.087023 0.293249 0.082149 0.284807 0.087023 0.287621 0.082149 0.279179 0.077275 0.284807 0.077275 0.313721 0.058353 0.290435 0.077725 </float_array>
          <technique_common>
            <accessor count="40" offset="0" source="#meshId60-tex0-array" stride="2">
              <param name="S" type="float" />
              <param name="T" type="float" />
            </accessor>
          </technique_common>
        </source>
        <vertices id="meshId60-vertices">
          <input semantic="POSITION" source="#meshId60-positions" />
          <input semantic="NORMAL" source="#meshId60-normals" />
          <input semantic="TANGENT" source="#meshId60-tangents" />
          <input semantic="BINORMAL" source="#meshId60-bitangents" />
          <input semantic="TEXCOORD" source="#meshId60-tex0"  />
        </vertices>
        <polylist count="48" material="defaultMaterial">
          <input offset="0" semantic="VERTEX" source="#meshId60-vertices" />
          <vcount>3 3 3 3 3 3 3 3 3 3 3 3 3 3 3 3 3 3 3 3 3 3 3 3 3 3 3 3 3 3 3 3 3 3 3 3 3 3 3 3 3 3 3 3 3 3 3 3 </vcount>
          <p>3 0 1 1 2 3 2 1 4 4 5 2 5 4 6 6 7 5 7 6 8 8 9 7 9 8 10 10 11 9 11 10 0 0 3 11 15 12 13 13 14 15 14 13 16 16 17 14 17 16 18 18 19 17 19 18 20 20 21 19 21 20 22 22 23 21 23 22 24 24 25 23 29 26 27 27 28 29 28 27 30 30 31 28 31 30 32 32 33 31 33 32 34 34 35 33 35 34 36 36 37 35 37 36 26 26 29 37 1 0 38 4 1 38 6 4 38 8 6 38 10 8 38 0 10 38 29 28 39 28 31 39 31 33 39 33 35 39 35 37 39 37 29 39 </p>
        </polylist>
      </mesh>
    </geometry>
    <geometry id="meshId61" name="meshId61_name" >
      <mesh>
        <source id="meshId61-positions" name="meshId61-positions">
          <float_array id="meshId61-positions-array" count="120"> 0.260442 0.643475 0.291594 0.264154 0.616461 0.292077 0.281996 0.612431 0.248478 0.276747 0.650635 0.247795 0.234866 0.598623 0.289446 0.240577 0.587204 0.244756 0.201866 0.607799 0.286331 0.193907 0.600181 0.240351 0.198154 0.634814 0.285848 0.188658 0.638385 0.239668 0.227442 0.652652 0.288479 0.230077 0.663612 0.24339 0.276747 0.650635 0.247795 0.281996 0.612431 0.248478 0.2938 0.611781 0.121511 0.28855 0.649986 0.120828 0.240577 0.587204 0.244756 0.25238 0.586555 0.11779 0.193907 0.600181 0.240351 0.205711 0.599532 0.113385 0.188658 0.638385 0.239668 0.200461 0.637736 0.112701 0.230077 0.663612 0.24339 0.241881 0.662963 0.116423 0.276747 0.650635 0.247795 0.28855 0.649986 0.120828 0.28855 0.649986 0.120828 0.2938 0.611781 0.121511 0.284304 0.615353 0.0753317 0.280592 0.642367 0.0748485 0.25238 0.586555 0.11779 0.255016 0.597515 0.0727001 0.205711 0.599532 0.113385 0.222016 0.606691 0.0695852 0.200461 0.637736 0.112701 0.218304 0.633705 0.0691021 0.241881 0.662963 0.116423 0.247592 0.651544 0.0717337 0.229425 0.625732 0.307556 0.253032 0.624434 0.053623 </float_array>
          <technique_common>
            <accessor count="40" offset="0" source="#meshId61-positions-array" stride="3">
              <param name="X" type="float" />
              <param name="Y" type="float" />
              <param name="Z" type="float" />
            </accessor>
          </technique_common>
        </source>
        <source id="meshId61-normals" name="meshId61-normals">
          <float_array id="meshId61-normals-array" count="120"> 0.59499 0.657879 0.461716 0.748112 -0.456448 0.481647 0.858258 -0.491515 0.147668 0.693211 0.709602 0.126184 0.0934999 -0.921859 0.376076 0.130791 -0.988743 0.072674 -0.670524 -0.653726 0.35077 -0.705261 -0.70894 0.003425 -0.823645 0.460602 0.330839 -0.870308 0.492177 -0.018059 -0.160353 0.925536 0.343032 -0.141015 0.989305 0.037293 0.693211 0.709602 0.126184 0.858258 -0.491515 0.147668 0.870308 -0.492177 0.018059 0.705261 0.70894 -0.003425 0.130791 -0.988743 0.072674 0.141015 -0.989305 -0.037293 -0.705261 -0.70894 0.003425 -0.693212 -0.709602 -0.126184 -0.870308 0.492177 -0.018059 -0.858258 0.491515 -0.147668 -0.141015 0.989305 0.037293 -0.130791 0.988743 -0.072674 0.693211 0.709602 0.126184 0.705261 0.70894 -0.003425 0.705261 0.70894 -0.003425 0.870308 -0.492177 0.018059 0.823645 -0.460602 -0.330839 0.670524 0.653725 -0.350771 0.141015 -0.989305 -0.037293 0.160353 -0.925536 -0.343032 -0.693212 -0.709602 -0.126184 -0.59499 -0.657879 -0.461716 -0.858258 0.491515 -0.147668 -0.748112 0.456448 -0.481647 -0.130791 0.988743 -0.072674 -0.0934999 0.921859 -0.376076 -0.092566 0.00509 0.995694 0.092566 -0.00509 -0.995694 </float_array>
          <technique_common>
            <accessor count="40" offset="0" source="#meshId61-normals-array" stride="3">
              <param name="X" type="float" />
              <param name="Y" type="float" />
              <param name="Z" type="float" />
            </accessor>
          </technique_common>
        </source>
        <source id="meshId61-tangents" name="meshId61-tangents">
          <float_array id="meshId61-tangents-array" count="120"> 0.313761 -0.719005 0.62015 -0.158481 -0.827736 -0.538272 -0.315677 -0.732447 -0.603216 0.509141 -0.606053 0.611127 0.13425 -0.362607 -0.922222 0.159839 -0.0513148 -0.985809 0.439378 -0.730892 -0.52225 0.612489 -0.611729 -0.500644 -0.269333 -0.831099 0.486554 -0.422146 -0.726582 0.5421 -0.133417 -0.364663 0.921532 -0.0246533 -0.0411668 0.998848 -0.137976 -0.0411819 0.989579 -0.148741 0.0371588 0.988178 -0.0359985 -0.0270005 0.998987 -0.0467634 0.0513402 0.997586 -0.0999408 0.0597811 0.993196 -0.0849084 -0.0496162 0.995153 -0.0467632 0.05134 0.997586 -0.137976 -0.0411813 0.989579 -0.0359983 -0.0270003 0.998987 -0.148741 0.0371588 0.988178 -0.0849086 -0.0496163 0.995153 -0.099941 0.0597811 0.993196 -0.137976 -0.041182 0.989579 -0.046763 0.0513398 0.997586 0.60503 -0.604395 -0.51831 -0.427255 -0.736252 0.524772 -0.228532 -0.803494 0.5497 0.485781 -0.744232 -0.458406 -0.14482 -0.0578775 0.987764 -0.0359577 -0.352776 0.935017 0.498561 -0.598548 0.627039 0.373185 -0.734915 0.566244 -0.323901 -0.741945 -0.587031 -0.105267 -0.798282 -0.593013 0.0396715 -0.0680254 -0.996895 0.231228 -0.347296 -0.908801 0.136111 -0.990535 0.0177173 0.13611 -0.990535 0.0177173 </float_array>
          <technique_common>
            <accessor count="40" offset="0" source="#meshId61-tangents-array" stride="3">
              <param name="X" type="float" />
              <param name="Y" type="float" />
              <param name="Z" type="float" />
            </accessor>
          </technique_common>
        </source>
        <source id="meshId61-bitangents" name="meshId61-bitangents">
          <float_array id="meshId61-bitangents-array" count="120"> 0.73996 -0.224115 -0.634217 0.64437 0.326355 -0.691577 0.404648 0.4711 -0.783788 0.510131 -0.359395 -0.78141 0.986527 0.136716 0.0898555 0.97844 0.140551 0.151328 0.597783 -0.19606 0.777313 0.357022 -0.350987 0.865646 0.499068 0.311642 0.808586 0.253688 0.479417 0.84012 0.978002 0.102004 0.181957 0.9897 0.139933 0.0301948 0.707404 -0.703398 0.0693601 -0.491191 -0.870076 -0.0412165 -0.491191 -0.870076 -0.0412164 0.707404 -0.703398 0.0693606 -0.98636 -0.137164 -0.090997 -0.98636 -0.137165 -0.0909969 -0.707404 0.703398 -0.0693604 -0.707404 0.703398 -0.0693607 0.491191 0.870076 0.0412161 0.491191 0.870076 0.0412165 0.98636 0.137165 0.0909971 0.98636 0.137164 0.0909971 0.707404 -0.703398 0.0693601 0.707404 -0.703398 0.0693601 -0.369521 0.363471 -0.855186 -0.244985 -0.464429 -0.851051 -0.51902 -0.37715 -0.767056 -0.560726 0.136974 -0.816593 -0.979358 -0.133889 -0.151433 -0.986405 -0.137598 -0.0898488 -0.520475 0.37176 0.7687 -0.711843 0.164604 0.682778 -0.398096 -0.455995 0.795983 -0.65517 -0.392938 0.645253 -0.990616 -0.133268 -0.0303278 -0.968396 -0.171932 -0.180688 0.98636 0.137164 0.090997 -0.98636 -0.137164 -0.090997 </float_array>
          <technique_common>
            <accessor count="40" offset="0" source="#meshId61-bitangents-array" stride="3">
              <param name="X" type="float" />
              <param name="Y" type="float" />
              <param name="Z" type="float" />
            </accessor>
          </technique_common>
        </source>
        <source id="meshId61-tex0" name="meshId61-tex0">
          <float_array id="meshId61-tex0-array" count="80"> 0.310907 0.083013 0.316535 0.083013 0.319349 0.087887 0.308093 0.087887 0.319349 0.07814 0.324977 0.07814 0.316535 0.073266 0.319349 0.068392 0.310907 0.073266 0.308093 0.068392 0.308093 0.07814 0.302465 0.07814 0.818447 0.948051 0.818447 0.956251 0.797188 0.956251 0.797188 0.948051 0.818447 0.96445 0.797188 0.96445 0.818447 0.97265 0.797188 0.97265 0.818447 0.98085 0.797188 0.98085 0.818447 0.989049 0.797188 0.989049 0.818447 0.997249 0.797188 0.997249 0.284807 0.087283 0.296063 0.087283 0.293249 0.092156 0.287621 0.092156 0.30169 0.09703 0.296062 0.09703 0.296063 0.106778 0.293249 0.101904 0.284807 0.106778 0.287621 0.101904 0.279179 0.09703 0.284807 0.09703 0.313721 0.07859 0.290435 0.09748 </float_array>
          <technique_common>
            <accessor count="40" offset="0" source="#meshId61-tex0-array" stride="2">
              <param name="S" type="float" />
              <param name="T" type="float" />
            </accessor>
          </technique_common>
        </source>
        <vertices id="meshId61-vertices">
          <input semantic="POSITION" source="#meshId61-positions" />
          <input semantic="NORMAL" source="#meshId61-normals" />
          <input semantic="TANGENT" source="#meshId61-tangents" />
          <input semantic="BINORMAL" source="#meshId61-bitangents" />
          <input semantic="TEXCOORD" source="#meshId61-tex0"  />
        </vertices>
        <polylist count="48" material="defaultMaterial">
          <input offset="0" semantic="VERTEX" source="#meshId61-vertices" />
          <vcount>3 3 3 3 3 3 3 3 3 3 3 3 3 3 3 3 3 3 3 3 3 3 3 3 3 3 3 3 3 3 3 3 3 3 3 3 3 3 3 3 3 3 3 3 3 3 3 3 </vcount>
          <p>3 0 1 1 2 3 2 1 4 4 5 2 5 4 6 6 7 5 7 6 8 8 9 7 9 8 10 10 11 9 11 10 0 0 3 11 15 12 13 13 14 15 14 13 16 16 17 14 17 16 18 18 19 17 19 18 20 20 21 19 21 20 22 22 23 21 23 22 24 24 25 23 29 26 27 27 28 29 28 27 30 30 31 28 31 30 32 32 33 31 33 32 34 34 35 33 35 34 36 36 37 35 37 36 26 26 29 37 1 0 38 4 1 38 6 4 38 8 6 38 10 8 38 0 10 38 29 28 39 28 31 39 31 33 39 33 35 39 35 37 39 37 29 39 </p>
        </polylist>
      </mesh>
    </geometry>
    <geometry id="meshId62" name="meshId62_name" >
      <mesh>
        <source id="meshId62-positions" name="meshId62-positions">
          <float_array id="meshId62-positions-array" count="120"> 0.641573 0.633995 0.310162 0.637645 0.607011 0.30969 0.655056 0.599525 0.266374 0.660611 0.637686 0.267041 0.604663 0.598099 0.305728 0.608413 0.586922 0.260771 0.575609 0.616172 0.302238 0.567325 0.61248 0.255835 0.579538 0.643156 0.30271 0.57288 0.650642 0.256503 0.612519 0.652067 0.306672 0.619523 0.663244 0.262105 0.660611 0.637686 0.267041 0.655056 0.599525 0.266374 0.670264 0.599525 0.139768 0.675819 0.637686 0.140435 0.608413 0.586922 0.260771 0.62362 0.586922 0.134165 0.567325 0.61248 0.255835 0.582532 0.61248 0.12923 0.57288 0.650642 0.256503 0.588087 0.650642 0.129897 0.619523 0.663244 0.262105 0.634731 0.663244 0.1355 0.660611 0.637686 0.267041 0.675819 0.637686 0.140435 0.675819 0.637686 0.140435 0.670264 0.599525 0.139768 0.663606 0.607011 0.0935604 0.667534 0.633995 0.0940322 0.62362 0.586922 0.134165 0.630624 0.598099 0.0895987 0.582532 0.61248 0.12923 0.60157 0.616172 0.0861088 0.588087 0.650642 0.129897 0.605498 0.643156 0.0865807 0.634731 0.663244 0.1355 0.63848 0.652067 0.0905424 0.606364 0.625083 0.324741 0.636779 0.625083 0.0715295 </float_array>
          <technique_common>
            <accessor count="40" offset="0" source="#meshId62-positions-array" stride="3">
              <param name="X" type="float" />
              <param name="Y" type="float" />
              <param name="Z" type="float" />
            </accessor>
          </technique_common>
        </source>
        <source id="meshId62-normals" name="meshId62-normals">
          <float_array id="meshId62-normals-array" count="120"> 0.738799 0.452217 0.499676 0.576769 -0.660858 0.480213 0.683503 -0.714858 0.147653 0.858153 0.484909 0.168632 -0.177377 -0.922659 0.342399 -0.150396 -0.987912 0.037553 -0.836115 -0.452217 0.310501 -0.873677 -0.484909 -0.039391 -0.674085 0.660858 0.329964 -0.699027 0.714858 -0.018413 0.091246 0.922659 0.374665 0.137225 0.987912 0.072101 0.858153 0.484909 0.168632 0.683503 -0.714858 0.147653 0.699027 -0.714858 0.018413 0.873677 0.484909 0.039391 -0.150396 -0.987912 0.037553 -0.137225 -0.987912 -0.072101 -0.873677 -0.484909 -0.039391 -0.858153 -0.484909 -0.168632 -0.699027 0.714858 -0.018413 -0.683503 0.714858 -0.147653 0.137225 0.987912 0.072101 0.150396 0.987912 -0.037553 0.858153 0.484909 0.168632 0.873677 0.484909 0.039391 0.873677 0.484909 0.039391 0.699027 -0.714858 0.018413 0.674085 -0.660858 -0.329964 0.836115 0.452217 -0.310501 -0.137225 -0.987912 -0.072101 -0.091246 -0.922659 -0.374665 -0.858153 -0.484909 -0.168632 -0.738799 -0.452217 -0.499676 -0.683503 0.714858 -0.147653 -0.576769 0.660858 -0.480213 0.150396 0.987912 -0.037553 0.177377 0.922659 -0.342399 -0.11926 0 0.992863 0.11926 0 -0.992863 </float_array>
          <technique_common>
            <accessor count="40" offset="0" source="#meshId62-normals-array" stride="3">
              <param name="X" type="float" />
              <param name="Y" type="float" />
              <param name="Z" type="float" />
            </accessor>
          </technique_common>
        </source>
        <source id="meshId62-tangents" name="meshId62-tangents">
          <float_array id="meshId62-tangents-array" count="120"> 0.651535 -0.289744 -0.701106 0.681976 0.0659089 -0.728398 0.440293 0.242418 -0.864509 0.316765 -0.241615 -0.917215 0.984095 -0.162854 0.0709608 0.982652 -0.14521 0.115368 0.466974 -0.289765 0.835447 0.0905782 -0.241679 0.966119 0.49005 0.0658691 0.869202 0.223038 0.242419 0.944186 0.972888 -0.162886 0.164189 0.982019 -0.145211 0.120632 -0.175485 -0.0316275 0.983974 -0.164093 0.0466252 0.985342 -0.0739208 -0.0466248 0.996174 -0.0625294 0.0316273 0.997542 -0.111124 0.0546371 0.992304 -0.127031 -0.0546369 0.990393 -0.0625294 0.0316272 0.997542 -0.175485 -0.0316275 0.983974 -0.0739209 -0.0466249 0.996174 -0.164093 0.0466252 0.985342 -0.127031 -0.0546369 0.990393 -0.111124 0.0546371 0.992303 -0.175485 -0.0316275 0.983974 -0.0625294 0.0316273 0.997542 -0.139983 0.328102 -0.934213 -0.150886 -0.172616 -0.973364 -0.526009 -0.115854 -0.842551 -0.446625 0.232557 -0.86397 -0.982694 0.14492 -0.115372 -0.989328 0.126909 -0.0715875 -0.35724 0.328102 0.874488 -0.638524 0.232557 0.733624 -0.377105 -0.172617 0.909943 -0.710577 -0.115854 0.694016 -0.982063 0.14492 -0.120629 -0.978139 0.126909 -0.164738 0.982355 -0.145103 0.117998 -0.982361 0.145065 -0.117998 </float_array>
          <technique_common>
            <accessor count="40" offset="0" source="#meshId62-tangents-array" stride="3">
              <param name="X" type="float" />
              <param name="Y" type="float" />
              <param name="Z" type="float" />
            </accessor>
          </technique_common>
        </source>
        <source id="meshId62-bitangents" name="meshId62-bitangents">
          <float_array id="meshId62-bitangents-array" count="120"> -0.172274 0.843533 -0.508698 0.449717 0.747611 0.488704 0.582207 0.655905 0.480441 -0.404022 0.840527 -0.360945 -0.00971155 0.34954 0.936871 -0.10852 0.0542524 0.992613 -0.287831 0.843526 0.45345 -0.478 0.840508 0.255072 0.552685 0.747615 -0.368255 0.679423 0.655905 -0.328898 0.212518 0.349525 -0.912506 0.129643 0.0542509 -0.990075 0.482471 -0.873993 0.0579531 -0.711264 -0.697713 -0.0854351 -0.711264 -0.697714 -0.0854349 0.482471 -0.873993 0.0579531 -0.982361 0.145065 -0.117998 -0.982361 0.145066 -0.117998 -0.482471 0.873993 -0.057953 -0.482471 0.873993 -0.0579531 0.711264 0.697714 0.0854351 0.711264 0.697713 0.0854351 0.982361 -0.145066 0.117998 0.98236 -0.145065 0.117998 0.482471 -0.873993 0.0579531 0.482471 -0.873993 0.0579531 -0.465933 0.810686 0.354535 0.698995 0.677629 -0.228526 0.518579 0.741515 -0.425712 -0.318493 0.861056 0.396416 0.124426 0.0550213 -0.990702 0.113599 0.364135 -0.924392 -0.368718 0.810686 -0.454791 -0.215554 0.861056 -0.460564 0.624992 0.677629 0.38756 0.403011 0.741515 0.536412 -0.113729 0.0550216 0.991987 -0.108543 0.364135 0.925 0.144068 0.989417 0.017305 0.14403 0.989422 0.0173005 </float_array>
          <technique_common>
            <accessor count="40" offset="0" source="#meshId62-bitangents-array" stride="3">
              <param name="X" type="float" />
              <param name="Y" type="float" />
              <param name="Z" type="float" />
            </accessor>
          </technique_common>
        </source>
        <source id="meshId62-tex0" name="meshId62-tex0">
          <float_array id="meshId62-tex0-array" count="80"> 0.317437 0.014626 0.317437 0.008998 0.322311 0.006184 0.322311 0.017439 0.312563 0.006184 0.312563 0.000556 0.307689 0.008998 0.302815 0.006184 0.307689 0.014625 0.302815 0.017439 0.312563 0.017439 0.312563 0.023067 0.840564 0.948051 0.840564 0.956251 0.819305 0.956251 0.819305 0.948051 0.840564 0.96445 0.819305 0.96445 0.840564 0.97265 0.819305 0.97265 0.840564 0.98085 0.819305 0.98085 0.840564 0.989049 0.819305 0.989049 0.840564 0.997249 0.819305 0.997249 0.302075 0.040726 0.302075 0.02947 0.306948 0.032284 0.306948 0.037912 0.311822 0.023842 0.311822 0.02947 0.32157 0.02947 0.316696 0.032284 0.32157 0.040726 0.316696 0.037912 0.311822 0.046354 0.311822 0.040726 0.313013 0.011812 0.312272 0.035098 </float_array>
          <technique_common>
            <accessor count="40" offset="0" source="#meshId62-tex0-array" stride="2">
              <param name="S" type="float" />
              <param name="T" type="float" />
            </accessor>
          </technique_common>
        </source>
        <vertices id="meshId62-vertices">
          <input semantic="POSITION" source="#meshId62-positions" />
          <input semantic="NORMAL" source="#meshId62-normals" />
          <input semantic="TANGENT" source="#meshId62-tangents" />
          <input semantic="BINORMAL" source="#meshId62-bitangents" />
          <input semantic="TEXCOORD" source="#meshId62-tex0"  />
        </vertices>
        <polylist count="48" material="defaultMaterial">
          <input offset="0" semantic="VERTEX" source="#meshId62-vertices" />
          <vcount>3 3 3 3 3 3 3 3 3 3 3 3 3 3 3 3 3 3 3 3 3 3 3 3 3 3 3 3 3 3 3 3 3 3 3 3 3 3 3 3 3 3 3 3 3 3 3 3 </vcount>
          <p>3 0 1 1 2 3 2 1 4 4 5 2 5 4 6 6 7 5 7 6 8 8 9 7 9 8 10 10 11 9 11 10 0 0 3 11 15 12 13 13 14 15 14 13 16 16 17 14 17 16 18 18 19 17 19 18 20 20 21 19 21 20 22 22 23 21 23 22 24 24 25 23 29 26 27 27 28 29 28 27 30 30 31 28 31 30 32 32 33 31 33 32 34 34 35 33 35 34 36 36 37 35 37 36 26 26 29 37 1 0 38 4 1 38 6 4 38 8 6 38 10 8 38 0 10 38 29 28 39 28 31 39 31 33 39 33 35 39 35 37 39 37 29 39 </p>
        </polylist>
      </mesh>
    </geometry>
    <geometry id="meshId63" name="meshId63_name" >
      <mesh>
        <source id="meshId63-positions" name="meshId63-positions">
          <float_array id="meshId63-positions-array" count="120"> 0.701178 0.575797 0.310039 0.701178 0.548525 0.310039 0.715161 0.542876 0.265227 0.715161 0.581446 0.265227 0.66961 0.534889 0.309404 0.670516 0.523592 0.264329 0.638041 0.548525 0.308769 0.625872 0.542876 0.263431 0.638041 0.575797 0.308769 0.625872 0.581446 0.263431 0.66961 0.589434 0.309404 0.670516 0.60073 0.264329 0.715161 0.581446 0.265227 0.715161 0.542876 0.265227 0.717725 0.542876 0.137737 0.717725 0.581446 0.137737 0.670516 0.523592 0.264329 0.673081 0.523592 0.136839 0.625872 0.542876 0.263431 0.628436 0.542876 0.135941 0.625872 0.581446 0.263431 0.628436 0.581446 0.135941 0.670516 0.60073 0.264329 0.673081 0.60073 0.136839 0.715161 0.581446 0.265227 0.717725 0.581446 0.137737 0.717725 0.581446 0.137737 0.717725 0.542876 0.137737 0.705556 0.548525 0.0923997 0.705556 0.575797 0.0923997 0.673081 0.523592 0.136839 0.673987 0.534889 0.0917648 0.628436 0.542876 0.135941 0.642419 0.548525 0.0911299 0.628436 0.581446 0.135941 0.642419 0.575797 0.0911299 0.673081 0.60073 0.136839 0.673987 0.589434 0.0917648 0.669234 0.562161 0.328074 0.674363 0.562161 0.0730943 </float_array>
          <technique_common>
            <accessor count="40" offset="0" source="#meshId63-positions-array" stride="3">
              <param name="X" type="float" />
              <param name="Y" type="float" />
              <param name="Z" type="float" />
            </accessor>
          </technique_common>
        </source>
        <source id="meshId63-normals" name="meshId63-normals">
          <float_array id="meshId63-normals-array" count="120"> 0.710778 0.562487 0.422378 0.710778 -0.562487 0.422378 0.791102 -0.606297 0.081008 0.791101 0.606297 0.081008 -0.007261 -0.932524 0.361036 -0.00111 -0.998474 0.05521 -0.727185 -0.562488 0.393458 -0.793719 -0.606297 0.049135 -0.727185 0.562488 0.393458 -0.793719 0.606297 0.049135 -0.007261 0.932524 0.361036 -0.001111 0.998474 0.05521 0.791101 0.606297 0.081008 0.791102 -0.606297 0.081008 0.793719 -0.606297 -0.049135 0.793719 0.606297 -0.049135 -0.00111 -0.998474 0.05521 0.001111 -0.998474 -0.05521 -0.793719 -0.606297 0.049135 -0.791101 -0.606297 -0.081008 -0.793719 0.606297 0.049135 -0.791102 0.606297 -0.081008 -0.001111 0.998474 0.05521 0.00111 0.998474 -0.05521 0.791101 0.606297 0.081008 0.793719 0.606297 -0.049135 0.793719 0.606297 -0.049135 0.793719 -0.606297 -0.049135 0.727186 -0.562487 -0.393457 0.727186 0.562487 -0.393458 0.001111 -0.998474 -0.05521 0.007261 -0.932524 -0.361036 -0.791101 -0.606297 -0.081008 -0.710778 -0.562488 -0.422378 -0.791102 0.606297 -0.081008 -0.710778 0.562487 -0.422378 0.00111 0.998474 -0.05521 0.007261 0.932524 -0.361036 -0.020108 0 0.999798 0.020108 0 -0.999798 </float_array>
          <technique_common>
            <accessor count="40" offset="0" source="#meshId63-normals-array" stride="3">
              <param name="X" type="float" />
              <param name="Y" type="float" />
              <param name="Z" type="float" />
            </accessor>
          </technique_common>
        </source>
        <source id="meshId63-tangents" name="meshId63-tangents">
          <float_array id="meshId63-tangents-array" count="120"> 0.614784 -0.204971 -0.761596 0.590497 0.150834 -0.792819 0.313605 0.288314 -0.904725 0.257021 -0.209305 -0.943468 0.999475 -0.0181652 -0.0268181 0.999848 -0.000145982 0.0174617 0.583672 -0.204987 0.785689 0.218922 -0.209362 0.953017 0.558122 0.150793 0.815942 0.276976 0.288314 0.916602 0.997583 -0.0181966 0.067063 0.999741 -0.000146276 0.0227633 -0.0717483 -0.0395443 0.996639 -0.0717482 0.0395442 0.996639 0.0316184 -0.0395447 0.998717 0.0316184 0.0395447 0.998717 -0.0200772 0.0552212 0.998272 -0.0200772 -0.0552212 0.998272 0.0316184 0.0395447 0.998717 -0.0717483 -0.0395443 0.996639 0.0316184 -0.0395447 0.998717 -0.0717482 0.0395442 0.996639 -0.0200772 -0.0552212 0.998272 -0.0200772 0.0552212 0.998272 -0.0717483 -0.0395443 0.996639 0.0316184 0.0395447 0.998717 -0.276972 0.288308 -0.916605 -0.218921 -0.209362 -0.953017 -0.583662 -0.204966 -0.785702 -0.558137 0.150824 -0.815926 -0.999848 -0.000147008 -0.0174614 -0.999475 -0.0181653 0.0268183 -0.313602 0.288308 0.904728 -0.590491 0.150822 0.792826 -0.257063 -0.209363 0.943444 -0.614782 -0.204967 0.761598 -0.999741 -0.000146789 -0.0227544 -0.997589 -0.0181654 -0.0669827 0.999798 -3.83846e-05 0.020108 -0.999798 -5.3151e-09 -0.020108 </float_array>
          <technique_common>
            <accessor count="40" offset="0" source="#meshId63-tangents-array" stride="3">
              <param name="X" type="float" />
              <param name="Y" type="float" />
              <param name="Z" type="float" />
            </accessor>
          </technique_common>
        </source>
        <source id="meshId63-bitangents" name="meshId63-bitangents">
          <float_array id="meshId63-bitangents-array" count="120"> -0.341813 0.800997 -0.491496 0.382241 0.812931 0.439356 0.525176 0.741134 0.418223 -0.555067 0.7672 -0.321412 0.0315668 0.360652 0.932166 -0.017427 0.055221 0.998322 -0.361287 0.800992 0.477372 -0.567524 0.767184 0.298906 0.399626 0.812938 -0.423591 0.541567 0.741134 -0.396769 0.0691075 0.36065 -0.930137 0.0227366 0.055221 -0.998215 0.607463 -0.794254 0.0122173 -0.607462 -0.794255 -0.0122172 -0.607462 -0.794255 -0.0122172 0.607462 -0.794255 0.0122172 -0.999798 -3.80678e-07 -0.0201079 -0.999798 -6.20377e-07 -0.0201079 -0.607462 0.794255 -0.0122172 -0.607463 0.794254 -0.0122173 0.607462 0.794255 0.0122172 0.607462 0.794255 0.0122172 0.999798 6.20377e-07 0.0201079 0.999798 3.80678e-07 0.0201079 0.607463 -0.794254 0.0122173 0.607462 -0.794255 0.0122172 -0.541569 0.741136 0.396762 0.567524 0.767184 -0.298906 0.361302 0.800998 -0.477351 -0.399605 0.812933 0.423621 0.0174266 0.055221 -0.998322 -0.031567 0.360652 -0.932166 -0.525179 0.741136 -0.418217 -0.382251 0.812933 -0.439345 0.555047 0.767184 0.321484 0.341815 0.800997 0.491493 -0.0227278 0.055221 0.998216 -0.0690213 0.360652 0.930143 3.83769e-05 1 7.71838e-07 -5.31402e-09 1 -1.06876e-10 </float_array>
          <technique_common>
            <accessor count="40" offset="0" source="#meshId63-bitangents-array" stride="3">
              <param name="X" type="float" />
              <param name="Y" type="float" />
              <param name="Z" type="float" />
            </accessor>
          </technique_common>
        </source>
        <source id="meshId63-tex0" name="meshId63-tex0">
          <float_array id="meshId63-tex0-array" count="80"> 0.193814 0.014626 0.193814 0.008998 0.198688 0.006184 0.198688 0.017439 0.18894 0.006184 0.18894 0.000556 0.184066 0.008998 0.179192 0.006184 0.184066 0.014625 0.179192 0.017439 0.18894 0.017439 0.18894 0.023067 0.863244 0.948051 0.863244 0.956251 0.841986 0.956251 0.841986 0.948051 0.863244 0.96445 0.841986 0.96445 0.863244 0.97265 0.841986 0.97265 0.863244 0.98085 0.841986 0.98085 0.863244 0.989049 0.841986 0.989049 0.863244 0.997249 0.841986 0.997249 0.182846 0.040726 0.182846 0.02947 0.18772 0.032284 0.18772 0.037912 0.192594 0.023842 0.192594 0.02947 0.202342 0.02947 0.197468 0.032284 0.202342 0.040726 0.197468 0.037912 0.192594 0.046354 0.192594 0.040726 0.18939 0.011812 0.193044 0.035098 </float_array>
          <technique_common>
            <accessor count="40" offset="0" source="#meshId63-tex0-array" stride="2">
              <param name="S" type="float" />
              <param name="T" type="float" />
            </accessor>
          </technique_common>
        </source>
        <vertices id="meshId63-vertices">
          <input semantic="POSITION" source="#meshId63-positions" />
          <input semantic="NORMAL" source="#meshId63-normals" />
          <input semantic="TANGENT" source="#meshId63-tangents" />
          <input semantic="BINORMAL" source="#meshId63-bitangents" />
          <input semantic="TEXCOORD" source="#meshId63-tex0"  />
        </vertices>
        <polylist count="48" material="defaultMaterial">
          <input offset="0" semantic="VERTEX" source="#meshId63-vertices" />
          <vcount>3 3 3 3 3 3 3 3 3 3 3 3 3 3 3 3 3 3 3 3 3 3 3 3 3 3 3 3 3 3 3 3 3 3 3 3 3 3 3 3 3 3 3 3 3 3 3 3 </vcount>
          <p>3 0 1 1 2 3 2 1 4 4 5 2 5 4 6 6 7 5 7 6 8 8 9 7 9 8 10 10 11 9 11 10 0 0 3 11 15 12 13 13 14 15 14 13 16 16 17 14 17 16 18 18 19 17 19 18 20 20 21 19 21 20 22 22 23 21 23 22 24 24 25 23 29 26 27 27 28 29 28 27 30 30 31 28 31 30 32 32 33 31 33 32 34 34 35 33 35 34 36 36 37 35 37 36 26 26 29 37 1 0 38 4 1 38 6 4 38 8 6 38 10 8 38 0 10 38 29 28 39 28 31 39 31 33 39 33 35 39 35 37 39 37 29 39 </p>
        </polylist>
      </mesh>
    </geometry>
    <geometry id="meshId64" name="meshId64_name" >
      <mesh>
        <source id="meshId64-positions" name="meshId64-positions">
          <float_array id="meshId64-positions-array" count="120"> 0.613482 0.575797 0.314876 0.613482 0.548525 0.314876 0.624506 0.542876 0.269246 0.624506 0.581446 0.269246 0.58194 0.534889 0.316305 0.579898 0.523592 0.271268 0.550397 0.548525 0.317735 0.535291 0.542876 0.27329 0.550397 0.575797 0.317735 0.535291 0.581446 0.27329 0.58194 0.589434 0.316305 0.579898 0.60073 0.271268 0.624506 0.581446 0.269246 0.624506 0.542876 0.269246 0.618733 0.542876 0.141861 0.618732 0.581446 0.141861 0.579898 0.523592 0.271268 0.574125 0.523592 0.143883 0.535291 0.542876 0.27329 0.529517 0.542876 0.145905 0.535291 0.581446 0.27329 0.529517 0.581446 0.145905 0.579898 0.60073 0.271268 0.574125 0.60073 0.143883 0.624506 0.581446 0.269246 0.618732 0.581446 0.141861 0.618732 0.581446 0.141861 0.618733 0.542876 0.141861 0.603626 0.548525 0.0974157 0.603626 0.575797 0.0974157 0.574125 0.523592 0.143883 0.572083 0.534889 0.0988454 0.529517 0.542876 0.145905 0.540541 0.548525 0.100275 0.529517 0.581446 0.145905 0.540541 0.575797 0.100275 0.574125 0.60073 0.143883 0.572083 0.589434 0.0988454 0.582785 0.562161 0.33496 0.571238 0.562161 0.0801902 </float_array>
          <technique_common>
            <accessor count="40" offset="0" source="#meshId64-positions-array" stride="3">
              <param name="X" type="float" />
              <param name="Y" type="float" />
              <param name="Z" type="float" />
            </accessor>
          </technique_common>
        </source>
        <source id="meshId64-normals" name="meshId64-normals">
          <float_array id="meshId64-normals-array" count="120"> 0.736863 0.562487 0.375022 0.736863 -0.562487 0.375021 0.794705 -0.606297 0.029132 0.794704 0.606297 0.029132 0.01635 -0.932524 0.360739 0.0025 -0.998474 0.055165 -0.699916 -0.562488 0.440142 -0.788811 -0.606297 0.100904 -0.699916 0.562488 0.440142 -0.788811 0.606297 0.100904 0.01635 0.932524 0.360739 0.0025 0.998474 0.055165 0.794704 0.606297 0.029132 0.794705 -0.606297 0.029132 0.788811 -0.606297 -0.100904 0.788811 0.606297 -0.100904 0.0025 -0.998474 0.055165 -0.0025 -0.998474 -0.055165 -0.788811 -0.606297 0.100904 -0.794704 -0.606297 -0.029132 -0.788811 0.606297 0.100904 -0.794705 0.606297 -0.029132 0.0025 0.998474 0.055165 -0.0025 0.998474 -0.055165 0.794704 0.606297 0.029132 0.788811 0.606297 -0.100904 0.788811 0.606297 -0.100904 0.788811 -0.606297 -0.100904 0.699916 -0.562487 -0.440142 0.699916 0.562487 -0.440142 -0.0025 -0.998474 -0.055165 -0.01635 -0.932524 -0.360739 -0.794704 -0.606297 -0.029132 -0.736863 -0.562488 -0.375022 -0.794705 0.606297 -0.029132 -0.736863 0.562488 -0.375021 -0.0025 0.998474 -0.055165 -0.01635 0.932524 -0.360739 0.045278 -0 0.998974 -0.045278 0 -0.998974 </float_array>
          <technique_common>
            <accessor count="40" offset="0" source="#meshId64-normals-array" stride="3">
              <param name="X" type="float" />
              <param name="Y" type="float" />
              <param name="Z" type="float" />
            </accessor>
          </technique_common>
        </source>
        <source id="meshId64-tangents" name="meshId64-tangents">
          <float_array id="meshId64-tangents-array" count="120"> 0.563695 -0.20497 -0.800147 0.537419 0.150835 -0.829717 0.253806 0.288313 -0.923286 0.19481 -0.209304 -0.958249 0.995586 -0.0181655 -0.0920822 0.998851 -0.00014669 -0.0479216 0.633773 -0.204987 0.745863 0.280738 -0.209362 0.936672 0.610255 0.150793 0.777721 0.336288 0.288313 0.896541 0.999833 -0.0181962 0.00172185 0.999091 -0.000146573 -0.0426245 -0.00645883 -0.0395446 0.999197 -0.00645894 0.0395444 0.999197 0.0968227 -0.0395447 0.994516 0.0968227 0.0395447 0.994516 0.0452085 0.0552216 0.99745 0.0452085 -0.0552216 0.99745 0.0968226 0.0395447 0.994516 -0.00645893 -0.0395444 0.999197 0.0968228 -0.0395446 0.994516 -0.00645884 0.0395445 0.999197 0.0452089 -0.0552216 0.99745 0.0452089 0.0552216 0.99745 -0.00645883 -0.0395446 0.999197 0.0968228 0.0395445 0.994516 -0.336284 0.288308 -0.896544 -0.280738 -0.209362 -0.936672 -0.633765 -0.204965 -0.745876 -0.610269 0.150824 -0.777705 -0.998851 -0.000146683 0.0479215 -0.995586 -0.0181655 0.092082 -0.253802 0.288308 0.923289 -0.537413 0.150822 0.829723 -0.194854 -0.209363 0.958227 -0.563693 -0.204968 0.800149 -0.999091 -0.000146085 0.0426335 -0.999834 -0.0181655 -0.00164243 0.998974 -3.83846e-05 -0.045278 -0.998975 -5.31568e-09 0.045278 </float_array>
          <technique_common>
            <accessor count="40" offset="0" source="#meshId64-tangents-array" stride="3">
              <param name="X" type="float" />
              <param name="Y" type="float" />
              <param name="Z" type="float" />
            </accessor>
          </technique_common>
        </source>
        <source id="meshId64-bitangents" name="meshId64-bitangents">
          <float_array id="meshId64-bitangents-array" count="120"> -0.373204 0.800997 -0.468106 0.410139 0.812931 0.413435 0.551386 0.741134 0.383006 -0.574886 0.7672 -0.284448 0.0924218 0.360652 0.92811 0.0478566 0.0552214 0.997327 -0.329316 0.800992 0.499963 -0.546776 0.767184 0.335358 0.371088 0.812938 -0.448804 0.514478 0.741134 -0.431315 0.00816975 0.36065 -0.932665 -0.0425513 0.0552214 -0.997567 0.606962 -0.794254 -0.0275103 -0.606962 -0.794255 0.0275101 -0.606962 -0.794255 0.02751 0.606962 -0.794255 -0.02751 -0.998974 2.99653e-07 0.0452775 -0.998974 -2.99653e-07 0.0452775 -0.606962 0.794255 0.02751 -0.606962 0.794254 0.0275101 0.606962 0.794255 -0.0275101 0.606962 0.794255 -0.0275102 0.998974 3.25497e-07 -0.045278 0.998974 -3.25497e-07 -0.045278 0.606962 -0.794254 -0.0275103 0.606962 -0.794255 -0.0275102 -0.514481 0.741136 0.431308 0.546776 0.767184 -0.335357 0.329332 0.800998 -0.499943 -0.371065 0.812933 0.448832 -0.0478565 0.0552214 -0.997327 -0.0924216 0.360652 -0.92811 -0.551389 0.741136 -0.382999 -0.410147 0.812933 -0.413423 0.574871 0.767184 0.284521 0.373207 0.800997 0.468104 0.0425603 0.0552214 0.997567 -0.00808461 0.360652 0.932665 3.83453e-05 1 -1.73798e-06 -5.31022e-09 1 2.40683e-10 </float_array>
          <technique_common>
            <accessor count="40" offset="0" source="#meshId64-bitangents-array" stride="3">
              <param name="X" type="float" />
              <param name="Y" type="float" />
              <param name="Z" type="float" />
            </accessor>
          </technique_common>
        </source>
        <source id="meshId64-tex0" name="meshId64-tex0">
          <float_array id="meshId64-tex0-array" count="80"> 0.214049 0.014626 0.214049 0.008998 0.218923 0.006184 0.218923 0.017439 0.209175 0.006184 0.209175 0.000556 0.204301 0.008998 0.199428 0.006184 0.204301 0.014625 0.199428 0.017439 0.209175 0.017439 0.209175 0.023067 0.885421 0.948051 0.885421 0.956251 0.864162 0.956251 0.864162 0.948051 0.885421 0.96445 0.864162 0.96445 0.885421 0.97265 0.864162 0.97265 0.885421 0.98085 0.864162 0.98085 0.885421 0.989049 0.864162 0.989049 0.885421 0.997249 0.864162 0.997249 0.202723 0.040726 0.202723 0.02947 0.207597 0.032284 0.207597 0.037912 0.212471 0.023842 0.212471 0.02947 0.222218 0.02947 0.217345 0.032284 0.222218 0.040726 0.217345 0.037912 0.212471 0.046354 0.212471 0.040726 0.209625 0.011812 0.212921 0.035098 </float_array>
          <technique_common>
            <accessor count="40" offset="0" source="#meshId64-tex0-array" stride="2">
              <param name="S" type="float" />
              <param name="T" type="float" />
            </accessor>
          </technique_common>
        </source>
        <vertices id="meshId64-vertices">
          <input semantic="POSITION" source="#meshId64-positions" />
          <input semantic="NORMAL" source="#meshId64-normals" />
          <input semantic="TANGENT" source="#meshId64-tangents" />
          <input semantic="BINORMAL" source="#meshId64-bitangents" />
          <input semantic="TEXCOORD" source="#meshId64-tex0"  />
        </vertices>
        <polylist count="48" material="defaultMaterial">
          <input offset="0" semantic="VERTEX" source="#meshId64-vertices" />
          <vcount>3 3 3 3 3 3 3 3 3 3 3 3 3 3 3 3 3 3 3 3 3 3 3 3 3 3 3 3 3 3 3 3 3 3 3 3 3 3 3 3 3 3 3 3 3 3 3 3 </vcount>
          <p>3 0 1 1 2 3 2 1 4 4 5 2 5 4 6 6 7 5 7 6 8 8 9 7 9 8 10 10 11 9 11 10 0 0 3 11 15 12 13 13 14 15 14 13 16 16 17 14 17 16 18 18 19 17 19 18 20 20 21 19 21 20 22 22 23 21 23 22 24 24 25 23 29 26 27 27 28 29 28 27 30 30 31 28 31 30 32 32 33 31 33 32 34 34 35 33 35 34 36 36 37 35 37 36 26 26 29 37 1 0 38 4 1 38 6 4 38 8 6 38 10 8 38 0 10 38 29 28 39 28 31 39 31 33 39 33 35 39 35 37 39 37 29 39 </p>
        </polylist>
      </mesh>
    </geometry>
    <geometry id="meshId65" name="meshId65_name" >
      <mesh>
        <source id="meshId65-positions" name="meshId65-positions">
          <float_array id="meshId65-positions-array" count="120"> 0.497606 0.581322 0.31577 0.502558 0.554506 0.316177 0.52009 0.551335 0.272381 0.513086 0.589258 0.271806 0.474092 0.535345 0.31384 0.479832 0.524237 0.269076 0.440674 0.543 0.311096 0.432572 0.535064 0.265196 0.435722 0.569816 0.31069 0.425568 0.572987 0.264621 0.464188 0.588977 0.313027 0.465825 0.600085 0.267926 0.513086 0.589258 0.271806 0.52009 0.551335 0.272381 0.530523 0.551335 0.145293 0.52352 0.589258 0.144718 0.479832 0.524237 0.269076 0.490266 0.524237 0.141987 0.432572 0.535064 0.265196 0.443005 0.535064 0.138107 0.425568 0.572987 0.264621 0.436002 0.572987 0.137532 0.465825 0.600085 0.267926 0.476259 0.600085 0.140837 0.513086 0.589258 0.271806 0.52352 0.589258 0.144718 0.52352 0.589258 0.144718 0.530523 0.551335 0.145293 0.52037 0.554506 0.0992236 0.515418 0.581322 0.098817 0.490266 0.524237 0.141987 0.491904 0.535345 0.0968865 0.443005 0.535064 0.138107 0.458486 0.543 0.0941429 0.436002 0.572987 0.137532 0.453533 0.569816 0.0937363 0.476259 0.600085 0.140837 0.482 0.588977 0.0960734 0.467612 0.562161 0.332045 0.48848 0.562161 0.0778683 </float_array>
          <technique_common>
            <accessor count="40" offset="0" source="#meshId65-positions-array" stride="3">
              <param name="X" type="float" />
              <param name="Y" type="float" />
              <param name="Z" type="float" />
            </accessor>
          </technique_common>
        </source>
        <source id="meshId65-normals" name="meshId65-normals">
          <float_array id="meshId65-normals-array" count="120"> 0.5692 0.684091 0.456104 0.773472 -0.422056 0.472875 0.881458 -0.451751 0.137671 0.661276 0.740548 0.119594 0.139779 -0.916916 0.3738 0.176783 -0.981763 0.069921 -0.635969 -0.684091 0.35716 -0.671927 -0.740548 0.010139 -0.84024 0.422056 0.340389 -0.892109 0.451751 -0.007938 -0.198874 0.916916 0.345996 -0.18582 0.981763 0.040151 0.661276 0.740548 0.119594 0.881458 -0.451751 0.137671 0.892109 -0.451751 0.007938 0.671927 0.740548 -0.010139 0.176783 -0.981763 0.069921 0.18582 -0.981763 -0.040151 -0.671927 -0.740548 0.010139 -0.661276 -0.740548 -0.119594 -0.892109 0.451751 -0.007938 -0.881458 0.451751 -0.137671 -0.18582 0.981763 0.040151 -0.176783 0.981763 -0.069921 0.661276 0.740548 0.119594 0.671927 0.740548 -0.010139 0.671927 0.740548 -0.010139 0.892109 -0.451751 0.007938 0.84024 -0.422056 -0.340389 0.635969 0.684091 -0.35716 0.18582 -0.981763 -0.040151 0.198874 -0.916916 -0.345996 -0.661276 -0.740548 -0.119594 -0.5692 -0.684091 -0.456104 -0.881458 0.451751 -0.137671 -0.773472 0.422056 -0.472875 -0.176783 0.981763 -0.069921 -0.139779 0.916916 -0.3738 -0.081824 0 0.996647 0.081824 0 -0.996647 </float_array>
          <technique_common>
            <accessor count="40" offset="0" source="#meshId65-normals-array" stride="3">
              <param name="X" type="float" />
              <param name="Y" type="float" />
              <param name="Z" type="float" />
            </accessor>
          </technique_common>
        </source>
        <source id="meshId65-tangents" name="meshId65-tangents">
          <float_array id="meshId65-tangents-array" count="120"> 0.687872 -0.0923452 -0.719933 0.60137 0.252967 -0.757867 0.311611 0.337299 -0.888329 0.348841 -0.162441 -0.922997 0.985862 0.164098 0.0338714 0.980206 0.182045 0.0778193 0.561251 -0.0923606 0.822476 0.193684 -0.16249 0.967514 0.469695 0.252922 0.845824 0.162552 0.337298 0.927258 0.97818 0.164066 0.127457 0.979772 0.182044 0.0831044 -0.125128 -0.0483008 0.990964 -0.139489 0.0294644 0.989785 -0.0238122 -0.0294648 0.999282 -0.0381732 0.0483012 0.998103 -0.0917269 0.0542971 0.994303 -0.0716728 -0.0542968 0.995949 -0.038173 0.0483011 0.998103 -0.125129 -0.0483006 0.990964 -0.0238121 -0.0294646 0.999282 -0.139489 0.0294644 0.989785 -0.0716728 -0.0542968 0.995949 -0.0917266 0.0542972 0.994303 -0.125129 -0.0483005 0.990964 -0.0381727 0.0483008 0.998103 -0.26725 0.229673 -0.935856 -0.117652 -0.249228 -0.961272 -0.486803 -0.310731 -0.816376 -0.524477 0.0436433 -0.850305 -0.980153 -0.182333 -0.0778139 -0.979265 -0.19982 -0.03333 -0.41631 0.229674 0.879736 -0.656139 0.0436428 0.753377 -0.272859 -0.249227 0.929211 -0.613435 -0.310731 0.726046 -0.97972 -0.182333 -0.0830905 -0.971589 -0.199821 -0.126835 0.979973 0.182152 0.0804551 -0.979966 -0.18219 -0.0804545 </float_array>
          <technique_common>
            <accessor count="40" offset="0" source="#meshId65-tangents-array" stride="3">
              <param name="X" type="float" />
              <param name="Y" type="float" />
              <param name="Z" type="float" />
            </accessor>
          </technique_common>
        </source>
        <source id="meshId65-bitangents" name="meshId65-bitangents">
          <float_array id="meshId65-bitangents-array" count="120"> -0.450381 0.723527 -0.52313 0.200241 0.870561 0.449474 0.354867 0.825924 0.438085 -0.664096 0.652075 -0.365752 -0.0923971 0.363781 0.926891 -0.0891289 0.0547799 0.994512 -0.529661 0.723526 0.442685 -0.714843 0.652063 0.252614 0.270893 0.870574 -0.410752 0.421567 0.825924 -0.37434 0.060101 0.363795 -0.929538 0.0742795 0.0547813 -0.995732 0.739633 -0.670265 0.0607233 -0.451193 -0.891657 -0.0370428 -0.451193 -0.891657 -0.037043 0.739633 -0.670265 0.0607239 -0.979966 -0.182189 -0.0804553 -0.979966 -0.18219 -0.0804551 -0.739633 0.670265 -0.0607237 -0.739633 0.670265 -0.0607237 0.451193 0.891657 0.0370428 0.451193 0.891657 0.0370428 0.979966 0.18219 0.0804551 0.979966 0.182189 0.0804549 0.739633 -0.670265 0.0607237 0.739633 -0.670265 0.0607233 -0.690718 0.631537 0.352235 0.436234 0.856625 -0.275487 0.238787 0.851654 -0.466546 -0.566099 0.72809 0.386546 0.0690739 0.0538135 -0.996159 -0.0385762 0.345451 -0.937644 -0.624019 0.631537 -0.460175 -0.495473 0.72809 -0.4737 0.385461 0.856625 0.342948 0.159495 0.851654 0.499245 -0.094324 0.053814 0.994086 -0.19099 0.345451 0.918796 -0.181542 0.98327 -0.0149044 -0.181579 0.983263 -0.0149075 </float_array>
          <technique_common>
            <accessor count="40" offset="0" source="#meshId65-bitangents-array" stride="3">
              <param name="X" type="float" />
              <param name="Y" type="float" />
              <param name="Z" type="float" />
            </accessor>
          </technique_common>
        </source>
        <source id="meshId65-tex0" name="meshId65-tex0">
          <float_array id="meshId65-tex0-array" count="80"> 0.235313 0.014626 0.235313 0.008998 0.240187 0.006184 0.240187 0.017439 0.230439 0.006184 0.230439 0.000556 0.225565 0.008998 0.220691 0.006184 0.225565 0.014625 0.220691 0.017439 0.230439 0.017439 0.230439 0.023067 0.907597 0.948051 0.907597 0.956251 0.886339 0.956251 0.886339 0.948051 0.907597 0.96445 0.886339 0.96445 0.907597 0.97265 0.886339 0.97265 0.907597 0.98085 0.886339 0.98085 0.907597 0.989049 0.886339 0.989049 0.907597 0.997249 0.886339 0.997249 0.222744 0.040726 0.222744 0.02947 0.227617 0.032284 0.227617 0.037912 0.232491 0.023842 0.232491 0.02947 0.242239 0.02947 0.237365 0.032284 0.242239 0.040726 0.237365 0.037912 0.232491 0.046354 0.232491 0.040726 0.230889 0.011812 0.232941 0.035098 </float_array>
          <technique_common>
            <accessor count="40" offset="0" source="#meshId65-tex0-array" stride="2">
              <param name="S" type="float" />
              <param name="T" type="float" />
            </accessor>
          </technique_common>
        </source>
        <vertices id="meshId65-vertices">
          <input semantic="POSITION" source="#meshId65-positions" />
          <input semantic="NORMAL" source="#meshId65-normals" />
          <input semantic="TANGENT" source="#meshId65-tangents" />
          <input semantic="BINORMAL" source="#meshId65-bitangents" />
          <input semantic="TEXCOORD" source="#meshId65-tex0"  />
        </vertices>
        <polylist count="48" material="defaultMaterial">
          <input offset="0" semantic="VERTEX" source="#meshId65-vertices" />
          <vcount>3 3 3 3 3 3 3 3 3 3 3 3 3 3 3 3 3 3 3 3 3 3 3 3 3 3 3 3 3 3 3 3 3 3 3 3 3 3 3 3 3 3 3 3 3 3 3 3 </vcount>
          <p>3 0 1 1 2 3 2 1 4 4 5 2 5 4 6 6 7 5 7 6 8 8 9 7 9 8 10 10 11 9 11 10 0 0 3 11 15 12 13 13 14 15 14 13 16 16 17 14 17 16 18 18 19 17 19 18 20 20 21 19 21 20 22 22 23 21 23 22 24 24 25 23 29 26 27 27 28 29 28 27 30 30 31 28 31 30 32 32 33 31 33 32 34 34 35 33 35 34 36 36 37 35 37 36 26 26 29 37 1 0 38 4 1 38 6 4 38 8 6 38 10 8 38 0 10 38 29 28 39 28 31 39 31 33 39 33 35 39 35 37 39 37 29 39 </p>
        </polylist>
      </mesh>
    </geometry>
    <geometry id="meshId66" name="meshId66_name" >
      <mesh>
        <source id="meshId66-positions" name="meshId66-positions">
          <float_array id="meshId66-positions-array" count="120"> 0.414964 0.575797 0.316664 0.414964 0.548525 0.316664 0.426433 0.542876 0.271144 0.426433 0.581446 0.271144 0.38341 0.534889 0.317786 0.381807 0.523592 0.272731 0.351855 0.548525 0.318908 0.337182 0.542876 0.274318 0.351855 0.575797 0.318908 0.337182 0.581446 0.274318 0.38341 0.589434 0.317786 0.381807 0.60073 0.272731 0.426433 0.581446 0.271144 0.426433 0.542876 0.271144 0.4219 0.542876 0.143708 0.4219 0.581446 0.143708 0.381807 0.523592 0.272731 0.377275 0.523592 0.145295 0.337182 0.542876 0.274318 0.33265 0.542876 0.146882 0.337182 0.581446 0.274318 0.33265 0.581446 0.146882 0.381807 0.60073 0.272731 0.377275 0.60073 0.145295 0.426433 0.581446 0.271144 0.4219 0.581446 0.143708 0.4219 0.581446 0.143708 0.4219 0.542876 0.143708 0.407228 0.548525 0.0991179 0.407228 0.575797 0.0991179 0.377275 0.523592 0.145295 0.375673 0.534889 0.10024 0.33265 0.542876 0.146882 0.344118 0.548525 0.101362 0.33265 0.581446 0.146882 0.344118 0.575797 0.101362 0.377275 0.60073 0.145295 0.375673 0.589434 0.10024 0.384073 0.562161 0.336448 0.375009 0.562161 0.0815777 </float_array>
          <technique_common>
            <accessor count="40" offset="0" source="#meshId66-positions-array" stride="3">
              <param name="X" type="float" />
              <param name="Y" type="float" />
              <param name="Z" type="float" />
            </accessor>
          </technique_common>
        </source>
        <source id="meshId66-normals" name="meshId66-normals">
          <float_array id="meshId66-normals-array" count="120"> 0.733174 0.562487 0.382183 0.733174 -0.562487 0.382183 0.794383 -0.606297 0.036874 0.794383 0.606297 0.036874 0.012835 -0.932524 0.360881 0.001963 -0.998474 0.055186 -0.704171 -0.562488 0.433302 -0.789756 -0.606297 0.093213 -0.704171 0.562488 0.433302 -0.789757 0.606297 0.093213 0.012834 0.932524 0.360881 0.001963 0.998474 0.055187 0.794383 0.606297 0.036874 0.794383 -0.606297 0.036874 0.789757 -0.606297 -0.093213 0.789756 0.606297 -0.093213 0.001963 -0.998474 0.055186 -0.001963 -0.998474 -0.055186 -0.789756 -0.606297 0.093213 -0.794383 -0.606297 -0.036874 -0.789757 0.606297 0.093213 -0.794383 0.606297 -0.036874 0.001963 0.998474 0.055187 -0.001963 0.998474 -0.055186 0.794383 0.606297 0.036874 0.789756 0.606297 -0.093213 0.789756 0.606297 -0.093213 0.789757 -0.606297 -0.093213 0.704172 -0.562487 -0.433302 0.704171 0.562487 -0.433302 -0.001963 -0.998474 -0.055186 -0.012834 -0.932524 -0.360881 -0.794383 -0.606297 -0.036874 -0.733174 -0.562488 -0.382183 -0.794383 0.606297 -0.036874 -0.733174 0.562488 -0.382183 -0.001963 0.998474 -0.055186 -0.012835 0.932524 -0.360881 0.035542 0 0.999368 -0.035542 0 -0.999368 </float_array>
          <technique_common>
            <accessor count="40" offset="0" source="#meshId66-normals-array" stride="3">
              <param name="X" type="float" />
              <param name="Y" type="float" />
              <param name="Z" type="float" />
            </accessor>
          </technique_common>
        </source>
        <source id="meshId66-tangents" name="meshId66-tangents">
          <float_array id="meshId66-tangents-array" count="120"> 0.287884 -0.765882 0.574933 -0.337274 -0.788779 -0.513882 -0.486867 -0.671851 -0.558191 0.494213 -0.680436 0.541074 -0.0342605 -0.361109 -0.931894 0.0254688 -0.0551183 -0.998155 0.265394 -0.774536 -0.57416 0.454535 -0.680444 -0.574799 -0.317257 -0.795209 0.516712 -0.445992 -0.67186 0.591351 -0.0648335 -0.359375 0.930938 0.0962978 -0.0551194 0.993825 -0.0161944 -0.0395446 0.999087 -0.0161945 0.0395445 0.999087 0.0871276 -0.0395444 0.995412 0.0871277 0.0395445 0.995412 0.0354877 0.0552209 0.997843 0.0354878 -0.0552209 0.997843 0.0871277 0.0395444 0.995412 -0.0161944 -0.0395445 0.999087 0.0871277 -0.0395443 0.995412 -0.0161945 0.0395445 0.999087 0.0354878 -0.0552219 0.997843 0.0354878 0.0552209 0.997843 -0.0161945 -0.0395445 0.999087 0.0871278 0.0395444 0.995412 0.445983 -0.671851 -0.591367 -0.454527 -0.680435 0.574816 -0.265368 -0.774526 0.574186 0.317214 -0.795194 -0.51676 -0.0254539 -0.0551183 0.998155 0.0343715 -0.361109 0.93189 0.486867 -0.671851 0.558191 0.337294 -0.788786 0.513857 -0.494213 -0.680436 -0.541074 -0.287905 -0.765892 -0.574909 -0.0962979 -0.0551183 -0.993825 0.0647072 -0.359379 -0.930945 -4.09651e-07 -1 3.66929e-08 3.97735e-07 -1 -2.33699e-08 </float_array>
          <technique_common>
            <accessor count="40" offset="0" source="#meshId66-tangents-array" stride="3">
              <param name="X" type="float" />
              <param name="Y" type="float" />
              <param name="Z" type="float" />
            </accessor>
          </technique_common>
        </source>
        <source id="meshId66-bitangents" name="meshId66-bitangents">
          <float_array id="meshId66-bitangents-array" count="120"> 0.6161 -0.311502 -0.723455 0.59051 0.247864 -0.768025 0.363203 0.425465 -0.828893 0.353142 -0.411596 -0.840166 0.999331 -0.000403108 -0.0365836 0.999674 0.0033649 0.0253218 0.658566 -0.289311 0.694687 0.411925 -0.411583 0.812968 0.63521 0.226385 0.738416 0.42116 0.425451 0.801009 0.997814 -0.0353448 0.0558465 0.995351 0.00336351 -0.0962591 0.607201 -0.794255 -0.0215949 -0.607201 -0.794255 0.0215948 -0.607201 -0.794255 0.0215947 0.607202 -0.794254 -0.0215948 -0.999368 -3.44357e-07 0.0355419 -0.999368 3.39467e-07 0.035542 -0.607202 0.794254 0.0215948 -0.607201 0.794255 0.0215949 0.607201 0.794255 -0.0215949 0.607201 0.794255 -0.0215948 0.999368 -3.03611e-07 -0.035542 0.999368 3.39234e-07 -0.035542 0.607201 -0.794255 -0.0215948 0.607202 -0.794254 -0.0215949 -0.42117 0.425465 -0.800997 -0.411934 -0.411597 -0.812957 -0.658576 -0.289341 -0.694665 -0.63523 0.226438 -0.738382 -0.999674 0.00336408 -0.0253068 -0.999327 -0.00044414 0.0366867 -0.363203 0.425465 0.828893 -0.590499 0.247839 0.768041 -0.353142 -0.411596 0.840167 -0.61609 -0.311476 0.723475 -0.995351 0.00336342 0.0962592 -0.997822 -0.0353003 -0.0557283 0.999368 -4.10696e-07 -0.035542 -0.999368 -3.98314e-07 0.035542 </float_array>
          <technique_common>
            <accessor count="40" offset="0" source="#meshId66-bitangents-array" stride="3">
              <param name="X" type="float" />
              <param name="Y" type="float" />
              <param name="Z" type="float" />
            </accessor>
          </technique_common>
        </source>
        <source id="meshId66-tex0" name="meshId66-tex0">
          <float_array id="meshId66-tex0-array" count="80"> 0.310907 0.162516 0.316535 0.162516 0.319349 0.16739 0.308093 0.16739 0.319349 0.157642 0.324977 0.157642 0.316535 0.152769 0.319349 0.147895 0.310907 0.152769 0.308093 0.147895 0.308093 0.157642 0.302465 0.157642 0.93038 0.948051 0.93038 0.956251 0.909121 0.956251 0.909121 0.948051 0.93038 0.96445 0.909121 0.96445 0.93038 0.97265 0.909121 0.97265 0.93038 0.98085 0.909121 0.98085 0.93038 0.989049 0.909121 0.989049 0.93038 0.997249 0.909121 0.997249 0.284807 0.147271 0.296063 0.147271 0.293249 0.152145 0.287621 0.152145 0.30169 0.157019 0.296062 0.157019 0.296063 0.166767 0.293249 0.161893 0.284807 0.166767 0.287621 0.161893 0.279179 0.157019 0.284807 0.157019 0.313721 0.158093 0.290435 0.157469 </float_array>
          <technique_common>
            <accessor count="40" offset="0" source="#meshId66-tex0-array" stride="2">
              <param name="S" type="float" />
              <param name="T" type="float" />
            </accessor>
          </technique_common>
        </source>
        <vertices id="meshId66-vertices">
          <input semantic="POSITION" source="#meshId66-positions" />
          <input semantic="NORMAL" source="#meshId66-normals" />
          <input semantic="TANGENT" source="#meshId66-tangents" />
          <input semantic="BINORMAL" source="#meshId66-bitangents" />
          <input semantic="TEXCOORD" source="#meshId66-tex0"  />
        </vertices>
        <polylist count="48" material="defaultMaterial">
          <input offset="0" semantic="VERTEX" source="#meshId66-vertices" />
          <vcount>3 3 3 3 3 3 3 3 3 3 3 3 3 3 3 3 3 3 3 3 3 3 3 3 3 3 3 3 3 3 3 3 3 3 3 3 3 3 3 3 3 3 3 3 3 3 3 3 </vcount>
          <p>3 0 1 1 2 3 2 1 4 4 5 2 5 4 6 6 7 5 7 6 8 8 9 7 9 8 10 10 11 9 11 10 0 0 3 11 15 12 13 13 14 15 14 13 16 16 17 14 17 16 18 18 19 17 19 18 20 20 21 19 21 20 22 22 23 21 23 22 24 24 25 23 29 26 27 27 28 29 28 27 30 30 31 28 31 30 32 32 33 31 33 32 34 34 35 33 35 34 36 36 37 35 37 36 26 26 29 37 1 0 38 4 1 38 6 4 38 8 6 38 10 8 38 0 10 38 29 28 39 28 31 39 31 33 39 33 35 39 35 37 39 37 29 39 </p>
        </polylist>
      </mesh>
    </geometry>
    <geometry id="meshId67" name="meshId67_name" >
      <mesh>
        <source id="meshId67-positions" name="meshId67-positions">
          <float_array id="meshId67-positions-array" count="120"> 0.324713 0.575797 0.309779 0.324713 0.548525 0.309779 0.333453 0.542876 0.263658 0.333453 0.581446 0.263658 0.293281 0.534889 0.312776 0.289001 0.523592 0.267896 0.261848 0.548525 0.315773 0.24455 0.542876 0.272134 0.261848 0.575797 0.315773 0.24455 0.581446 0.272134 0.293281 0.589434 0.312776 0.289001 0.60073 0.267896 0.333453 0.581446 0.263658 0.333453 0.542876 0.263658 0.32135 0.542876 0.136717 0.32135 0.581446 0.136717 0.289001 0.523592 0.267896 0.276898 0.523592 0.140956 0.24455 0.542876 0.272134 0.232446 0.542876 0.145194 0.24455 0.581446 0.272134 0.232446 0.581446 0.145194 0.289001 0.60073 0.267896 0.276898 0.60073 0.140956 0.333453 0.581446 0.263658 0.32135 0.581446 0.136717 0.32135 0.581446 0.136717 0.32135 0.542876 0.136717 0.304051 0.548525 0.0930788 0.304051 0.575797 0.0930788 0.276898 0.523592 0.140956 0.272618 0.534889 0.0960758 0.232446 0.542876 0.145194 0.241186 0.548525 0.0990729 0.232446 0.581446 0.145194 0.241186 0.575797 0.0990729 0.276898 0.60073 0.140956 0.272618 0.589434 0.0960758 0.295053 0.562161 0.331366 0.270846 0.562161 0.0774859 </float_array>
          <technique_common>
            <accessor count="40" offset="0" source="#meshId67-positions-array" stride="3">
              <param name="X" type="float" />
              <param name="Y" type="float" />
              <param name="Z" type="float" />
            </accessor>
          </technique_common>
        </source>
        <source id="meshId67-normals" name="meshId67-normals">
          <float_array id="meshId67-normals-array" count="120"> 0.754607 0.562487 0.337899 0.754607 -0.562487 0.337899 0.79517 -0.606297 -0.010439 0.79517 0.606297 -0.010439 0.034276 -0.932524 0.359479 0.005242 -0.998474 0.054972 -0.677153 -0.562488 0.474417 -0.782814 -0.606297 0.140021 -0.677153 0.562488 0.474417 -0.782814 0.606297 0.140021 0.034276 0.932524 0.359479 0.005241 0.998474 0.054972 0.79517 0.606297 -0.010439 0.79517 -0.606297 -0.010439 0.782814 -0.606297 -0.140021 0.782814 0.606297 -0.140021 0.005242 -0.998474 0.054972 -0.005241 -0.998474 -0.054972 -0.782814 -0.606297 0.140021 -0.79517 -0.606297 0.010439 -0.782814 0.606297 0.140021 -0.79517 0.606297 0.010439 0.005241 0.998474 0.054972 -0.005242 0.998474 -0.054972 0.79517 0.606297 -0.010439 0.782814 0.606297 -0.140021 0.782814 0.606297 -0.140021 0.782814 -0.606297 -0.140021 0.677153 -0.562487 -0.474417 0.677153 0.562487 -0.474417 -0.005241 -0.998474 -0.054972 -0.034276 -0.932524 -0.359479 -0.79517 -0.606297 0.010439 -0.754607 -0.562488 -0.337899 -0.79517 0.606297 0.010439 -0.754607 0.562488 -0.337899 -0.005242 0.998474 -0.054972 -0.034276 0.932524 -0.359479 0.094919 -0 0.995485 -0.094919 0 -0.995485 </float_array>
          <technique_common>
            <accessor count="40" offset="0" source="#meshId67-normals-array" stride="3">
              <param name="X" type="float" />
              <param name="Y" type="float" />
              <param name="Z" type="float" />
            </accessor>
          </technique_common>
        </source>
        <source id="meshId67-tangents" name="meshId67-tangents">
          <float_array id="meshId67-tangents-array" count="120"> 0.321589 -0.765892 0.556767 -0.367259 -0.788786 -0.492886 -0.519204 -0.671851 -0.528246 0.52552 -0.680435 0.510722 -0.089737 -0.361109 -0.928196 -0.0339588 -0.0551188 -0.997902 0.230748 -0.774525 -0.588953 0.419533 -0.680435 -0.600832 -0.285918 -0.795194 0.534713 -0.41002 -0.671851 0.616847 -0.00922247 -0.35938 0.933146 0.155237 -0.0551187 0.986338 0.0432572 -0.0395446 0.998281 0.0432571 0.0395445 0.998281 0.146178 -0.0395447 0.988468 0.146178 0.0395447 0.988468 0.0947741 0.0552214 0.993966 0.0947742 -0.0552213 0.993966 0.146178 0.0395446 0.988468 0.0432572 -0.0395446 0.998281 0.146178 -0.0395446 0.988468 0.0432572 0.0395446 0.998281 0.0947742 -0.0552213 0.993966 0.0947741 0.0552214 0.993966 0.0432572 -0.0395446 0.998281 0.146178 0.0395446 0.988468 0.41002 -0.671851 -0.616847 -0.419533 -0.680435 0.600833 -0.230747 -0.774526 0.588953 0.285917 -0.795194 -0.534712 0.0339587 -0.0551188 0.997902 0.0897231 -0.361109 0.928197 0.519198 -0.671842 0.528263 0.36724 -0.788777 0.492915 -0.525514 -0.680428 -0.510738 -0.321586 -0.76589 -0.556772 -0.155223 -0.0551189 -0.98634 0.00922251 -0.35938 -0.933146 -3.83445e-07 -1 3.9446e-08 3.97735e-07 -1 -3.91483e-08 </float_array>
          <technique_common>
            <accessor count="40" offset="0" source="#meshId67-tangents-array" stride="3">
              <param name="X" type="float" />
              <param name="Y" type="float" />
              <param name="Z" type="float" />
            </accessor>
          </technique_common>
        </source>
        <source id="meshId67-bitangents" name="meshId67-bitangents">
          <float_array id="meshId67-bitangents-array" count="120"> 0.571969 -0.311476 -0.758838 0.543773 0.247839 -0.801802 0.31326 0.425465 -0.849027 0.302546 -0.411597 -0.859683 0.995376 -0.000443727 -0.0960592 0.999409 0.00336422 -0.0341959 0.698727 -0.289341 0.654265 0.459558 -0.411597 0.787016 0.678023 0.226438 0.699293 0.468066 0.425465 0.774528 0.99937 -0.0352998 -0.00371792 0.987863 0.0033643 -0.155289 0.604842 -0.794254 -0.0576714 -0.604842 -0.794254 0.0576713 -0.604842 -0.794254 0.0576713 0.604842 -0.794254 -0.0576713 -0.995485 -4.50294e-07 0.0949189 -0.995485 -5.50877e-07 0.094919 -0.604842 0.794254 0.0576714 -0.604842 0.794254 0.0576714 0.604842 0.794254 -0.0576714 0.604842 0.794255 -0.0576714 0.995485 5.50877e-07 -0.094919 0.995485 4.45172e-07 -0.094919 0.604842 -0.794255 -0.0576714 0.604842 -0.794254 -0.0576714 -0.468066 0.425465 -0.774528 -0.459558 -0.411597 -0.787016 -0.698727 -0.289341 -0.654265 -0.678023 0.226438 -0.699293 -0.999409 0.00336323 0.0341958 -0.995377 -0.000438686 0.0960463 -0.313271 0.425479 0.849017 -0.543786 0.247867 0.801785 -0.302556 -0.41161 0.859673 -0.571971 -0.311481 0.758834 -0.987865 0.00336255 0.155275 -0.99937 -0.0352998 0.00371788 0.995485 -3.85458e-07 -0.094919 -0.995485 -3.99655e-07 0.094919 </float_array>
          <technique_common>
            <accessor count="40" offset="0" source="#meshId67-bitangents-array" stride="3">
              <param name="X" type="float" />
              <param name="Y" type="float" />
              <param name="Z" type="float" />
            </accessor>
          </technique_common>
        </source>
        <source id="meshId67-tex0" name="meshId67-tex0">
          <float_array id="meshId67-tex0-array" count="80"> 0.310907 0.142761 0.316535 0.142761 0.319349 0.147635 0.308093 0.147635 0.319349 0.137887 0.324977 0.137887 0.316535 0.133013 0.319349 0.128139 0.310907 0.133013 0.308093 0.128139 0.308093 0.137887 0.302465 0.137887 0.952556 0.948051 0.952556 0.956251 0.931298 0.956251 0.931298 0.948051 0.952556 0.96445 0.931298 0.96445 0.952556 0.97265 0.931298 0.97265 0.952556 0.98085 0.931298 0.98085 0.952556 0.989049 0.931298 0.989049 0.952556 0.997249 0.931298 0.997249 0.284807 0.127275 0.296063 0.127275 0.293249 0.132149 0.287621 0.132149 0.30169 0.137023 0.296062 0.137023 0.296063 0.14677 0.293249 0.141897 0.284807 0.14677 0.287621 0.141897 0.279179 0.137023 0.284807 0.137023 0.313721 0.138337 0.290435 0.137473 </float_array>
          <technique_common>
            <accessor count="40" offset="0" source="#meshId67-tex0-array" stride="2">
              <param name="S" type="float" />
              <param name="T" type="float" />
            </accessor>
          </technique_common>
        </source>
        <vertices id="meshId67-vertices">
          <input semantic="POSITION" source="#meshId67-positions" />
          <input semantic="NORMAL" source="#meshId67-normals" />
          <input semantic="TANGENT" source="#meshId67-tangents" />
          <input semantic="BINORMAL" source="#meshId67-bitangents" />
          <input semantic="TEXCOORD" source="#meshId67-tex0"  />
        </vertices>
        <polylist count="48" material="defaultMaterial">
          <input offset="0" semantic="VERTEX" source="#meshId67-vertices" />
          <vcount>3 3 3 3 3 3 3 3 3 3 3 3 3 3 3 3 3 3 3 3 3 3 3 3 3 3 3 3 3 3 3 3 3 3 3 3 3 3 3 3 3 3 3 3 3 3 3 3 </vcount>
          <p>3 0 1 1 2 3 2 1 4 4 5 2 5 4 6 6 7 5 7 6 8 8 9 7 9 8 10 10 11 9 11 10 0 0 3 11 15 12 13 13 14 15 14 13 16 16 17 14 17 16 18 18 19 17 19 18 20 20 21 19 21 20 22 22 23 21 23 22 24 24 25 23 29 26 27 27 28 29 28 27 30 30 31 28 31 30 32 32 33 31 33 32 34 34 35 33 35 34 36 36 37 35 37 36 26 26 29 37 1 0 38 4 1 38 6 4 38 8 6 38 10 8 38 0 10 38 29 28 39 28 31 39 31 33 39 33 35 39 35 37 39 37 29 39 </p>
        </polylist>
      </mesh>
    </geometry>
    <geometry id="meshId68" name="meshId68_name" >
      <mesh>
        <source id="meshId68-positions" name="meshId68-positions">
          <float_array id="meshId68-positions-array" count="120"> 0.211848 0.575797 0.304906 0.211848 0.548525 0.304906 0.225831 0.542876 0.260095 0.225831 0.581446 0.260095 0.180279 0.534889 0.304271 0.181186 0.523592 0.259197 0.148711 0.548525 0.303637 0.136541 0.542876 0.258299 0.148711 0.575797 0.303637 0.136541 0.581446 0.258299 0.180279 0.589434 0.304271 0.181186 0.60073 0.259197 0.225831 0.581446 0.260095 0.225831 0.542876 0.260095 0.228395 0.542876 0.132605 0.228395 0.581446 0.132605 0.181186 0.523592 0.259197 0.18375 0.523592 0.131707 0.136541 0.542876 0.258299 0.139106 0.542876 0.130809 0.136541 0.581446 0.258299 0.139106 0.581446 0.130809 0.181186 0.60073 0.259197 0.18375 0.60073 0.131707 0.225831 0.581446 0.260095 0.228395 0.581446 0.132605 0.228395 0.581446 0.132605 0.228395 0.542876 0.132605 0.216225 0.548525 0.0872672 0.216225 0.575797 0.0872672 0.18375 0.523592 0.131707 0.184657 0.534889 0.0866323 0.139106 0.542876 0.130809 0.153088 0.548525 0.0859974 0.139106 0.581446 0.130809 0.153088 0.575797 0.0859974 0.18375 0.60073 0.131707 0.184657 0.589434 0.0866323 0.179904 0.562161 0.322942 0.185032 0.562161 0.0679618 </float_array>
          <technique_common>
            <accessor count="40" offset="0" source="#meshId68-positions-array" stride="3">
              <param name="X" type="float" />
              <param name="Y" type="float" />
              <param name="Z" type="float" />
            </accessor>
          </technique_common>
        </source>
        <source id="meshId68-normals" name="meshId68-normals">
          <float_array id="meshId68-normals-array" count="120"> 0.710778 0.562487 0.422378 0.710778 -0.562487 0.422378 0.791102 -0.606297 0.081008 0.791101 0.606297 0.081008 -0.007261 -0.932524 0.361036 -0.00111 -0.998474 0.05521 -0.727185 -0.562488 0.393458 -0.793719 -0.606297 0.049135 -0.727185 0.562488 0.393458 -0.793719 0.606297 0.049135 -0.007261 0.932524 0.361036 -0.001111 0.998474 0.05521 0.791101 0.606297 0.081008 0.791102 -0.606297 0.081008 0.793719 -0.606297 -0.049135 0.793719 0.606297 -0.049135 -0.00111 -0.998474 0.05521 0.001111 -0.998474 -0.05521 -0.793719 -0.606297 0.049135 -0.791101 -0.606297 -0.081008 -0.793719 0.606297 0.049135 -0.791102 0.606297 -0.081008 -0.001111 0.998474 0.05521 0.00111 0.998474 -0.05521 0.791101 0.606297 0.081008 0.793719 0.606297 -0.049135 0.793719 0.606297 -0.049135 0.793719 -0.606297 -0.049135 0.727186 -0.562487 -0.393457 0.727186 0.562487 -0.393458 0.001111 -0.998474 -0.05521 0.007261 -0.932524 -0.361036 -0.791101 -0.606297 -0.081008 -0.710778 -0.562488 -0.422378 -0.791102 0.606297 -0.081008 -0.710778 0.562487 -0.422378 0.00111 0.998474 -0.05521 0.007261 0.932524 -0.361036 -0.020108 0 0.999798 0.020108 0 -0.999798 </float_array>
          <technique_common>
            <accessor count="40" offset="0" source="#meshId68-normals-array" stride="3">
              <param name="X" type="float" />
              <param name="Y" type="float" />
              <param name="Z" type="float" />
            </accessor>
          </technique_common>
        </source>
        <source id="meshId68-tangents" name="meshId68-tangents">
          <float_array id="meshId68-tangents-array" count="120"> 0.614783 -0.204971 -0.761596 0.590496 0.150834 -0.79282 0.313605 0.288314 -0.904725 0.25702 -0.209304 -0.943468 0.999475 -0.018165 -0.0268176 0.999848 -0.000146006 0.0174614 0.583672 -0.204986 0.785689 0.218921 -0.209362 0.953017 0.558122 0.150793 0.815942 0.276976 0.288313 0.916602 0.997583 -0.0181967 0.0670635 0.999741 -0.000146254 0.0227629 -0.0717483 -0.0395443 0.996639 -0.0717482 0.0395442 0.996639 0.0316184 -0.0395447 0.998717 0.0316184 0.0395447 0.998717 -0.0200773 0.0552212 0.998272 -0.0200772 -0.0552212 0.998272 0.0316184 0.0395448 0.998717 -0.0717482 -0.0395443 0.996639 0.0316184 -0.0395447 0.998717 -0.0717482 0.0395442 0.996639 -0.0200772 -0.0552212 0.998272 -0.0200773 0.0552212 0.998272 -0.0717483 -0.0395442 0.996639 0.0316184 0.0395447 0.998717 -0.276972 0.288308 -0.916605 -0.218921 -0.209362 -0.953017 -0.583662 -0.204966 -0.785702 -0.558137 0.150824 -0.815926 -0.999848 -0.000146976 -0.0174617 -0.999475 -0.0181653 0.0268183 -0.313601 0.288308 0.904728 -0.590491 0.150822 0.792826 -0.257063 -0.209363 0.943444 -0.614782 -0.204967 0.761598 -0.999741 -0.000146803 -0.0227547 -0.997589 -0.0181655 -0.0669828 0.999798 -3.83846e-05 0.020108 -0.999798 -5.313e-09 -0.020108 </float_array>
          <technique_common>
            <accessor count="40" offset="0" source="#meshId68-tangents-array" stride="3">
              <param name="X" type="float" />
              <param name="Y" type="float" />
              <param name="Z" type="float" />
            </accessor>
          </technique_common>
        </source>
        <source id="meshId68-bitangents" name="meshId68-bitangents">
          <float_array id="meshId68-bitangents-array" count="120"> -0.341813 0.800996 -0.491496 0.382242 0.812931 0.439356 0.525176 0.741134 0.418223 -0.555067 0.7672 -0.321412 0.0315662 0.360652 0.932166 -0.0174267 0.055221 0.998322 -0.361287 0.800992 0.477371 -0.567524 0.767184 0.298906 0.399626 0.812939 -0.423591 0.541567 0.741134 -0.396769 0.0691079 0.36065 -0.930137 0.0227363 0.055221 -0.998215 0.607463 -0.794254 0.0122173 -0.607462 -0.794255 -0.0122172 -0.607462 -0.794255 -0.0122173 0.607462 -0.794255 0.0122172 -0.999798 -3.8452e-07 -0.0201079 -0.999798 -6.16768e-07 -0.0201079 -0.607462 0.794255 -0.0122173 -0.607463 0.794254 -0.0122172 0.607462 0.794255 0.0122172 0.607462 0.794255 0.0122172 0.999798 6.19097e-07 0.0201079 0.999798 3.85102e-07 0.020108 0.607463 -0.794254 0.0122173 0.607462 -0.794255 0.0122172 -0.541569 0.741136 0.396763 0.567524 0.767184 -0.298906 0.361302 0.800998 -0.477351 -0.399605 0.812933 0.423621 0.017427 0.055221 -0.998322 -0.031567 0.360652 -0.932166 -0.525179 0.741136 -0.418217 -0.382251 0.812933 -0.439345 0.555047 0.767184 0.321484 0.341815 0.800997 0.491493 -0.0227281 0.055221 0.998216 -0.0690214 0.360652 0.930143 3.83769e-05 1 7.71838e-07 -5.31192e-09 1 -1.06834e-10 </float_array>
          <technique_common>
            <accessor count="40" offset="0" source="#meshId68-bitangents-array" stride="3">
              <param name="X" type="float" />
              <param name="Y" type="float" />
              <param name="Z" type="float" />
            </accessor>
          </technique_common>
        </source>
        <source id="meshId68-tex0" name="meshId68-tex0">
          <float_array id="meshId68-tex0-array" count="80"> 0.072402 0.014626 0.072402 0.008998 0.077276 0.006184 0.077276 0.017439 0.067528 0.006184 0.067528 0.000556 0.062654 0.008998 0.057781 0.006184 0.062654 0.014625 0.057781 0.017439 0.067528 0.017439 0.067528 0.023067 0.974854 0.948051 0.974854 0.956251 0.953595 0.956251 0.953595 0.948051 0.974854 0.96445 0.953595 0.96445 0.974854 0.97265 0.953595 0.97265 0.974854 0.98085 0.953595 0.98085 0.974854 0.989049 0.953595 0.989049 0.974854 0.997249 0.953595 0.997249 0.059942 0.040726 0.059942 0.02947 0.064816 0.032284 0.064816 0.037912 0.06969 0.023842 0.06969 0.02947 0.079438 0.02947 0.074564 0.032284 0.079438 0.040726 0.074564 0.037912 0.06969 0.046354 0.06969 0.040726 0.067979 0.011812 0.07014 0.035098 </float_array>
          <technique_common>
            <accessor count="40" offset="0" source="#meshId68-tex0-array" stride="2">
              <param name="S" type="float" />
              <param name="T" type="float" />
            </accessor>
          </technique_common>
        </source>
        <vertices id="meshId68-vertices">
          <input semantic="POSITION" source="#meshId68-positions" />
          <input semantic="NORMAL" source="#meshId68-normals" />
          <input semantic="TANGENT" source="#meshId68-tangents" />
          <input semantic="BINORMAL" source="#meshId68-bitangents" />
          <input semantic="TEXCOORD" source="#meshId68-tex0"  />
        </vertices>
        <polylist count="48" material="defaultMaterial">
          <input offset="0" semantic="VERTEX" source="#meshId68-vertices" />
          <vcount>3 3 3 3 3 3 3 3 3 3 3 3 3 3 3 3 3 3 3 3 3 3 3 3 3 3 3 3 3 3 3 3 3 3 3 3 3 3 3 3 3 3 3 3 3 3 3 3 </vcount>
          <p>3 0 1 1 2 3 2 1 4 4 5 2 5 4 6 6 7 5 7 6 8 8 9 7 9 8 10 10 11 9 11 10 0 0 3 11 15 12 13 13 14 15 14 13 16 16 17 14 17 16 18 18 19 17 19 18 20 20 21 19 21 20 22 22 23 21 23 22 24 24 25 23 29 26 27 27 28 29 28 27 30 30 31 28 31 30 32 32 33 31 33 32 34 34 35 33 35 34 36 36 37 35 37 36 26 26 29 37 1 0 38 4 1 38 6 4 38 8 6 38 10 8 38 0 10 38 29 28 39 28 31 39 31 33 39 33 35 39 35 37 39 37 29 39 </p>
        </polylist>
      </mesh>
    </geometry>
    <geometry id="meshId69" name="meshId69_name" >
      <mesh>
        <source id="meshId69-positions" name="meshId69-positions">
          <float_array id="meshId69-positions-array" count="120"> 0.10464 0.571073 0.316534 0.100712 0.544088 0.316062 0.118123 0.536603 0.272746 0.123678 0.574764 0.273413 0.0677302 0.535177 0.3121 0.0714798 0.524 0.267143 0.0386764 0.553249 0.308611 0.0303915 0.549558 0.262208 0.0426044 0.580233 0.309082 0.0359466 0.587719 0.262875 0.0755863 0.589145 0.313044 0.0825901 0.600322 0.268478 0.123678 0.574764 0.273413 0.118123 0.536603 0.272746 0.133331 0.536603 0.14614 0.138886 0.574764 0.146807 0.0714798 0.524 0.267143 0.0866874 0.524 0.140537 0.0303915 0.549558 0.262208 0.045599 0.549558 0.135602 0.0359466 0.587719 0.262875 0.0511542 0.587719 0.136269 0.0825901 0.600322 0.268478 0.0977976 0.600322 0.141872 0.123678 0.574764 0.273413 0.138886 0.574764 0.146807 0.138886 0.574764 0.146807 0.133331 0.536603 0.14614 0.126673 0.544088 0.0999326 0.130601 0.571073 0.100404 0.0866874 0.524 0.140537 0.0936911 0.535177 0.0959709 0.045599 0.549558 0.135602 0.0646373 0.553249 0.0924811 0.0511542 0.587719 0.136269 0.0685653 0.580233 0.0929529 0.0977976 0.600322 0.141872 0.101547 0.589145 0.0969146 0.0694312 0.562161 0.331113 0.0998463 0.562161 0.0779018 </float_array>
          <technique_common>
            <accessor count="40" offset="0" source="#meshId69-positions-array" stride="3">
              <param name="X" type="float" />
              <param name="Y" type="float" />
              <param name="Z" type="float" />
            </accessor>
          </technique_common>
        </source>
        <source id="meshId69-normals" name="meshId69-normals">
          <float_array id="meshId69-normals-array" count="120"> 0.738799 0.452217 0.499676 0.576769 -0.660858 0.480213 0.683503 -0.714858 0.147653 0.858153 0.484909 0.168632 -0.177377 -0.922659 0.342399 -0.150396 -0.987912 0.037553 -0.836115 -0.452217 0.310501 -0.873677 -0.484909 -0.039391 -0.674085 0.660858 0.329964 -0.699027 0.714858 -0.018413 0.091246 0.922659 0.374665 0.137225 0.987912 0.072101 0.858153 0.484909 0.168632 0.683503 -0.714858 0.147653 0.699027 -0.714858 0.018413 0.873677 0.484909 0.039391 -0.150396 -0.987912 0.037553 -0.137225 -0.987912 -0.072101 -0.873677 -0.484909 -0.039391 -0.858153 -0.484909 -0.168632 -0.699027 0.714858 -0.018413 -0.683503 0.714858 -0.147653 0.137225 0.987912 0.072101 0.150396 0.987912 -0.037553 0.858153 0.484909 0.168632 0.873677 0.484909 0.039391 0.873677 0.484909 0.039391 0.699027 -0.714858 0.018413 0.674085 -0.660858 -0.329964 0.836115 0.452217 -0.310501 -0.137225 -0.987912 -0.072101 -0.091246 -0.922659 -0.374665 -0.858153 -0.484909 -0.168632 -0.738799 -0.452217 -0.499676 -0.683503 0.714858 -0.147653 -0.576769 0.660858 -0.480213 0.150396 0.987912 -0.037553 0.177377 0.922659 -0.342399 -0.11926 0 0.992863 0.11926 0 -0.992863 </float_array>
          <technique_common>
            <accessor count="40" offset="0" source="#meshId69-normals-array" stride="3">
              <param name="X" type="float" />
              <param name="Y" type="float" />
              <param name="Z" type="float" />
            </accessor>
          </technique_common>
        </source>
        <source id="meshId69-tangents" name="meshId69-tangents">
          <float_array id="meshId69-tangents-array" count="120"> 0.651536 -0.289747 -0.701105 0.681976 0.0659079 -0.728399 0.440294 0.242419 -0.864508 0.316766 -0.241616 -0.917214 0.984095 -0.162855 0.0709599 0.982652 -0.14521 0.115368 0.466973 -0.289764 0.835447 0.0905782 -0.241679 0.966119 0.490051 0.0658698 0.869202 0.223039 0.242419 0.944186 0.972888 -0.162885 0.164188 0.982019 -0.145211 0.120632 -0.175485 -0.0316274 0.983974 -0.164094 0.0466251 0.985342 -0.073921 -0.046625 0.996174 -0.0625295 0.0316274 0.997542 -0.111125 0.0546371 0.992303 -0.127032 -0.0546369 0.990393 -0.0625294 0.0316273 0.997542 -0.175485 -0.0316274 0.983974 -0.073921 -0.046625 0.996174 -0.164093 0.0466252 0.985342 -0.127032 -0.0546369 0.990393 -0.111124 0.0546371 0.992303 -0.175485 -0.0316275 0.983974 -0.0625294 0.0316273 0.997542 -0.139984 0.328104 -0.934212 -0.150887 -0.172617 -0.973363 -0.526009 -0.115854 -0.842551 -0.446625 0.232557 -0.863969 -0.982694 0.14492 -0.115372 -0.989328 0.126909 -0.0715884 -0.35724 0.328102 0.874488 -0.638524 0.232556 0.733625 -0.377105 -0.172617 0.909943 -0.710577 -0.115855 0.694016 -0.982063 0.14492 -0.120628 -0.978139 0.126908 -0.164739 0.982355 -0.145103 0.117998 -0.982361 0.145065 -0.117998 </float_array>
          <technique_common>
            <accessor count="40" offset="0" source="#meshId69-tangents-array" stride="3">
              <param name="X" type="float" />
              <param name="Y" type="float" />
              <param name="Z" type="float" />
            </accessor>
          </technique_common>
        </source>
        <source id="meshId69-bitangents" name="meshId69-bitangents">
          <float_array id="meshId69-bitangents-array" count="120"> -0.172272 0.843532 -0.5087 0.449718 0.747612 0.488703 0.582207 0.655905 0.480442 -0.404021 0.840527 -0.360946 -0.00971055 0.34954 0.936871 -0.10852 0.0542524 0.992613 -0.287832 0.843526 0.45345 -0.478 0.840508 0.255072 0.552684 0.747615 -0.368256 0.679422 0.655905 -0.328899 0.212517 0.349526 -0.912507 0.129644 0.0542508 -0.990075 0.482471 -0.873993 0.0579531 -0.711264 -0.697713 -0.0854352 -0.711264 -0.697713 -0.0854352 0.482471 -0.873993 0.0579532 -0.982361 0.145065 -0.117999 -0.98236 0.145066 -0.117998 -0.482471 0.873993 -0.0579531 -0.482471 0.873993 -0.0579531 0.711264 0.697713 0.0854352 0.711264 0.697713 0.0854351 0.982361 -0.145066 0.117998 0.982361 -0.145065 0.117998 0.482471 -0.873993 0.0579531 0.482471 -0.873993 0.0579531 -0.465932 0.810686 0.354536 0.698995 0.677629 -0.228527 0.518579 0.741515 -0.425713 -0.318492 0.861056 0.396416 0.124427 0.0550212 -0.990702 0.1136 0.364134 -0.924392 -0.368718 0.810686 -0.454791 -0.215555 0.861056 -0.460563 0.624993 0.677629 0.38756 0.403011 0.741515 0.536412 -0.113728 0.0550214 0.991987 -0.108544 0.364135 0.924999 0.144068 0.989417 0.017305 0.14403 0.989422 0.0173005 </float_array>
          <technique_common>
            <accessor count="40" offset="0" source="#meshId69-bitangents-array" stride="3">
              <param name="X" type="float" />
              <param name="Y" type="float" />
              <param name="Z" type="float" />
            </accessor>
          </technique_common>
        </source>
        <source id="meshId69-tex0" name="meshId69-tex0">
          <float_array id="meshId69-tex0-array" count="80"> 0.173579 0.014626 0.173579 0.008998 0.178452 0.006184 0.178452 0.017439 0.168705 0.006184 0.168705 0.000556 0.163831 0.008998 0.158957 0.006184 0.163831 0.014625 0.158957 0.017439 0.168705 0.017439 0.168705 0.023067 0.997127 0.948051 0.997127 0.956251 0.975869 0.956251 0.975869 0.948051 0.997127 0.96445 0.975869 0.96445 0.997127 0.97265 0.975869 0.97265 0.997127 0.98085 0.975869 0.98085 0.997127 0.989049 0.975869 0.989049 0.997127 0.997249 0.975869 0.997249 0.163023 0.040726 0.163023 0.02947 0.167897 0.032284 0.167897 0.037912 0.172771 0.023842 0.172771 0.02947 0.182518 0.02947 0.177644 0.032284 0.182518 0.040726 0.177644 0.037912 0.172771 0.046354 0.172771 0.040726 0.169155 0.011812 0.173221 0.035098 </float_array>
          <technique_common>
            <accessor count="40" offset="0" source="#meshId69-tex0-array" stride="2">
              <param name="S" type="float" />
              <param name="T" type="float" />
            </accessor>
          </technique_common>
        </source>
        <vertices id="meshId69-vertices">
          <input semantic="POSITION" source="#meshId69-positions" />
          <input semantic="NORMAL" source="#meshId69-normals" />
          <input semantic="TANGENT" source="#meshId69-tangents" />
          <input semantic="BINORMAL" source="#meshId69-bitangents" />
          <input semantic="TEXCOORD" source="#meshId69-tex0"  />
        </vertices>
        <polylist count="48" material="defaultMaterial">
          <input offset="0" semantic="VERTEX" source="#meshId69-vertices" />
          <vcount>3 3 3 3 3 3 3 3 3 3 3 3 3 3 3 3 3 3 3 3 3 3 3 3 3 3 3 3 3 3 3 3 3 3 3 3 3 3 3 3 3 3 3 3 3 3 3 3 </vcount>
          <p>3 0 1 1 2 3 2 1 4 4 5 2 5 4 6 6 7 5 7 6 8 8 9 7 9 8 10 10 11 9 11 10 0 0 3 11 15 12 13 13 14 15 14 13 16 16 17 14 17 16 18 18 19 17 19 18 20 20 21 19 21 20 22 22 23 21 23 22 24 24 25 23 29 26 27 27 28 29 28 27 30 30 31 28 31 30 32 32 33 31 33 32 34 34 35 33 35 34 36 36 37 35 37 36 26 26 29 37 1 0 38 4 1 38 6 4 38 8 6 38 10 8 38 0 10 38 29 28 39 28 31 39 31 33 39 33 35 39 35 37 39 37 29 39 </p>
        </polylist>
      </mesh>
    </geometry>
    <geometry id="meshId70" name="meshId70_name" >
      <mesh>
        <source id="meshId70-positions" name="meshId70-positions">
          <float_array id="meshId70-positions-array" count="120"> 0.0169368 0.575797 0.287242 0.0169368 0.548525 0.287242 0.031625 0.542876 0.242656 0.031625 0.581446 0.242656 -0.0146177 0.534889 0.286109 -0.0129997 0.523592 0.241054 -0.0461722 0.548525 0.284975 -0.0576245 0.542876 0.239451 -0.0461722 0.575797 0.284975 -0.0576246 0.581446 0.239451 -0.0146177 0.589434 0.286109 -0.0129998 0.60073 0.241054 0.031625 0.581446 0.242656 0.031625 0.542876 0.242656 0.0362012 0.542876 0.115223 0.0362012 0.581446 0.115223 -0.0129997 0.523592 0.241054 -0.00842356 0.523592 0.11362 -0.0576245 0.542876 0.239451 -0.0530484 0.542876 0.112018 -0.0576246 0.581446 0.239451 -0.0530484 0.581446 0.112018 -0.0129998 0.60073 0.241054 -0.00842357 0.60073 0.11362 0.031625 0.581446 0.242656 0.0362012 0.581446 0.115223 0.0362012 0.581446 0.115223 0.0362012 0.542876 0.115223 0.0247488 0.548525 0.0696988 0.0247488 0.575797 0.0696988 -0.00842356 0.523592 0.11362 -0.00680564 0.534889 0.0685657 -0.0530484 0.542876 0.112018 -0.0383601 0.548525 0.0674326 -0.0530484 0.581446 0.112018 -0.0383601 0.575797 0.0674326 -0.00842357 0.60073 0.11362 -0.00680564 0.589434 0.0685657 -0.0152879 0.562161 0.304771 -0.00613547 0.562161 0.0499034 </float_array>
          <technique_common>
            <accessor count="40" offset="0" source="#meshId70-positions-array" stride="3">
              <param name="X" type="float" />
              <param name="Y" type="float" />
              <param name="Z" type="float" />
            </accessor>
          </technique_common>
        </source>
        <source id="meshId70-normals" name="meshId70-normals">
          <float_array id="meshId70-normals-array" count="120"> 0.704022 0.562487 0.433545 0.704022 -0.562487 0.433545 0.789724 -0.606297 0.093486 0.789724 0.606297 0.093486 -0.012959 -0.932524 0.360876 -0.001982 -0.998474 0.055186 -0.733306 -0.562488 0.38193 -0.794396 -0.606297 0.0366 -0.733306 0.562488 0.38193 -0.794396 0.606297 0.0366 -0.012959 0.932524 0.360876 -0.001982 0.998474 0.055186 0.789724 0.606297 0.093486 0.789724 -0.606297 0.093486 0.794396 -0.606297 -0.0366 0.794396 0.606297 -0.0366 -0.001982 -0.998474 0.055186 0.001982 -0.998474 -0.055186 -0.794396 -0.606297 0.0366 -0.789724 -0.606297 -0.093486 -0.794396 0.606297 0.0366 -0.789724 0.606297 -0.093486 -0.001982 0.998474 0.055186 0.001982 0.998474 -0.055186 0.789724 0.606297 0.093486 0.794396 0.606297 -0.0366 0.794396 0.606297 -0.0366 0.794396 -0.606297 -0.0366 0.733306 -0.562487 -0.38193 0.733306 0.562487 -0.38193 0.001982 -0.998474 -0.055186 0.012959 -0.932524 -0.360876 -0.789724 -0.606297 -0.093486 -0.704022 -0.562488 -0.433545 -0.789724 0.606297 -0.093486 -0.704022 0.562487 -0.433545 0.001982 0.998474 -0.055186 0.012959 0.932524 -0.360876 -0.035887 0 0.999356 0.035887 0 -0.999356 </float_array>
          <technique_common>
            <accessor count="40" offset="0" source="#meshId70-normals-array" stride="3">
              <param name="X" type="float" />
              <param name="Y" type="float" />
              <param name="Z" type="float" />
            </accessor>
          </technique_common>
        </source>
        <source id="meshId70-tangents" name="meshId70-tangents">
          <float_array id="meshId70-tangents-array" count="120"> 0.246137 -0.765895 0.593987 -0.299757 -0.788789 -0.536617 -0.445779 -0.671851 -0.591522 0.454329 -0.680435 0.574972 0.032205 -0.361108 -0.931968 0.0966413 -0.0551191 -0.993792 0.305673 -0.774522 -0.553786 0.494399 -0.680435 -0.540904 -0.353289 -0.795192 0.492805 -0.487059 -0.671851 0.558023 -0.130964 -0.35938 0.923956 0.0251094 -0.055119 0.998164 -0.0874717 -0.0395446 0.995382 -0.0874717 0.0395446 0.995382 0.0158497 -0.0395447 0.999092 0.0158497 0.0395447 0.999092 -0.0358324 0.0552216 0.997831 -0.0358324 -0.0552216 0.997831 0.0158497 0.0395447 0.999092 -0.0874717 -0.0395446 0.995382 0.0158497 -0.0395447 0.999092 -0.0874717 0.0395446 0.995382 -0.0358325 -0.0552216 0.997831 -0.0358324 0.0552216 0.997831 -0.0874717 -0.0395446 0.995382 0.0158497 0.0395447 0.999092 0.487052 -0.671842 -0.55804 -0.494392 -0.680427 0.54092 -0.305686 -0.774529 0.553769 0.353284 -0.795191 -0.492811 -0.0966265 -0.0551191 0.993793 -0.0322976 -0.361108 0.931964 0.445787 -0.67186 0.591505 0.29976 -0.788789 0.536615 -0.454337 -0.680444 -0.574956 -0.246118 -0.765887 -0.594006 -0.0251237 -0.055119 -0.998164 0.131056 -0.359377 -0.923944 -3.6439e-07 -1 -9.74981e-09 3.95358e-07 -1 2.32214e-08 </float_array>
          <technique_common>
            <accessor count="40" offset="0" source="#meshId70-tangents-array" stride="3">
              <param name="X" type="float" />
              <param name="Y" type="float" />
              <param name="Z" type="float" />
            </accessor>
          </technique_common>
        </source>
        <source id="meshId70-bitangents" name="meshId70-bitangents">
          <float_array id="meshId70-bitangents-array" count="120"> 0.66616 -0.311469 -0.677656 0.643816 0.247832 -0.723934 0.421447 0.425465 -0.800851 0.412215 -0.411596 -0.812814 0.999397 -0.000455362 0.0347115 0.995317 0.00336355 0.0966031 0.607311 -0.289349 0.739899 0.352852 -0.411597 0.840288 0.580904 0.226445 0.781839 0.362917 0.425465 0.829018 0.991302 -0.0352882 0.126784 0.999683 0.00336405 -0.0249619 0.607194 -0.794254 0.0218045 -0.607194 -0.794254 -0.0218045 -0.607194 -0.794254 -0.0218045 0.607194 -0.794255 0.0218045 -0.999356 2.52388e-07 -0.0358872 -0.999356 -2.53087e-07 -0.0358872 -0.607194 0.794254 -0.0218045 -0.607194 0.794254 -0.0218046 0.607194 0.794255 0.0218046 0.607194 0.794254 0.0218046 0.999356 2.50526e-07 0.0358872 0.999356 -2.5332e-07 0.0358872 0.607194 -0.794254 0.0218045 0.607194 -0.794255 0.0218045 -0.362927 0.425479 -0.829006 -0.352862 -0.41161 -0.840277 -0.607304 -0.289332 -0.739911 -0.580907 0.226452 -0.781836 -0.995319 0.00336273 -0.0965883 -0.999394 -0.000421911 -0.0347978 -0.421437 0.425451 0.800863 -0.643815 0.247829 0.723936 -0.412206 -0.411583 0.812826 -0.666167 -0.31149 0.677639 -0.999682 0.00336484 0.0249761 -0.99129 -0.0353215 -0.12687 0.999356 -3.64505e-07 0.035887 -0.999356 -3.95937e-07 -0.035887 </float_array>
          <technique_common>
            <accessor count="40" offset="0" source="#meshId70-bitangents-array" stride="3">
              <param name="X" type="float" />
              <param name="Y" type="float" />
              <param name="Z" type="float" />
            </accessor>
          </technique_common>
        </source>
        <source id="meshId70-tex0" name="meshId70-tex0">
          <float_array id="meshId70-tex0-array" count="80"> 0.310959 0.103207 0.316578 0.103207 0.319387 0.108073 0.308149 0.108073 0.319387 0.098341 0.325007 0.098341 0.316578 0.093474 0.319387 0.088607 0.310958 0.093474 0.308149 0.088607 0.308149 0.098341 0.30253 0.098341 0.438179 0.948089 0.438179 0.956276 0.416953 0.956276 0.416953 0.948089 0.438179 0.964463 0.416953 0.964463 0.438179 0.97265 0.416953 0.97265 0.438179 0.980837 0.416953 0.980837 0.438179 0.989025 0.416953 0.989025 0.438179 0.997212 0.416953 0.997212 0.284862 0.047582 0.296101 0.047582 0.293292 0.052448 0.287672 0.052448 0.301721 0.057315 0.296101 0.057315 0.296101 0.067048 0.293292 0.062181 0.284862 0.067048 0.287672 0.062181 0.279243 0.057315 0.284862 0.057315 0.313768 0.09879 0.290482 0.057765 </float_array>
          <technique_common>
            <accessor count="40" offset="0" source="#meshId70-tex0-array" stride="2">
              <param name="S" type="float" />
              <param name="T" type="float" />
            </accessor>
          </technique_common>
        </source>
        <vertices id="meshId70-vertices">
          <input semantic="POSITION" source="#meshId70-positions" />
          <input semantic="NORMAL" source="#meshId70-normals" />
          <input semantic="TANGENT" source="#meshId70-tangents" />
          <input semantic="BINORMAL" source="#meshId70-bitangents" />
          <input semantic="TEXCOORD" source="#meshId70-tex0"  />
        </vertices>
        <polylist count="48" material="defaultMaterial">
          <input offset="0" semantic="VERTEX" source="#meshId70-vertices" />
          <vcount>3 3 3 3 3 3 3 3 3 3 3 3 3 3 3 3 3 3 3 3 3 3 3 3 3 3 3 3 3 3 3 3 3 3 3 3 3 3 3 3 3 3 3 3 3 3 3 3 </vcount>
          <p>3 0 1 1 2 3 2 1 4 4 5 2 5 4 6 6 7 5 7 6 8 8 9 7 9 8 10 10 11 9 11 10 0 0 3 11 15 12 13 13 14 15 14 13 16 16 17 14 17 16 18 18 19 17 19 18 20 20 21 19 21 20 22 22 23 21 23 22 24 24 25 23 29 26 27 27 28 29 28 27 30 30 31 28 31 30 32 32 33 31 33 32 34 34 35 33 35 34 36 36 37 35 37 36 26 26 29 37 1 0 38 4 1 38 6 4 38 8 6 38 10 8 38 0 10 38 29 28 39 28 31 39 31 33 39 33 35 39 35 37 39 37 29 39 </p>
        </polylist>
      </mesh>
    </geometry>
    <geometry id="meshId71" name="meshId71_name" >
      <mesh>
        <source id="meshId71-positions" name="meshId71-positions">
          <float_array id="meshId71-positions-array" count="408"> -0.804536 0.881438 0.441596 -0.697264 0.89714 0.443247 -0.697264 0.900666 0.443618 -0.804536 0.884965 0.441967 -0.589993 0.898131 0.443351 -0.589993 0.901658 0.443722 -0.482721 0.893795 0.442895 -0.482721 0.897321 0.443266 -0.37545 0.883288 0.441791 -0.37545 0.886814 0.442161 -0.268179 0.882169 0.441673 -0.268179 0.885696 0.442044 -0.160907 0.895236 0.443047 -0.160907 0.898763 0.443418 -0.0536358 0.903371 0.442661 -0.0536358 0.906897 0.443031 0.0536357 0.903371 0.442661 0.0536357 0.906897 0.443031 0.160907 0.895236 0.443047 0.160907 0.898763 0.443418 0.268178 0.882169 0.441673 0.268178 0.885696 0.442044 0.37545 0.883288 0.441791 0.37545 0.886814 0.442161 0.482721 0.893795 0.442895 0.482721 0.897321 0.443266 0.589993 0.898131 0.443351 0.589993 0.901658 0.443722 0.697264 0.89714 0.443247 0.697264 0.900666 0.443618 0.804536 0.881438 0.441596 0.804536 0.884965 0.441967 -0.804536 0.884965 0.441967 -0.697264 0.900666 0.443618 -0.697264 0.993769 -0.4417 -0.804536 0.978067 -0.443351 -0.589993 0.901658 0.443722 -0.589993 0.99476 -0.441596 -0.482721 0.897321 0.443266 -0.482721 0.990424 -0.442052 -0.37545 0.886814 0.442161 -0.37545 0.979917 -0.443157 -0.268179 0.885696 0.442044 -0.268179 0.978798 -0.443275 -0.160907 0.898763 0.443418 -0.160907 0.991865 -0.4419 -0.0536358 0.906897 0.443031 -0.0536358 1 -0.442287 0.0536357 0.906897 0.443031 0.0536357 1 -0.442287 0.160907 0.898763 0.443418 0.160907 0.991865 -0.4419 0.268178 0.885696 0.442044 0.268178 0.978798 -0.443275 0.37545 0.886814 0.442161 0.37545 0.979917 -0.443157 0.482721 0.897321 0.443266 0.482721 0.990424 -0.442052 0.589993 0.901658 0.443722 0.589993 0.99476 -0.441596 0.697264 0.900666 0.443618 0.697264 0.993769 -0.4417 0.804536 0.884965 0.441967 0.804536 0.978067 -0.443351 -0.804536 0.978067 -0.443351 -0.697264 0.993769 -0.4417 -0.697264 0.990243 -0.442071 -0.804536 0.974541 -0.443722 -0.589993 0.99476 -0.441596 -0.589993 0.991234 -0.441967 -0.482721 0.990424 -0.442052 -0.482721 0.986898 -0.442423 -0.37545 0.979917 -0.443157 -0.37545 0.976391 -0.443528 -0.268179 0.978798 -0.443275 -0.268179 0.975272 -0.443645 -0.160907 0.991865 -0.4419 -0.160907 0.988339 -0.442271 -0.0536358 1 -0.442287 -0.0536358 0.996473 -0.442658 0.0536357 1 -0.442287 0.0536357 0.996473 -0.442658 0.160907 0.991865 -0.4419 0.160907 0.988339 -0.442271 0.268178 0.978798 -0.443275 0.268178 0.975272 -0.443645 0.37545 0.979917 -0.443157 0.37545 0.976391 -0.443528 0.482721 0.990424 -0.442052 0.482721 0.986898 -0.442423 0.589993 0.99476 -0.441596 0.589993 0.991234 -0.441967 0.697264 0.993769 -0.4417 0.697264 0.990243 -0.442071 0.804536 0.978067 -0.443351 0.804536 0.974541 -0.443722 -0.804536 0.974541 -0.443722 -0.697264 0.990243 -0.442071 -0.697264 0.89714 0.443247 -0.804536 0.881438 0.441596 -0.589993 0.991234 -0.441967 -0.589993 0.898131 0.443351 -0.482721 0.986898 -0.442423 -0.482721 0.893795 0.442895 -0.37545 0.976391 -0.443528 -0.37545 0.883288 0.441791 -0.268179 0.975272 -0.443645 -0.268179 0.882169 0.441673 -0.160907 0.988339 -0.442271 -0.160907 0.895236 0.443047 -0.0536358 0.996473 -0.442658 -0.0536358 0.903371 0.442661 0.0536357 0.996473 -0.442658 0.0536357 0.903371 0.442661 0.160907 0.988339 -0.442271 0.160907 0.895236 0.443047 0.268178 0.975272 -0.443645 0.268178 0.882169 0.441673 0.37545 0.976391 -0.443528 0.37545 0.883288 0.441791 0.482721 0.986898 -0.442423 0.482721 0.893795 0.442895 0.589993 0.991234 -0.441967 0.589993 0.898131 0.443351 0.697264 0.990243 -0.442071 0.697264 0.89714 0.443247 0.804536 0.974541 -0.443722 0.804536 0.881438 0.441596 0.804536 0.881438 0.441596 0.804536 0.974541 -0.443722 0.804536 0.978067 -0.443351 0.804536 0.884965 0.441967 -0.804536 0.974541 -0.443722 -0.804536 0.881438 0.441596 -0.804536 0.884965 0.441967 -0.804536 0.978067 -0.443351 </float_array>
          <technique_common>
            <accessor count="136" offset="0" source="#meshId71-positions-array" stride="3">
              <param name="X" type="float" />
              <param name="Y" type="float" />
              <param name="Z" type="float" />
            </accessor>
          </technique_common>
        </source>
        <source id="meshId71-normals" name="meshId71-normals">
          <float_array id="meshId71-normals-array" count="408"> 1e-06 -0.104586 0.994516 0 -0.104586 0.994516 0 -0.104586 0.994516 1e-06 -0.104586 0.994516 0 -0.104586 0.994516 0 -0.104586 0.994516 0 -0.104586 0.994516 0 -0.104586 0.994516 0 -0.104586 0.994516 0 -0.104586 0.994516 0 -0.104586 0.994516 0 -0.104586 0.994516 0.005401 -0.104585 0.994501 0.006123 -0.104584 0.994497 0.005891 -0.104584 0.994499 0.005616 -0.104584 0.9945 -0.005891 -0.104584 0.994499 -0.005617 -0.104584 0.9945 -0.005402 -0.104585 0.994501 -0.006123 -0.104584 0.994497 0 -0.104586 0.994516 1e-06 -0.104586 0.994516 0 -0.104586 0.994516 0 -0.104586 0.994516 0 -0.104586 0.994516 0 -0.104586 0.994516 0 -0.104586 0.994516 0 -0.104586 0.994516 0 -0.104586 0.994516 0 -0.104586 0.994516 0 -0.104586 0.994516 0 -0.104586 0.994516 -0.145611 0.983916 0.103471 -0.077996 0.991486 0.104268 -0.077996 0.991486 0.104268 -0.145611 0.983916 0.103471 0.015676 0.994394 0.104573 0.015676 0.994394 0.104573 0.069398 0.992118 0.104334 0.069398 0.992118 0.104334 0.054405 0.993043 0.104431 0.054405 0.993043 0.104431 -0.055911 0.99296 0.104423 -0.055911 0.99296 0.104423 -0.098368 0.989693 0.104079 -0.098197 0.989709 0.104081 -0.037629 0.993812 0.104512 -0.037356 0.993822 0.104513 0.037629 0.993812 0.104512 0.037356 0.993822 0.104513 0.098368 0.989693 0.104079 0.098197 0.989709 0.104081 0.055911 0.99296 0.104423 0.055911 0.99296 0.104423 -0.054405 0.993043 0.104431 -0.054405 0.993043 0.104431 -0.069398 0.992118 0.104334 -0.069398 0.992118 0.104334 -0.015676 0.994394 0.104573 -0.015676 0.994394 0.104573 0.077996 0.991486 0.104268 0.077996 0.991486 0.104268 0.145611 0.983916 0.103471 0.145611 0.983916 0.103471 -0 0.104586 -0.994516 -0 0.104586 -0.994516 -0 0.104586 -0.994516 -0 0.104586 -0.994516 -0 0.104586 -0.994516 -0 0.104586 -0.994516 0 0.104586 -0.994516 0 0.104586 -0.994516 1e-06 0.104586 -0.994516 1e-06 0.104586 -0.994516 -1e-06 0.104586 -0.994516 -0 0.104586 -0.994516 -0.006124 0.104584 -0.994497 -0.005402 0.104585 -0.994501 -0.005616 0.104584 -0.9945 -0.005891 0.104584 -0.994499 0.005616 0.104584 -0.9945 0.005891 0.104584 -0.994499 0.006123 0.104584 -0.994497 0.005402 0.104585 -0.994501 0 0.104586 -0.994516 0 0.104586 -0.994516 -1e-06 0.104586 -0.994516 -0 0.104586 -0.994516 -0 0.104586 -0.994516 -0 0.104586 -0.994516 0 0.104586 -0.994516 0 0.104586 -0.994516 0 0.104586 -0.994516 0 0.104586 -0.994516 1e-06 0.104586 -0.994516 1e-06 0.104586 -0.994516 0.145611 -0.983916 -0.103471 0.077996 -0.991486 -0.104268 0.077996 -0.991486 -0.104268 0.145611 -0.983916 -0.103471 -0.015676 -0.994394 -0.104573 -0.015676 -0.994394 -0.104573 -0.069398 -0.992118 -0.104334 -0.069398 -0.992118 -0.104334 -0.054405 -0.993043 -0.104431 -0.054405 -0.993043 -0.104431 0.055911 -0.99296 -0.104423 0.055911 -0.99296 -0.104423 0.098197 -0.989709 -0.104081 0.098368 -0.989693 -0.104079 0.037356 -0.993822 -0.104513 0.037629 -0.993812 -0.104512 -0.037356 -0.993822 -0.104513 -0.037629 -0.993812 -0.104512 -0.098197 -0.989709 -0.104081 -0.098368 -0.989693 -0.104079 -0.055911 -0.99296 -0.104423 -0.055911 -0.99296 -0.104423 0.054405 -0.993043 -0.104431 0.054405 -0.993043 -0.104431 0.069398 -0.992118 -0.104334 0.069398 -0.992118 -0.104334 0.015676 -0.994394 -0.104573 0.015676 -0.994394 -0.104573 -0.077996 -0.991486 -0.104268 -0.077996 -0.991486 -0.104268 -0.145611 -0.983916 -0.103471 -0.145611 -0.983916 -0.103471 1 0 0 1 0 0 1 0 0 1 0 0 -1 0 0 -1 0 0 -1 0 0 -1 0 0 </float_array>
          <technique_common>
            <accessor count="136" offset="0" source="#meshId71-normals-array" stride="3">
              <param name="X" type="float" />
              <param name="Y" type="float" />
              <param name="Z" type="float" />
            </accessor>
          </technique_common>
        </source>
        <source id="meshId71-tangents" name="meshId71-tangents">
          <float_array id="meshId71-tangents-array" count="408"> 2.28733e-12 0.994516 0.104586 0 0.994516 0.104586 0 0.994516 0.104586 2.35375e-12 0.994516 0.104586 0 0.994516 0.104586 0 0.994516 0.104586 0 0.994516 0.104586 0 0.994516 0.104586 0 0.994516 0.104586 0 0.994516 0.104586 0 0.994516 0.104586 0 0.994516 0.104586 3.42508e-08 0.994516 0.104587 3.44892e-08 0.994516 0.104586 -5.68762e-08 0.994516 0.104586 -5.52667e-08 0.994516 0.104586 1.68181e-08 0.994516 0.104586 1.56941e-08 0.994516 0.104586 -3.39697e-08 0.994516 0.104587 -3.52429e-08 0.994516 0.104586 0 0.994516 0.104586 2.23484e-12 0.994516 0.104586 0 0.994516 0.104586 0 0.994516 0.104586 0 0.994516 0.104586 0 0.994516 0.104586 0 0.994516 0.104586 0 0.994516 0.104586 0 0.994516 0.104586 0 0.994516 0.104586 0 0.994516 0.104586 0 0.994516 0.104586 5.53292e-08 0.104586 -0.994516 -3.56489e-08 0.104587 -0.994516 -3.61898e-08 0.104587 -0.994516 7.23492e-08 0.104586 -0.994516 -5.46309e-09 0.104586 -0.994516 -5.51696e-09 0.104586 -0.994516 -9.68944e-11 0.104586 -0.994516 3.63103e-06 0.104586 -0.994516 4.20278e-06 0.104586 -0.994516 4.22232e-06 0.104586 -0.994516 3.58284e-06 0.104587 -0.994516 -2.59067e-08 0.104587 -0.994516 -2.47235e-09 0.104586 -0.994516 -2.02074e-08 0.104586 -0.994516 1.05566e-08 0.104586 -0.994516 9.54992e-09 0.104586 -0.994516 -7.58871e-09 0.104586 -0.994516 -6.61715e-09 0.104586 -0.994516 2.43219e-09 0.104586 -0.994516 3.20275e-08 0.104586 -0.994516 2.59068e-08 0.104587 -0.994516 2.93681e-08 0.104587 -0.994516 1.07417e-08 0.104586 -0.994516 1.42974e-08 0.104586 -0.994516 9.83056e-11 0.104586 -0.994516 3.61785e-06 0.104586 -0.994516 4.22827e-06 0.104586 -0.994516 4.23114e-06 0.104586 -0.994516 3.64238e-06 0.104586 -0.994516 3.62077e-08 0.104587 -0.994516 -7.22655e-08 0.104586 -0.994516 -5.42443e-08 0.104586 -0.994516 0 -0.994516 -0.104586 0 -0.994516 -0.104586 0 -0.994516 -0.104586 0 -0.994516 -0.104586 0 -0.994516 -0.104586 0 -0.994516 -0.104586 0 -0.994516 -0.104586 -2.02255e-05 -0.994516 -0.104586 -0.00195064 -0.994514 -0.104586 -0.00194934 -0.994514 -0.104586 -1.98917e-05 -0.994516 -0.104586 0 -0.994516 -0.104586 -5.15996e-09 -0.994516 -0.104586 -8.07734e-09 -0.994516 -0.104587 1.59824e-08 -0.994516 -0.104586 1.64154e-08 -0.994516 -0.104586 -1.6193e-08 -0.994516 -0.104586 -1.61803e-08 -0.994516 -0.104586 5.61257e-09 -0.994516 -0.104586 7.68601e-09 -0.994516 -0.104587 0 -0.994516 -0.104586 0 -0.994516 -0.104586 2.63494e-12 -0.994516 -0.104586 0 -0.994516 -0.104586 0 -0.994516 -0.104586 -2.02886e-05 -0.994516 -0.104586 -0.00194927 -0.994514 -0.104586 -0.00194986 -0.994514 -0.104586 -2.16718e-05 -0.994516 -0.104586 0 -0.994516 -0.104586 -5.94669e-12 -0.994516 -0.104586 -6.07967e-12 -0.994516 -0.104586 -5.42443e-08 -0.104586 0.994516 4.18403e-08 -0.104587 0.994516 4.13035e-08 -0.104587 0.994516 -5.42443e-08 -0.104586 0.994516 4.50553e-09 -0.104586 0.994516 4.55948e-09 -0.104586 0.994516 -4.93177e-09 -0.104586 0.994516 3.62596e-06 -0.104586 0.994516 4.2276e-06 -0.104586 0.994516 4.24639e-06 -0.104586 0.994516 3.63779e-06 -0.104586 0.994516 -3.6107e-06 -0.104587 0.994516 -4.19682e-06 -0.104587 0.994516 -6.36992e-07 -0.104586 0.994516 6.16461e-07 -0.104586 0.994516 4.24334e-06 -0.104586 0.994516 3.63761e-06 -0.104586 0.994516 2.94325e-09 -0.104586 0.994516 -3.95077e-08 -0.104586 0.994516 -4.82836e-09 -0.104586 0.994516 -2.55556e-08 -0.104587 0.994516 -2.55576e-08 -0.104587 0.994516 -1.41271e-08 -0.104586 0.994516 -1.09444e-08 -0.104586 0.994516 4.6535e-09 -0.104586 0.994516 3.64875e-06 -0.104586 0.994516 4.24982e-06 -0.104586 0.994516 7.87606e-06 -0.104586 0.994516 7.83348e-06 -0.104587 0.994516 4.16508e-06 -0.104587 0.994516 7.29747e-06 -0.104587 0.994516 5.42443e-08 -0.104586 0.994516 0 0.104586 -0.994516 0 0.104586 -0.994516 0 0.104586 -0.994516 0 0.104586 -0.994516 0 0.104586 -0.994516 0 0.104586 -0.994516 0 0.104586 -0.994516 0 0.104586 -0.994516 </float_array>
          <technique_common>
            <accessor count="136" offset="0" source="#meshId71-tangents-array" stride="3">
              <param name="X" type="float" />
              <param name="Y" type="float" />
              <param name="Z" type="float" />
            </accessor>
          </technique_common>
        </source>
        <source id="meshId71-bitangents" name="meshId71-bitangents">
          <float_array id="meshId71-bitangents-array" count="408"> -1 -1.04584e-07 9.94516e-07 -1 0 0 -1 0 0 -1 -1.04584e-07 9.94516e-07 -1 0 0 -1 0 0 -1 0 0 -1 0 0 -1 0 0 -1 0 0 -1 0 0 -1 0 0 -0.999985 -0.000564838 0.00537139 -0.999981 -0.000640346 0.00608943 -0.999983 -0.000616171 0.00585868 -0.999984 -0.000587408 0.0055852 -0.999983 0.000616131 -0.00585869 -0.999984 0.000587474 -0.0055862 -0.999985 0.000564943 -0.00537238 -0.999981 0.000640345 -0.00608943 -1 0 0 -1 -1.04584e-07 9.94516e-07 -1 0 0 -1 0 0 -1 0 0 -1 0 0 -1 0 0 -1 0 0 -1 0 0 -1 0 0 -1 0 0 -1 0 0 -0.989342 -0.144812 -0.0152289 -0.996954 -0.0775683 -0.00815731 -0.996954 -0.0775683 -0.0081573 -0.989342 -0.144812 -0.0152289 -0.999877 0.01559 0.00163949 -0.999877 0.01559 0.00163949 -0.997589 0.0690174 0.00725807 -0.997589 0.0690178 0.00725445 -0.998519 0.0541071 0.00568581 -0.998519 0.0541071 0.00568579 -0.998436 -0.055604 -0.00585111 -0.998436 -0.0556044 -0.00584752 -0.99515 -0.0978285 -0.0102879 -0.995167 -0.0976585 -0.0102701 -0.999292 -0.0374226 -0.00393548 -0.999302 -0.0371511 -0.00390692 -0.999292 0.0374226 0.00393547 -0.999302 0.0371511 0.00390692 -0.99515 0.0978285 0.0102879 -0.995167 0.0976585 0.0102701 -0.998436 0.0556044 0.00584752 -0.998436 0.0556044 0.00584751 -0.998519 -0.0541066 -0.00569001 -0.998519 -0.0541066 -0.00569001 -0.997589 -0.0690174 -0.00725807 -0.997589 -0.069017 -0.00726168 -0.999877 -0.0155896 -0.00164369 -0.999877 -0.0155896 -0.00164369 -0.996954 0.0775687 0.00815371 -0.996954 0.0775683 0.0081573 -0.989342 0.144812 0.0152289 -0.989342 0.144812 0.0152289 -1 -0 0 -1 -0 0 -1 -0 0 -1 -0 0 -1 -0 0 -1 -0 0 -1 0 -0 -1 2.01146e-05 2.11531e-06 -0.999998 0.00194004 0.000203015 -0.999998 0.00193875 0.000202879 -1 1.96781e-05 3.07491e-06 -1 -0 0 -0.999981 -0.00064048 0.00609042 -0.999985 -0.000564969 0.00537238 -0.999984 -0.000587369 0.0055852 -0.999983 -0.000616131 0.00585869 -0.999984 0.000587369 -0.0055852 -0.999983 0.000616131 -0.00585869 -0.999981 0.000640374 -0.00608942 -0.999985 0.000564969 -0.00537238 -1 0 -0 -1 0 -0 -1 -1.04589e-07 9.94516e-07 -1 -0 0 -1 -0 0 -1 2.01773e-05 2.1219e-06 -0.999998 0.00193858 0.000203867 -0.999998 0.00193917 0.000203928 -1 2.15529e-05 2.26656e-06 -1 0 -0 -1 1.04592e-07 -9.94515e-07 -1 1.04592e-07 -9.94515e-07 -0.989342 -0.144812 -0.0152289 -0.996954 -0.0775683 -0.0081573 -0.996954 -0.0775683 -0.0081573 -0.989342 -0.144812 -0.0152289 -0.999877 0.01559 0.00163949 -0.999877 0.01559 0.00163949 -0.997589 0.0690174 0.00725807 -0.997589 0.069017 0.00726169 -0.998519 0.0541062 0.00569421 -0.998519 0.0541062 0.00569422 -0.998436 -0.0556048 -0.00584392 -0.998436 -0.055604 -0.00585114 -0.995167 -0.097658 -0.0102743 -0.99515 -0.0978284 -0.0102886 -0.999302 -0.0371512 -0.0039063 -0.999292 -0.0374231 -0.00393125 -0.999302 0.0371507 0.00391053 -0.999292 0.0374226 0.00393547 -0.995167 0.0976585 0.01027 -0.99515 0.0978285 0.0102879 -0.998436 0.0556044 0.00584752 -0.998436 0.0556044 0.00584752 -0.998519 -0.0541066 -0.00569001 -0.998519 -0.0541066 -0.00569001 -0.997589 -0.0690174 -0.00725807 -0.997589 -0.0690178 -0.00725443 -0.999877 -0.0155905 -0.00163526 -0.999877 -0.0155908 -0.00163165 -0.996954 0.0775675 0.00816515 -0.996954 0.0775678 0.0081615 -0.989342 0.144812 0.0152362 -0.989342 0.144812 0.0152289 -0 0.994516 0.104586 -0 0.994516 0.104586 -0 0.994516 0.104586 -0 0.994516 0.104586 -0 -0.994516 -0.104586 -0 -0.994516 -0.104586 -0 -0.994516 -0.104586 -0 -0.994516 -0.104586 </float_array>
          <technique_common>
            <accessor count="136" offset="0" source="#meshId71-bitangents-array" stride="3">
              <param name="X" type="float" />
              <param name="Y" type="float" />
              <param name="Z" type="float" />
            </accessor>
          </technique_common>
        </source>
        <source id="meshId71-tex0" name="meshId71-tex0">
          <float_array id="meshId71-tex0-array" count="272"> 0.017302 0.281724 0.017302 0.266396 0.01818 0.266396 0.01818 0.281724 0.017302 0.251068 0.01818 0.251068 0.017302 0.23574 0.01818 0.23574 0.017302 0.220412 0.01818 0.220412 0.017302 0.205085 0.01818 0.205085 0.017302 0.189756 0.01818 0.189756 0.017302 0.174428 0.01818 0.174428 0.017302 0.1591 0.01818 0.1591 0.017302 0.143772 0.01818 0.143772 0.017302 0.128444 0.01818 0.128444 0.017302 0.113116 0.01818 0.113116 0.017302 0.097788 0.01818 0.097788 0.017302 0.08246 0.01818 0.08246 0.017302 0.067132 0.01818 0.067132 0.017302 0.051804 0.01818 0.051804 0.01818 0.281724 0.01818 0.266396 0.145472 0.266396 0.145472 0.281724 0.01818 0.251068 0.145472 0.251068 0.01818 0.23574 0.145472 0.23574 0.01818 0.220412 0.145472 0.220413 0.01818 0.205085 0.145472 0.205085 0.01818 0.189756 0.145472 0.189756 0.01818 0.174428 0.145472 0.174428 0.01818 0.1591 0.145472 0.1591 0.01818 0.143772 0.145472 0.143772 0.01818 0.128444 0.145472 0.128444 0.01818 0.113116 0.145472 0.113116 0.01818 0.097788 0.145472 0.097788 0.01818 0.08246 0.145472 0.082461 0.01818 0.067132 0.145472 0.067132 0.01818 0.051804 0.145472 0.051804 0.145472 0.281724 0.145472 0.266396 0.146241 0.266396 0.146241 0.281724 0.145472 0.251068 0.146241 0.251068 0.145472 0.23574 0.146241 0.23574 0.145472 0.220413 0.146241 0.220412 0.145472 0.205085 0.146241 0.205085 0.145472 0.189756 0.146241 0.189756 0.145472 0.174428 0.146241 0.174428 0.145472 0.1591 0.146241 0.1591 0.145472 0.143772 0.146241 0.143772 0.145472 0.128444 0.146241 0.128444 0.145472 0.113116 0.146241 0.113116 0.145472 0.097788 0.146241 0.097788 0.145472 0.082461 0.146241 0.08246 0.145472 0.067132 0.146241 0.067132 0.145472 0.051804 0.146241 0.051804 0.148976 0.282048 0.148976 0.26672 0.276267 0.26672 0.276267 0.282048 0.148976 0.251392 0.276267 0.251392 0.148975 0.236064 0.276267 0.236064 0.148976 0.220736 0.276267 0.220737 0.148976 0.205409 0.276267 0.205409 0.148975 0.190081 0.276267 0.19008 0.148976 0.174752 0.276267 0.174753 0.148976 0.159424 0.276267 0.159424 0.148975 0.144096 0.276267 0.144096 0.148975 0.128768 0.276267 0.128768 0.148975 0.11344 0.276267 0.11344 0.148976 0.098112 0.276267 0.098112 0.148976 0.082784 0.276267 0.082785 0.148976 0.067456 0.276267 0.067457 0.148975 0.052128 0.276267 0.052128 0.018177 0.050878 0.145472 0.050878 0.145472 0.051804 0.01818 0.051804 0.145472 0.282441 0.018177 0.282441 0.01818 0.281724 0.145472 0.281724 </float_array>
          <technique_common>
            <accessor count="136" offset="0" source="#meshId71-tex0-array" stride="2">
              <param name="S" type="float" />
              <param name="T" type="float" />
            </accessor>
          </technique_common>
        </source>
        <vertices id="meshId71-vertices">
          <input semantic="POSITION" source="#meshId71-positions" />
          <input semantic="NORMAL" source="#meshId71-normals" />
          <input semantic="TANGENT" source="#meshId71-tangents" />
          <input semantic="BINORMAL" source="#meshId71-bitangents" />
          <input semantic="TEXCOORD" source="#meshId71-tex0"  />
        </vertices>
        <polylist count="124" material="defaultMaterial">
          <input offset="0" semantic="VERTEX" source="#meshId71-vertices" />
          <vcount>3 3 3 3 3 3 3 3 3 3 3 3 3 3 3 3 3 3 3 3 3 3 3 3 3 3 3 3 3 3 3 3 3 3 3 3 3 3 3 3 3 3 3 3 3 3 3 3 3 3 3 3 3 3 3 3 3 3 3 3 3 3 3 3 3 3 3 3 3 3 3 3 3 3 3 3 3 3 3 3 3 3 3 3 3 3 3 3 3 3 3 3 3 3 3 3 3 3 3 3 3 3 3 3 3 3 3 3 3 3 3 3 3 3 3 3 3 3 3 3 3 3 3 3 </vcount>
          <p>3 0 1 1 2 3 2 1 4 4 5 2 5 4 6 6 7 5 7 6 8 8 9 7 9 8 10 10 11 9 11 10 12 12 13 11 13 12 14 14 15 13 15 14 16 16 17 15 17 16 18 18 19 17 19 18 20 20 21 19 21 20 22 22 23 21 23 22 24 24 25 23 25 24 26 26 27 25 27 26 28 28 29 27 29 28 30 30 31 29 35 32 33 33 34 35 34 33 36 36 37 34 37 36 38 38 39 37 39 38 40 40 41 39 41 40 42 42 43 41 43 42 44 44 45 43 45 44 46 46 47 45 47 46 48 48 49 47 49 48 50 50 51 49 51 50 52 52 53 51 53 52 54 54 55 53 55 54 56 56 57 55 57 56 58 58 59 57 59 58 60 60 61 59 61 60 62 62 63 61 67 64 65 65 66 67 66 65 68 68 69 66 69 68 70 70 71 69 71 70 72 72 73 71 73 72 74 74 75 73 75 74 76 76 77 75 77 76 78 78 79 77 79 78 80 80 81 79 81 80 82 82 83 81 83 82 84 84 85 83 85 84 86 86 87 85 87 86 88 88 89 87 89 88 90 90 91 89 91 90 92 92 93 91 93 92 94 94 95 93 99 96 97 97 98 99 98 97 100 100 101 98 101 100 102 102 103 101 103 102 104 104 105 103 105 104 106 106 107 105 107 106 108 108 109 107 109 108 110 110 111 109 111 110 112 112 113 111 113 112 114 114 115 113 115 114 116 116 117 115 117 116 118 118 119 117 119 118 120 120 121 119 121 120 122 122 123 121 123 122 124 124 125 123 125 124 126 126 127 125 131 128 129 129 130 131 135 132 133 133 134 135 </p>
        </polylist>
      </mesh>
    </geometry>
    <geometry id="meshId72" name="meshId72_name" >
      <mesh>
        <source id="meshId72-positions" name="meshId72-positions">
          <float_array id="meshId72-positions-array" count="168"> 0.320644 -0.589594 -0.356543 0.320603 -0.501291 -0.356543 0.306345 -0.501298 -0.356543 0.306386 -0.589601 -0.356543 0.306386 -0.589601 -0.356543 0.306345 -0.501298 -0.356543 0.306345 -0.501298 -0.370801 0.306386 -0.589601 -0.370801 0.306386 -0.589601 -0.370801 0.306345 -0.501298 -0.370801 0.320603 -0.501291 -0.370801 0.320644 -0.589594 -0.370801 0.320644 -0.589594 -0.370801 0.320603 -0.501291 -0.370801 0.320603 -0.501291 -0.356543 0.320644 -0.589594 -0.356543 0.320593 -0.479215 -0.356543 0.320593 -0.479215 -0.363672 0.306334 -0.479222 -0.363672 0.306334 -0.479222 -0.356543 0.320654 -0.61167 -0.363672 0.320654 -0.61167 -0.356543 0.306396 -0.611676 -0.356543 0.306396 -0.611676 -0.363672 0.320593 -0.479215 -0.363672 0.320593 -0.479215 -0.356543 0.306334 -0.479222 -0.363672 0.320593 -0.479215 -0.363672 0.306334 -0.479222 -0.356543 0.306334 -0.479222 -0.363672 0.320654 -0.61167 -0.356543 0.320654 -0.61167 -0.363672 0.306396 -0.611676 -0.363672 0.306396 -0.611676 -0.356543 0.320654 -0.61167 -0.363672 0.306396 -0.611676 -0.363672 0.306345 -0.501298 -0.356543 0.320603 -0.501291 -0.356543 0.320603 -0.501291 -0.342285 0.306345 -0.501298 -0.342285 0.320593 -0.479215 -0.342285 0.320603 -0.501291 -0.342285 0.306334 -0.479222 -0.342285 0.320593 -0.479215 -0.342285 0.306345 -0.501298 -0.342285 0.306334 -0.479222 -0.342285 0.320644 -0.589594 -0.356543 0.306386 -0.589601 -0.356543 0.306386 -0.589601 -0.342285 0.320644 -0.589594 -0.342285 0.306396 -0.611676 -0.342285 0.306386 -0.589601 -0.342285 0.320654 -0.61167 -0.342285 0.306396 -0.611676 -0.342285 0.320644 -0.589594 -0.342285 0.320654 -0.61167 -0.342285 </float_array>
          <technique_common>
            <accessor count="56" offset="0" source="#meshId72-positions-array" stride="3">
              <param name="X" type="float" />
              <param name="Y" type="float" />
              <param name="Z" type="float" />
            </accessor>
          </technique_common>
        </source>
        <source id="meshId72-normals" name="meshId72-normals">
          <float_array id="meshId72-normals-array" count="168"> 0 0 1 0 0 1 0 0 1 0 0 1 -1 -0.000466 0 -1 -0.000466 0 -1 -0.000466 0 -1 -0.000466 0 3e-05 -0.064453 -0.997921 -3e-05 0.064453 -0.997921 -3e-05 0.064453 -0.997921 3e-05 -0.064453 -0.997921 1 0.000466 0 1 0.000466 0 1 0.000466 0 1 0.000466 0 -0.000466 1 0 -0.000466 1 0 -0.000466 1 0 -0.000466 1 0 0.000466 -1 0 0.000466 -1 0 0.000466 -1 0 0.000466 -1 0 1 0.000466 0 1 0.000466 0 -0.000143 0.307311 -0.951609 -0.000143 0.307311 -0.951609 -1 -0.000466 0 -1 -0.000466 0 1 0.000466 0 1 0.000466 0 -1 -0.000466 0 -1 -0.000466 0 0.000143 -0.307311 -0.951609 0.000143 -0.307311 -0.951609 0.000466 -1 0 0.000466 -1 0 0.000466 -1 0 0.000466 -1 0 1 0.000466 0 1 0.000466 0 -0.000466 1 0 -0.000466 1 0 -1 -0.000466 0 -1 -0.000466 0 -0.000466 1 0 -0.000466 1 0 -0.000466 1 0 -0.000466 1 0 -1 -0.000466 0 -1 -0.000466 0 0.000466 -1 0 0.000466 -1 0 1 0.000466 0 1 0.000466 0 </float_array>
          <technique_common>
            <accessor count="56" offset="0" source="#meshId72-normals-array" stride="3">
              <param name="X" type="float" />
              <param name="Y" type="float" />
              <param name="Z" type="float" />
            </accessor>
          </technique_common>
        </source>
        <source id="meshId72-tangents" name="meshId72-tangents">
          <float_array id="meshId72-tangents-array" count="168"> -1 -0.000464022 0 -1 -0.00047153 0 -1 -0.000472382 0 -1 -0.000464874 0 0 0 -1 0 0 -1 0 0 -1 0 0 -1 1 0.000464035 9.17224e-08 1 0.00047043 3.21325e-07 1 0.000472366 4.46349e-07 1 0.000432494 2.1289e-06 0 0 1 0 0 1 0 0 1 0 0 1 1 0.000466 0 1 0.000466 0 1 0.000466 0 1 0.000466 -2.82003e-05 1 0.000466 0.000112861 1 0.000466 3.97742e-05 1 0.000466 0 1 0.000466 3.3313e-05 0 0 1 0 0 1 1 0.000464102 -3.95588e-07 1 0.000466781 4.69714e-07 0 0 -1 0 0 -1 0 0 1 0 0 1 0 0 -1 0 0 -1 1 0.000289346 5.6831e-05 1 0.000350677 3.70246e-05 -1 -0.000466 0 -1 -0.000466 -5.64006e-05 -1 -0.000466 -0.000112801 -1 -0.000466 -5.64006e-05 0 0 1 0 0 1 1 0.000466 -0.000112801 1 0.000466 -5.64006e-05 0 0 -1 0 0 -1 -1 -0.000466 0 -1 -0.000466 0 -1 -0.000466 0 -1 -0.000466 0 0 0 -1 0 0 -1 1 0.000466 0 1 0.000466 0 0 0 1 0 0 1 </float_array>
          <technique_common>
            <accessor count="56" offset="0" source="#meshId72-tangents-array" stride="3">
              <param name="X" type="float" />
              <param name="Y" type="float" />
              <param name="Z" type="float" />
            </accessor>
          </technique_common>
        </source>
        <source id="meshId72-bitangents" name="meshId72-bitangents">
          <float_array id="meshId72-bitangents-array" count="168"> 0.000464022 -1 0 0.00047153 -1 0 0.000472382 -1 0 0.000464874 -1 0 0.000466 -1 0 0.000466 -1 0 0.000466 -1 0 0.000466 -1 0 0.000463064 -0.997921 0.064453 0.000469473 -0.997921 -0.064453 0.000471413 -0.997921 -0.064453 0.000431457 -0.997921 0.064453 0.000466 -1 0 0.000466 -1 0 0.000466 -1 0 0.000466 -1 0 0 0 -1 0 0 -1 0 0 -1 -2.82003e-05 -1.31413e-08 -1 -0.000112861 -5.25934e-08 1 -3.97742e-05 -1.85348e-08 1 -0 0 1 -3.3313e-05 -1.55239e-08 1 0.000466 -1 0 0.000466 -1 0 0.000441522 -0.951609 -0.307311 0.000444337 -0.951609 -0.307311 0.000466 -1 0 0.000466 -1 0 0.000466 -1 0 0.000466 -1 0 0.000466 -1 0 0.000466 -1 0 0.000257879 -0.951609 0.307311 0.00032233 -0.951609 0.307311 0 -0 -1 5.64006e-05 2.62827e-08 -1 0.000112801 5.25653e-08 -1 5.64006e-05 2.62827e-08 -1 0.000466 -1 0 0.000466 -1 0 -0.000112801 -5.25653e-08 -1 -5.64006e-05 -2.62827e-08 -1 0.000466 -1 0 0.000466 -1 0 0 0 1 0 0 1 0 0 1 0 0 1 0.000466 -1 0 0.000466 -1 0 -0 0 1 -0 0 1 0.000466 -1 0 0.000466 -1 0 </float_array>
          <technique_common>
            <accessor count="56" offset="0" source="#meshId72-bitangents-array" stride="3">
              <param name="X" type="float" />
              <param name="Y" type="float" />
              <param name="Z" type="float" />
            </accessor>
          </technique_common>
        </source>
        <source id="meshId72-tex0" name="meshId72-tex0">
          <float_array id="meshId72-tex0-array" count="112"> 0.315076 0.341652 0.315076 0.306799 0.323789 0.306799 0.323789 0.341652 0.27908 0.341373 0.27908 0.30652 0.287793 0.30652 0.287793 0.341373 0.287793 0.341373 0.287793 0.30652 0.296507 0.30652 0.296507 0.341373 0.296507 0.341373 0.296507 0.30652 0.305219 0.30652 0.305219 0.341373 0.296506 0.29345 0.296507 0.297807 0.287793 0.297807 0.287793 0.29345 0.296507 0.350086 0.296507 0.354443 0.287794 0.354443 0.287793 0.350087 0.300863 0.297806 0.30522 0.297806 0.287793 0.297807 0.296507 0.297807 0.27908 0.297807 0.283437 0.297807 0.30522 0.350087 0.300863 0.350087 0.283437 0.350086 0.27908 0.350086 0.296507 0.350086 0.287793 0.350087 0.323789 0.306799 0.315076 0.306799 0.315076 0.298086 0.323789 0.298085 0.313933 0.297806 0.313933 0.30652 0.287793 0.284737 0.296506 0.284736 0.270366 0.30652 0.270366 0.297807 0.315076 0.341652 0.323789 0.341652 0.323789 0.350364 0.315076 0.350364 0.270366 0.350086 0.270366 0.341373 0.296506 0.363156 0.287793 0.363156 0.313933 0.341373 0.313933 0.350087 </float_array>
          <technique_common>
            <accessor count="56" offset="0" source="#meshId72-tex0-array" stride="2">
              <param name="S" type="float" />
              <param name="T" type="float" />
            </accessor>
          </technique_common>
        </source>
        <vertices id="meshId72-vertices">
          <input semantic="POSITION" source="#meshId72-positions" />
          <input semantic="NORMAL" source="#meshId72-normals" />
          <input semantic="TANGENT" source="#meshId72-tangents" />
          <input semantic="BINORMAL" source="#meshId72-bitangents" />
          <input semantic="TEXCOORD" source="#meshId72-tex0"  />
        </vertices>
        <polylist count="40" material="defaultMaterial">
          <input offset="0" semantic="VERTEX" source="#meshId72-vertices" />
          <vcount>3 3 3 3 3 3 3 3 3 3 3 3 3 3 3 3 3 3 3 3 3 3 3 3 3 3 3 3 3 3 3 3 3 3 3 3 3 3 3 3 </vcount>
          <p>3 0 1 1 2 3 7 4 5 5 6 7 11 8 9 9 10 11 15 12 13 13 14 15 19 16 17 17 18 19 23 20 21 21 22 23 25 14 13 13 24 25 27 10 9 9 26 27 29 6 5 5 28 29 31 12 15 15 30 31 33 4 7 7 32 33 35 8 11 11 34 35 39 36 37 37 38 39 41 14 25 25 40 41 43 16 19 19 42 43 45 28 5 5 44 45 49 46 47 47 48 49 51 4 33 33 50 51 53 22 21 21 52 53 55 30 15 15 54 55 </p>
        </polylist>
      </mesh>
    </geometry>
    <geometry id="meshId73" name="meshId73_name" >
      <mesh>
        <source id="meshId73-positions" name="meshId73-positions">
          <float_array id="meshId73-positions-array" count="168"> -0.178393 -0.589827 -0.356543 -0.178434 -0.501524 -0.356543 -0.192693 -0.50153 -0.356543 -0.192651 -0.589833 -0.356543 -0.192651 -0.589833 -0.356543 -0.192693 -0.50153 -0.356543 -0.192693 -0.50153 -0.370801 -0.192651 -0.589833 -0.370801 -0.192651 -0.589833 -0.370801 -0.192693 -0.50153 -0.370801 -0.178434 -0.501524 -0.370801 -0.178393 -0.589827 -0.370801 -0.178393 -0.589827 -0.370801 -0.178434 -0.501524 -0.370801 -0.178434 -0.501524 -0.356543 -0.178393 -0.589827 -0.356543 -0.178445 -0.479448 -0.356543 -0.178445 -0.479448 -0.363672 -0.192703 -0.479455 -0.363672 -0.192703 -0.479455 -0.356543 -0.178383 -0.611902 -0.363672 -0.178383 -0.611902 -0.356543 -0.192641 -0.611909 -0.356543 -0.192641 -0.611909 -0.363672 -0.178445 -0.479448 -0.363672 -0.178445 -0.479448 -0.356543 -0.192703 -0.479455 -0.363672 -0.178445 -0.479448 -0.363672 -0.192703 -0.479455 -0.356543 -0.192703 -0.479455 -0.363672 -0.178383 -0.611902 -0.356543 -0.178383 -0.611902 -0.363672 -0.192641 -0.611909 -0.363672 -0.192641 -0.611909 -0.356543 -0.178383 -0.611902 -0.363672 -0.192641 -0.611909 -0.363672 -0.192693 -0.50153 -0.356543 -0.178434 -0.501524 -0.356543 -0.178434 -0.501524 -0.342285 -0.192693 -0.50153 -0.342285 -0.178445 -0.479448 -0.342285 -0.178434 -0.501524 -0.342285 -0.192703 -0.479455 -0.342285 -0.178445 -0.479448 -0.342285 -0.192693 -0.50153 -0.342285 -0.192703 -0.479455 -0.342285 -0.178393 -0.589827 -0.356543 -0.192651 -0.589833 -0.356543 -0.192651 -0.589833 -0.342285 -0.178393 -0.589827 -0.342285 -0.192641 -0.611909 -0.342285 -0.192651 -0.589833 -0.342285 -0.178383 -0.611902 -0.342285 -0.192641 -0.611909 -0.342285 -0.178393 -0.589827 -0.342285 -0.178383 -0.611902 -0.342285 </float_array>
          <technique_common>
            <accessor count="56" offset="0" source="#meshId73-positions-array" stride="3">
              <param name="X" type="float" />
              <param name="Y" type="float" />
              <param name="Z" type="float" />
            </accessor>
          </technique_common>
        </source>
        <source id="meshId73-normals" name="meshId73-normals">
          <float_array id="meshId73-normals-array" count="168"> 0 0 1 0 0 1 0 0 1 0 0 1 -1 -0.000466 0 -1 -0.000466 0 -1 -0.000466 0 -1 -0.000466 0 3e-05 -0.064453 -0.997921 -3e-05 0.064453 -0.997921 -3e-05 0.064453 -0.997921 3e-05 -0.064453 -0.997921 1 0.000466 0 1 0.000466 0 1 0.000466 0 1 0.000466 0 -0.000466 1 0 -0.000466 1 0 -0.000466 1 0 -0.000466 1 0 0.000466 -1 0 0.000466 -1 0 0.000466 -1 0 0.000466 -1 0 1 0.000466 0 1 0.000466 0 -0.000143 0.307311 -0.951609 -0.000143 0.307311 -0.951609 -1 -0.000466 0 -1 -0.000466 0 1 0.000466 0 1 0.000466 0 -1 -0.000466 0 -1 -0.000466 0 0.000143 -0.307311 -0.951609 0.000143 -0.307311 -0.951609 0.000466 -1 0 0.000466 -1 0 0.000466 -1 0 0.000466 -1 0 1 0.000466 0 1 0.000466 0 -0.000466 1 0 -0.000466 1 0 -1 -0.000466 0 -1 -0.000466 0 -0.000466 1 0 -0.000466 1 0 -0.000466 1 0 -0.000466 1 0 -1 -0.000466 0 -1 -0.000466 0 0.000466 -1 0 0.000466 -1 0 1 0.000466 0 1 0.000466 0 </float_array>
          <technique_common>
            <accessor count="56" offset="0" source="#meshId73-normals-array" stride="3">
              <param name="X" type="float" />
              <param name="Y" type="float" />
              <param name="Z" type="float" />
            </accessor>
          </technique_common>
        </source>
        <source id="meshId73-tangents" name="meshId73-tangents">
          <float_array id="meshId73-tangents-array" count="168"> -1 -0.000464022 0 -1 -0.000467776 0 -1 -0.000468202 0 -1 -0.000464448 0 0 0 -1 -4.75211e-08 0.000101977 -1 -8.38992e-08 0.000180041 -1 -4.7476e-09 1.0188e-05 -1 1 0.000464004 9.37546e-08 1 0.000467248 1.15808e-07 1 0.000468216 1.78314e-07 1 0.000464972 3.12429e-08 0 0 1 0 0 1 0 0 1 0 0 1 1 0.000466 0 1 0.000466 0 1 0.000466 0 1 0.000466 0 1 0.000466 0 1 0.000466 0 1 0.000466 0 1 0.000466 0 0 0 1 0 0 1 1 0.000464159 -3.77115e-07 1 0.000465498 5.5488e-08 0 0 -1 -2.7831e-08 5.97232e-05 -1 0 0 1 0 0 1 0 0 -1 0 0 -1 1 0.00046792 -8.37594e-07 1 0.000466581 -4.04941e-07 -1 -0.000466 0 -1 -0.000466 0 -1 -0.000466 0 -1 -0.000466 0 0 0 1 0 0 1 1 0.000466 0 1 0.000466 0 0 0 -1 0 0 -1 -1 -0.000466 0 -1 -0.000466 0 -1 -0.000466 0 -1 -0.000466 0 0 0 -1 0 0 -1 1 0.000466 0 1 0.000466 0 0 0 1 0 0 1 </float_array>
          <technique_common>
            <accessor count="56" offset="0" source="#meshId73-tangents-array" stride="3">
              <param name="X" type="float" />
              <param name="Y" type="float" />
              <param name="Z" type="float" />
            </accessor>
          </technique_common>
        </source>
        <source id="meshId73-bitangents" name="meshId73-bitangents">
          <float_array id="meshId73-bitangents-array" count="168"> 0.000464022 -1 0 0.000467776 -1 0 0.000468202 -1 0 0.000464448 -1 0 0.000466 -1 0 0.000466 -1 -0.000101977 0.000466 -1 -0.000180041 0.000466 -1 -1.0188e-05 0.000463033 -0.997921 0.064453 0.000466284 -0.997921 -0.064453 0.000467254 -0.997921 -0.064453 0.000464003 -0.997921 0.064453 0.000466 -1 0 0.000466 -1 0 0.000466 -1 0 0.000466 -1 0 0 0 -1 0 0 -1 0 0 -1 0 0 -1 -0 0 1 -0 0 1 -0 0 1 -0 0 1 0.000466 -1 0 0.000466 -1 0 0.000441582 -0.951609 -0.307311 0.00044299 -0.951609 -0.307311 0.000466 -1 0 0.000466 -1 -5.97232e-05 0.000466 -1 0 0.000466 -1 0 0.000466 -1 0 0.000466 -1 0 0.000445535 -0.951609 0.307311 0.000444127 -0.951609 0.307311 0 -0 -1 0 -0 -1 0 -0 -1 0 -0 -1 0.000466 -1 0 0.000466 -1 0 0 0 -1 0 0 -1 0.000466 -1 0 0.000466 -1 0 0 0 1 0 0 1 0 0 1 0 0 1 0.000466 -1 0 0.000466 -1 0 -0 0 1 -0 0 1 0.000466 -1 0 0.000466 -1 0 </float_array>
          <technique_common>
            <accessor count="56" offset="0" source="#meshId73-bitangents-array" stride="3">
              <param name="X" type="float" />
              <param name="Y" type="float" />
              <param name="Z" type="float" />
            </accessor>
          </technique_common>
        </source>
        <source id="meshId73-tex0" name="meshId73-tex0">
          <float_array id="meshId73-tex0-array" count="112"> 0.315075 0.341652 0.315075 0.306799 0.323789 0.306799 0.323789 0.341652 0.27907 0.34139 0.27907 0.306536 0.287783 0.306537 0.287783 0.34139 0.287783 0.34139 0.287783 0.306537 0.296496 0.306537 0.296496 0.34139 0.296496 0.34139 0.296496 0.306537 0.305209 0.306537 0.305209 0.34139 0.296496 0.293467 0.296496 0.297823 0.287783 0.297823 0.287783 0.293467 0.296496 0.350103 0.296496 0.35446 0.287783 0.35446 0.287783 0.350103 0.300853 0.297823 0.30521 0.297823 0.287783 0.297823 0.296496 0.297823 0.27907 0.297823 0.283426 0.297823 0.30521 0.350103 0.300853 0.350103 0.283426 0.350103 0.27907 0.350103 0.296496 0.350103 0.287783 0.350103 0.323789 0.306799 0.315075 0.306799 0.315075 0.298086 0.323789 0.298086 0.313922 0.297823 0.313923 0.306537 0.287783 0.284753 0.296496 0.284753 0.270356 0.306536 0.270356 0.297823 0.315075 0.341652 0.323789 0.341652 0.323789 0.350364 0.315075 0.350364 0.270356 0.350103 0.270356 0.34139 0.296496 0.363173 0.287783 0.363173 0.313923 0.34139 0.313923 0.350103 </float_array>
          <technique_common>
            <accessor count="56" offset="0" source="#meshId73-tex0-array" stride="2">
              <param name="S" type="float" />
              <param name="T" type="float" />
            </accessor>
          </technique_common>
        </source>
        <vertices id="meshId73-vertices">
          <input semantic="POSITION" source="#meshId73-positions" />
          <input semantic="NORMAL" source="#meshId73-normals" />
          <input semantic="TANGENT" source="#meshId73-tangents" />
          <input semantic="BINORMAL" source="#meshId73-bitangents" />
          <input semantic="TEXCOORD" source="#meshId73-tex0"  />
        </vertices>
        <polylist count="40" material="defaultMaterial">
          <input offset="0" semantic="VERTEX" source="#meshId73-vertices" />
          <vcount>3 3 3 3 3 3 3 3 3 3 3 3 3 3 3 3 3 3 3 3 3 3 3 3 3 3 3 3 3 3 3 3 3 3 3 3 3 3 3 3 </vcount>
          <p>3 0 1 1 2 3 7 4 5 5 6 7 11 8 9 9 10 11 15 12 13 13 14 15 19 16 17 17 18 19 23 20 21 21 22 23 25 14 13 13 24 25 27 10 9 9 26 27 29 6 5 5 28 29 31 12 15 15 30 31 33 4 7 7 32 33 35 8 11 11 34 35 39 36 37 37 38 39 41 14 25 25 40 41 43 16 19 19 42 43 45 28 5 5 44 45 49 46 47 47 48 49 51 4 33 33 50 51 53 22 21 21 52 53 55 30 15 15 54 55 </p>
        </polylist>
      </mesh>
    </geometry>
    <geometry id="meshId74" name="meshId74_name" >
      <mesh>
        <source id="meshId74-positions" name="meshId74-positions">
          <float_array id="meshId74-positions-array" count="168"> -0.648914 -0.590046 -0.356543 -0.648955 -0.501743 -0.356543 -0.663213 -0.50175 -0.356543 -0.663172 -0.590053 -0.356543 -0.663172 -0.590053 -0.356543 -0.663213 -0.50175 -0.356543 -0.663213 -0.50175 -0.370801 -0.663172 -0.590053 -0.370801 -0.663172 -0.590053 -0.370801 -0.663213 -0.50175 -0.370801 -0.648955 -0.501743 -0.370801 -0.648914 -0.590046 -0.370801 -0.648914 -0.590046 -0.370801 -0.648955 -0.501743 -0.370801 -0.648955 -0.501743 -0.356543 -0.648914 -0.590046 -0.356543 -0.648965 -0.479667 -0.356543 -0.648965 -0.479667 -0.363672 -0.663224 -0.479674 -0.363672 -0.663224 -0.479674 -0.356543 -0.648904 -0.612122 -0.363672 -0.648904 -0.612122 -0.356543 -0.663162 -0.612128 -0.356543 -0.663162 -0.612128 -0.363672 -0.648965 -0.479667 -0.363672 -0.648965 -0.479667 -0.356543 -0.663224 -0.479674 -0.363672 -0.648965 -0.479667 -0.363672 -0.663224 -0.479674 -0.356543 -0.663224 -0.479674 -0.363672 -0.648904 -0.612122 -0.356543 -0.648904 -0.612122 -0.363672 -0.663162 -0.612128 -0.363672 -0.663162 -0.612128 -0.356543 -0.648904 -0.612122 -0.363672 -0.663162 -0.612128 -0.363672 -0.663213 -0.50175 -0.356543 -0.648955 -0.501743 -0.356543 -0.648955 -0.501743 -0.342285 -0.663213 -0.50175 -0.342285 -0.648965 -0.479667 -0.342285 -0.648955 -0.501743 -0.342285 -0.663224 -0.479674 -0.342285 -0.648965 -0.479667 -0.342285 -0.663213 -0.50175 -0.342285 -0.663224 -0.479674 -0.342285 -0.648914 -0.590046 -0.356543 -0.663172 -0.590053 -0.356543 -0.663172 -0.590053 -0.342285 -0.648914 -0.590046 -0.342285 -0.663162 -0.612128 -0.342285 -0.663172 -0.590053 -0.342285 -0.648904 -0.612122 -0.342285 -0.663162 -0.612128 -0.342285 -0.648914 -0.590046 -0.342285 -0.648904 -0.612122 -0.342285 </float_array>
          <technique_common>
            <accessor count="56" offset="0" source="#meshId74-positions-array" stride="3">
              <param name="X" type="float" />
              <param name="Y" type="float" />
              <param name="Z" type="float" />
            </accessor>
          </technique_common>
        </source>
        <source id="meshId74-normals" name="meshId74-normals">
          <float_array id="meshId74-normals-array" count="168"> 0 0 1 0 0 1 0 0 1 0 0 1 -1 -0.000466 0 -1 -0.000466 0 -1 -0.000466 0 -1 -0.000466 0 3e-05 -0.064453 -0.997921 -3e-05 0.064453 -0.997921 -3e-05 0.064453 -0.997921 3e-05 -0.064453 -0.997921 1 0.000466 0 1 0.000466 0 1 0.000466 0 1 0.000466 0 -0.000466 1 0 -0.000466 1 0 -0.000466 1 0 -0.000466 1 0 0.000466 -1 0 0.000466 -1 0 0.000466 -1 0 0.000466 -1 0 1 0.000466 0 1 0.000466 0 -0.000143 0.307311 -0.951609 -0.000143 0.307311 -0.951609 -1 -0.000466 0 -1 -0.000466 0 1 0.000466 0 1 0.000466 0 -1 -0.000466 0 -1 -0.000466 0 0.000143 -0.307311 -0.951609 0.000143 -0.307311 -0.951609 0.000466 -1 0 0.000466 -1 0 0.000466 -1 0 0.000466 -1 0 1 0.000466 0 1 0.000466 0 -0.000466 1 0 -0.000466 1 0 -1 -0.000466 0 -1 -0.000466 0 -0.000466 1 0 -0.000466 1 0 -0.000466 1 0 -0.000466 1 0 -1 -0.000466 0 -1 -0.000466 0 0.000466 -1 0 0.000466 -1 0 1 0.000466 0 1 0.000466 0 </float_array>
          <technique_common>
            <accessor count="56" offset="0" source="#meshId74-normals-array" stride="3">
              <param name="X" type="float" />
              <param name="Y" type="float" />
              <param name="Z" type="float" />
            </accessor>
          </technique_common>
        </source>
        <source id="meshId74-tangents" name="meshId74-tangents">
          <float_array id="meshId74-tangents-array" count="168"> -1 -0.000468202 0 -1 -0.00062514 0 -1 -0.000642949 0 -1 -0.000486011 0 0 0 -1 1.07968e-08 -2.3169e-05 -1 0 0 -1 0 0 -1 1 0.000468184 -1.76247e-07 1 0.000467461 1.29537e-07 1 0.000468216 1.78314e-07 1 0.000468184 -1.76247e-07 0 0 1 8.43472e-08 -0.000181002 1 2.71454e-08 -5.8252e-05 1 2.76645e-09 -5.9366e-06 1 1 0.000466 0 1 0.000466 0 1 0.000466 0 1 0.000466 0 1 0.000466 0 1 0.000466 0 1 0.000466 0 1 0.000466 0 1.629e-07 -0.000349571 1 5.17143e-08 -0.000110975 1 1 0.000464159 -3.77115e-07 1 0.000465498 5.54879e-08 8.14408e-08 -0.000174766 -1 1.08846e-07 -0.000233576 -1 0 0 1 0 0 1 0 0 -1 0 0 -1 1 0.000467919 -8.37123e-07 1 0.000467919 -8.37123e-07 -1 -0.000466 -0.000112931 -1 -0.000466 -5.64655e-05 -1 -0.000466 0 -1 -0.000466 -5.64655e-05 0 0 1 -5.17069e-08 0.000110959 1 1 0.000466 0 1 0.000466 0 0 0 -1 0 0 -1 -1 -0.000466 0 -1 -0.000466 0 -1 -0.000466 0 -1 -0.000466 0 0 0 -1 0 0 -1 1 0.000466 0 1 0.000466 0 0 0 1 0 0 1 </float_array>
          <technique_common>
            <accessor count="56" offset="0" source="#meshId74-tangents-array" stride="3">
              <param name="X" type="float" />
              <param name="Y" type="float" />
              <param name="Z" type="float" />
            </accessor>
          </technique_common>
        </source>
        <source id="meshId74-bitangents" name="meshId74-bitangents">
          <float_array id="meshId74-bitangents-array" count="168"> 0.000468202 -1 0 0.00062514 -1 0 0.000642949 -1 0 0.000486011 -1 0 0.000466 -1 0 0.000466 -1 2.3169e-05 0.000466 -1 0 0.000466 -1 0 0.000467222 -0.997921 0.064453 0.000466497 -0.997921 -0.064453 0.000467254 -0.997921 -0.064453 0.000467222 -0.997921 0.064453 0.000466 -1 0 0.000466 -1 -0.000181002 0.000466 -1 -5.8252e-05 0.000466 -1 -5.9366e-06 0 0 -1 0 0 -1 0 0 -1 0 0 -1 -0 0 1 -0 0 1 -0 0 1 -0 0 1 0.000466 -1 -0.000349571 0.000466 -1 -0.000110975 0.000441582 -0.951609 -0.307311 0.00044299 -0.951609 -0.307311 0.000466 -1 0.000174766 0.000466 -1 0.000233576 0.000466 -1 0 0.000466 -1 0 0.000466 -1 0 0.000466 -1 0 0.000445533 -0.951609 0.307311 0.000445533 -0.951609 0.307311 0.000112931 5.26259e-08 -1 5.64655e-05 2.63129e-08 -1 0 -0 -1 5.64655e-05 2.63129e-08 -1 0.000466 -1 0 0.000466 -1 0.000110959 0 0 -1 0 0 -1 0.000466 -1 0 0.000466 -1 0 0 0 1 0 0 1 0 0 1 0 0 1 0.000466 -1 0 0.000466 -1 0 -0 0 1 -0 0 1 0.000466 -1 0 0.000466 -1 0 </float_array>
          <technique_common>
            <accessor count="56" offset="0" source="#meshId74-bitangents-array" stride="3">
              <param name="X" type="float" />
              <param name="Y" type="float" />
              <param name="Z" type="float" />
            </accessor>
          </technique_common>
        </source>
        <source id="meshId74-tex0" name="meshId74-tex0">
          <float_array id="meshId74-tex0-array" count="112"> 0.315075 0.341653 0.315075 0.306799 0.323789 0.306798 0.323789 0.341653 0.279092 0.341367 0.279092 0.306514 0.287805 0.306514 0.287805 0.341367 0.287805 0.341367 0.287805 0.306514 0.296519 0.306514 0.296518 0.341367 0.296518 0.341367 0.296519 0.306514 0.305232 0.306513 0.305232 0.341367 0.296519 0.293443 0.296519 0.2978 0.287805 0.2978 0.287805 0.293443 0.296519 0.35008 0.296519 0.354437 0.287805 0.354437 0.287805 0.35008 0.300876 0.297801 0.305232 0.2978 0.287805 0.2978 0.296519 0.2978 0.279092 0.297801 0.283449 0.2978 0.305232 0.35008 0.300876 0.35008 0.283449 0.35008 0.279092 0.35008 0.296519 0.35008 0.287805 0.35008 0.323789 0.306798 0.315075 0.306799 0.315075 0.298086 0.323789 0.298086 0.313946 0.2978 0.313946 0.306514 0.287805 0.28473 0.296519 0.28473 0.270379 0.306514 0.270378 0.297801 0.315075 0.341653 0.323789 0.341653 0.323789 0.350364 0.315075 0.350364 0.270379 0.35008 0.270379 0.341367 0.296518 0.36315 0.287805 0.36315 0.313946 0.341367 0.313946 0.35008 </float_array>
          <technique_common>
            <accessor count="56" offset="0" source="#meshId74-tex0-array" stride="2">
              <param name="S" type="float" />
              <param name="T" type="float" />
            </accessor>
          </technique_common>
        </source>
        <vertices id="meshId74-vertices">
          <input semantic="POSITION" source="#meshId74-positions" />
          <input semantic="NORMAL" source="#meshId74-normals" />
          <input semantic="TANGENT" source="#meshId74-tangents" />
          <input semantic="BINORMAL" source="#meshId74-bitangents" />
          <input semantic="TEXCOORD" source="#meshId74-tex0"  />
        </vertices>
        <polylist count="40" material="defaultMaterial">
          <input offset="0" semantic="VERTEX" source="#meshId74-vertices" />
          <vcount>3 3 3 3 3 3 3 3 3 3 3 3 3 3 3 3 3 3 3 3 3 3 3 3 3 3 3 3 3 3 3 3 3 3 3 3 3 3 3 3 </vcount>
          <p>3 0 1 1 2 3 7 4 5 5 6 7 11 8 9 9 10 11 15 12 13 13 14 15 19 16 17 17 18 19 23 20 21 21 22 23 25 14 13 13 24 25 27 10 9 9 26 27 29 6 5 5 28 29 31 12 15 15 30 31 33 4 7 7 32 33 35 8 11 11 34 35 39 36 37 37 38 39 41 14 25 25 40 41 43 16 19 19 42 43 45 28 5 5 44 45 49 46 47 47 48 49 51 4 33 33 50 51 53 22 21 21 52 53 55 30 15 15 54 55 </p>
        </polylist>
      </mesh>
    </geometry>
    <geometry id="meshId75" name="meshId75_name" >
      <mesh>
        <source id="meshId75-positions" name="meshId75-positions">
          <float_array id="meshId75-positions-array" count="168"> -0.528931 -0.296073 -0.356543 -0.440628 -0.296073 -0.356543 -0.440628 -0.281815 -0.356543 -0.528931 -0.281815 -0.356543 -0.528931 -0.281815 -0.356543 -0.440628 -0.281815 -0.356543 -0.440628 -0.281815 -0.370801 -0.528931 -0.281815 -0.370801 -0.528931 -0.281815 -0.370801 -0.440628 -0.281815 -0.370801 -0.440628 -0.296073 -0.370801 -0.528931 -0.296073 -0.370801 -0.528931 -0.296073 -0.370801 -0.440628 -0.296073 -0.370801 -0.440628 -0.296073 -0.356543 -0.528931 -0.296073 -0.356543 -0.418552 -0.296073 -0.356543 -0.418552 -0.296073 -0.363672 -0.418552 -0.281815 -0.363672 -0.418552 -0.281815 -0.356543 -0.551006 -0.296073 -0.363672 -0.551006 -0.296073 -0.356543 -0.551006 -0.281815 -0.356543 -0.551006 -0.281815 -0.363672 -0.418552 -0.296073 -0.363672 -0.418552 -0.296073 -0.356543 -0.418552 -0.281815 -0.363672 -0.418552 -0.296073 -0.363672 -0.418552 -0.281815 -0.356543 -0.418552 -0.281815 -0.363672 -0.551006 -0.296073 -0.356543 -0.551006 -0.296073 -0.363672 -0.551006 -0.281815 -0.363672 -0.551006 -0.281815 -0.356543 -0.551006 -0.296073 -0.363672 -0.551006 -0.281815 -0.363672 -0.440628 -0.281815 -0.356543 -0.440628 -0.296073 -0.356543 -0.440628 -0.296073 -0.342285 -0.440628 -0.281815 -0.342285 -0.418552 -0.296073 -0.342285 -0.440628 -0.296073 -0.342285 -0.418552 -0.281815 -0.342285 -0.418552 -0.296073 -0.342285 -0.440628 -0.281815 -0.342285 -0.418552 -0.281815 -0.342285 -0.528931 -0.296073 -0.356543 -0.528931 -0.281815 -0.356543 -0.528931 -0.281815 -0.342285 -0.528931 -0.296073 -0.342285 -0.551006 -0.281815 -0.342285 -0.528931 -0.281815 -0.342285 -0.551006 -0.296073 -0.342285 -0.551006 -0.281815 -0.342285 -0.528931 -0.296073 -0.342285 -0.551006 -0.296073 -0.342285 </float_array>
          <technique_common>
            <accessor count="56" offset="0" source="#meshId75-positions-array" stride="3">
              <param name="X" type="float" />
              <param name="Y" type="float" />
              <param name="Z" type="float" />
            </accessor>
          </technique_common>
        </source>
        <source id="meshId75-normals" name="meshId75-normals">
          <float_array id="meshId75-normals-array" count="168"> 0 0 1 0 0 1 0 0 1 0 0 1 0 1 0 0 1 0 0 1 0 0 1 0 -0.064453 0 -0.997921 0.064453 0 -0.997921 0.064453 0 -0.997921 -0.064453 0 -0.997921 0 -1 0 0 -1 0 0 -1 0 0 -1 0 1 0 0 1 0 0 1 0 0 1 0 0 -1 0 0 -1 0 0 -1 0 0 -1 0 0 0 -1 0 0 -1 0 0.307311 0 -0.951609 0.307311 0 -0.951609 0 1 0 0 1 0 0 -1 0 0 -1 0 0 1 0 0 1 0 -0.307311 0 -0.951609 -0.307311 0 -0.951609 -1 0 0 -1 0 0 -1 0 0 -1 0 0 0 -1 0 0 -1 0 1 0 0 1 0 0 0 1 0 0 1 0 1 0 0 1 0 0 1 0 0 1 0 0 0 1 0 0 1 0 -1 0 0 -1 0 0 0 -1 0 0 -1 0 </float_array>
          <technique_common>
            <accessor count="56" offset="0" source="#meshId75-normals-array" stride="3">
              <param name="X" type="float" />
              <param name="Y" type="float" />
              <param name="Z" type="float" />
            </accessor>
          </technique_common>
        </source>
        <source id="meshId75-tangents" name="meshId75-tangents">
          <float_array id="meshId75-tangents-array" count="168"> 0 1 0 0 1 0 0 1 0 0 1 0 0 0 -1 -3.81028e-05 0 -1 0 0 -1 0 0 -1 0 -1 0 0 -1 0 0 -1 0 0 -1 0 0 0 1 0 0 1 0 0 1 0 0 1 0 -1 -0.000229117 0 -1 -0.000161471 0 -1 0 0 -1 -9.10959e-05 0 -1 0 0 -1 0 0 -1 0 0 -1 0 0 0 1 0 0 1 0 -1 0 0 -1 0 0 0 -1 0 0 -1 0 0 1 0 0 1 0 0 -1 0 0 -1 0 -1 0 0 -1 0 0 1 0 0 1 0 0 1 0 0 1 0 0 0 1 0 0 1 0 -1 0 0 -1 -0.000114571 -0.000180037 0 -1 -6.57283e-05 0 -1 0 1 0 0 1 0 0 1 0 0 1 0 0 0 -1 0 0 -1 0 -1 0 0 -1 0 0 0 1 0 0 1 </float_array>
          <technique_common>
            <accessor count="56" offset="0" source="#meshId75-tangents-array" stride="3">
              <param name="X" type="float" />
              <param name="Y" type="float" />
              <param name="Z" type="float" />
            </accessor>
          </technique_common>
        </source>
        <source id="meshId75-bitangents" name="meshId75-bitangents">
          <float_array id="meshId75-bitangents-array" count="168"> -1 0 0 -1 0 0 -1 0 0 -1 0 0 -1 0 0 -1 0 3.81028e-05 -1 0 0 -1 0 0 -0.997921 0 0.064453 -0.997921 -0 -0.064453 -0.997921 -0 -0.064453 -0.997921 0 0.064453 -1 0 0 -1 0 0 -1 0 0 -1 0 0 0 0.000229117 -1 0 0.000161471 -1 0 0 -1 0 9.10959e-05 -1 0 0 1 0 0 1 0 0 1 0 0 1 -1 0 0 -1 0 0 -0.951609 -0 -0.307311 -0.951609 -0 -0.307311 -1 0 0 -1 0 0 -1 0 0 -1 0 0 -1 0 0 -1 0 0 -0.951609 0 0.307311 -0.951609 0 0.307311 0 0 -1 0 0 -1 0 0 -1 0 0 -1 -1 0 0 -1 0 0 0 0 -1 0 0.000114571 -1 -1 0 0.000180037 -1 0 6.57283e-05 0 0 1 0 0 1 0 0 1 0 0 1 -1 0 0 -1 0 0 0 0 1 0 0 1 -1 0 0 -1 0 0 </float_array>
          <technique_common>
            <accessor count="56" offset="0" source="#meshId75-bitangents-array" stride="3">
              <param name="X" type="float" />
              <param name="Y" type="float" />
              <param name="Z" type="float" />
            </accessor>
          </technique_common>
        </source>
        <source id="meshId75-tex0" name="meshId75-tex0">
          <float_array id="meshId75-tex0-array" count="112"> 0.315075 0.341652 0.315075 0.306799 0.323788 0.306799 0.323788 0.341652 0.279098 0.341356 0.279098 0.306503 0.287811 0.306503 0.287811 0.341356 0.287811 0.341356 0.287811 0.306503 0.296524 0.306503 0.296524 0.341356 0.296524 0.341356 0.296524 0.306503 0.305237 0.306503 0.305238 0.341356 0.296524 0.293432 0.296524 0.29779 0.287811 0.29779 0.287811 0.293434 0.296524 0.350069 0.296524 0.354425 0.287811 0.354425 0.287811 0.350069 0.300881 0.29779 0.305237 0.29779 0.287811 0.29779 0.296524 0.29779 0.279098 0.29779 0.283454 0.29779 0.305238 0.350069 0.300881 0.350069 0.283454 0.350069 0.279098 0.350069 0.296524 0.350069 0.287811 0.350069 0.323788 0.306799 0.315075 0.306799 0.315075 0.298085 0.323788 0.298085 0.313951 0.29779 0.313951 0.306503 0.287811 0.28472 0.296524 0.28472 0.270384 0.306504 0.270384 0.29779 0.315075 0.341652 0.323788 0.341652 0.323788 0.350363 0.315075 0.350363 0.270385 0.350069 0.270385 0.341356 0.296524 0.363139 0.287811 0.363139 0.313951 0.341356 0.313951 0.350069 </float_array>
          <technique_common>
            <accessor count="56" offset="0" source="#meshId75-tex0-array" stride="2">
              <param name="S" type="float" />
              <param name="T" type="float" />
            </accessor>
          </technique_common>
        </source>
        <vertices id="meshId75-vertices">
          <input semantic="POSITION" source="#meshId75-positions" />
          <input semantic="NORMAL" source="#meshId75-normals" />
          <input semantic="TANGENT" source="#meshId75-tangents" />
          <input semantic="BINORMAL" source="#meshId75-bitangents" />
          <input semantic="TEXCOORD" source="#meshId75-tex0"  />
        </vertices>
        <polylist count="40" material="defaultMaterial">
          <input offset="0" semantic="VERTEX" source="#meshId75-vertices" />
          <vcount>3 3 3 3 3 3 3 3 3 3 3 3 3 3 3 3 3 3 3 3 3 3 3 3 3 3 3 3 3 3 3 3 3 3 3 3 3 3 3 3 </vcount>
          <p>3 0 1 1 2 3 7 4 5 5 6 7 11 8 9 9 10 11 15 12 13 13 14 15 19 16 17 17 18 19 23 20 21 21 22 23 25 14 13 13 24 25 27 10 9 9 26 27 29 6 5 5 28 29 31 12 15 15 30 31 33 4 7 7 32 33 35 8 11 11 34 35 39 36 37 37 38 39 41 14 25 25 40 41 43 16 19 19 42 43 45 28 5 5 44 45 49 46 47 47 48 49 51 4 33 33 50 51 53 22 21 21 52 53 55 30 15 15 54 55 </p>
        </polylist>
      </mesh>
    </geometry>
    <geometry id="meshId76" name="meshId76_name" >
      <mesh>
        <source id="meshId76-positions" name="meshId76-positions">
          <float_array id="meshId76-positions-array" count="168"> -0.0381643 -0.296561 -0.352742 0.0501387 -0.296561 -0.352742 0.0501387 -0.282303 -0.352742 -0.0381643 -0.282303 -0.352742 -0.0381643 -0.282303 -0.352742 0.0501387 -0.282303 -0.352742 0.0501387 -0.282303 -0.367 -0.0381643 -0.282303 -0.367 -0.0381643 -0.282303 -0.367 0.0501387 -0.282303 -0.367 0.0501387 -0.296561 -0.367 -0.0381643 -0.296561 -0.367 -0.0381643 -0.296561 -0.367 0.0501387 -0.296561 -0.367 0.0501387 -0.296561 -0.352742 -0.0381643 -0.296561 -0.352742 0.0722144 -0.296561 -0.352742 0.0722144 -0.296561 -0.359871 0.0722144 -0.282303 -0.359871 0.0722144 -0.282303 -0.352742 -0.0602401 -0.296561 -0.359871 -0.0602401 -0.296561 -0.352742 -0.0602401 -0.282303 -0.352742 -0.0602401 -0.282303 -0.359871 0.0722144 -0.296561 -0.359871 0.0722144 -0.296561 -0.352742 0.0722144 -0.282303 -0.359871 0.0722144 -0.296561 -0.359871 0.0722144 -0.282303 -0.352742 0.0722144 -0.282303 -0.359871 -0.0602401 -0.296561 -0.352742 -0.0602401 -0.296561 -0.359871 -0.0602401 -0.282303 -0.359871 -0.0602401 -0.282303 -0.352742 -0.0602401 -0.296561 -0.359871 -0.0602401 -0.282303 -0.359871 0.0501387 -0.282303 -0.352742 0.0501387 -0.296561 -0.352742 0.0501387 -0.296561 -0.338483 0.0501387 -0.282303 -0.338483 0.0722144 -0.296561 -0.338483 0.0501387 -0.296561 -0.338483 0.0722144 -0.282303 -0.338483 0.0722144 -0.296561 -0.338483 0.0501387 -0.282303 -0.338483 0.0722144 -0.282303 -0.338483 -0.0381643 -0.296561 -0.352742 -0.0381643 -0.282303 -0.352742 -0.0381643 -0.282303 -0.338483 -0.0381643 -0.296561 -0.338483 -0.0602401 -0.282303 -0.338483 -0.0381643 -0.282303 -0.338483 -0.0602401 -0.296561 -0.338483 -0.0602401 -0.282303 -0.338483 -0.0381643 -0.296561 -0.338483 -0.0602401 -0.296561 -0.338483 </float_array>
          <technique_common>
            <accessor count="56" offset="0" source="#meshId76-positions-array" stride="3">
              <param name="X" type="float" />
              <param name="Y" type="float" />
              <param name="Z" type="float" />
            </accessor>
          </technique_common>
        </source>
        <source id="meshId76-normals" name="meshId76-normals">
          <float_array id="meshId76-normals-array" count="168"> 0 0 1 0 0 1 0 0 1 0 0 1 0 1 0 0 1 0 0 1 0 0 1 0 -0.064453 0 -0.997921 0.064453 0 -0.997921 0.064453 0 -0.997921 -0.064453 0 -0.997921 0 -1 0 0 -1 0 0 -1 0 0 -1 0 1 0 0 1 0 0 1 0 0 1 0 0 -1 0 0 -1 0 0 -1 0 0 -1 0 0 0 -1 0 0 -1 0 0.307311 0 -0.951609 0.307311 0 -0.951609 0 1 0 0 1 0 0 -1 0 0 -1 0 0 1 0 0 1 0 -0.307311 0 -0.951609 -0.307311 0 -0.951609 -1 0 0 -1 0 0 -1 0 0 -1 0 0 0 -1 0 0 -1 0 1 0 0 1 0 0 0 1 0 0 1 0 1 0 0 1 0 0 1 0 0 1 0 0 0 1 0 0 1 0 -1 0 0 -1 0 0 0 -1 0 0 -1 0 </float_array>
          <technique_common>
            <accessor count="56" offset="0" source="#meshId76-normals-array" stride="3">
              <param name="X" type="float" />
              <param name="Y" type="float" />
              <param name="Z" type="float" />
            </accessor>
          </technique_common>
        </source>
        <source id="meshId76-tangents" name="meshId76-tangents">
          <float_array id="meshId76-tangents-array" count="168"> 0 1 0 0 1 0 0 1 0 0 1 0 0 0 -1 0 0 -1 0 0 -1 0 0 -1 0 -1 0 0 -1 0 0 -1 0 0 -1 0 0 0 1 0 0 1 5.8254e-05 0 1 0 0 1 0 -1 0 0 -1 0 0 -1 0 0 -1 0 0 -1 0 0 -1 0 0 -1 0 0 -1 0 0 0 1 3.19013e-05 0 1 0 -1 0 0 -1 0 0 0 -1 0 0 -1 0 0 1 0 0 1 0 0 -1 0 0 -1 0 -1 0 0 -1 0 0 1 0 0 1 0 0 1 0 0 1 0 0 0 1 0.000110959 0 1 0 -1 0 0 -1 0 0 0 -1 0 0 -1 0 1 0 0 1 0 0 1 0 0 1 0 0 0 -1 0 0 -1 0 -1 0 0 -1 0 0 0 1 0 0 1 </float_array>
          <technique_common>
            <accessor count="56" offset="0" source="#meshId76-tangents-array" stride="3">
              <param name="X" type="float" />
              <param name="Y" type="float" />
              <param name="Z" type="float" />
            </accessor>
          </technique_common>
        </source>
        <source id="meshId76-bitangents" name="meshId76-bitangents">
          <float_array id="meshId76-bitangents-array" count="168"> -1 0 0 -1 0 0 -1 0 0 -1 0 0 -1 0 0 -1 0 0 -1 0 0 -1 0 0 -0.997921 0 0.064453 -0.997921 -0 -0.064453 -0.997921 -0 -0.064453 -0.997921 0 0.064453 -1 0 0 -1 0 0 -1 0 5.8254e-05 -1 0 0 0 0 -1 0 0 -1 0 0 -1 0 0 -1 0 0 1 0 0 1 0 0 1 0 0 1 -1 0 0 -1 0 3.19013e-05 -0.951609 -0 -0.307311 -0.951609 -0 -0.307311 -1 0 0 -1 0 0 -1 0 0 -1 0 0 -1 0 0 -1 0 0 -0.951609 0 0.307311 -0.951609 0 0.307311 0 0 -1 0 0 -1 0 0 -1 0 0 -1 -1 0 0 -1 0 0.000110959 0 0 -1 0 0 -1 -1 0 0 -1 0 0 0 0 1 0 0 1 0 0 1 0 0 1 -1 0 0 -1 0 0 0 0 1 0 0 1 -1 0 0 -1 0 0 </float_array>
          <technique_common>
            <accessor count="56" offset="0" source="#meshId76-bitangents-array" stride="3">
              <param name="X" type="float" />
              <param name="Y" type="float" />
              <param name="Z" type="float" />
            </accessor>
          </technique_common>
        </source>
        <source id="meshId76-tex0" name="meshId76-tex0">
          <float_array id="meshId76-tex0-array" count="112"> 0.315075 0.341652 0.315075 0.306799 0.323789 0.306799 0.323789 0.341652 0.279066 0.34137 0.279066 0.306517 0.287779 0.306517 0.287779 0.34137 0.287779 0.34137 0.287779 0.306517 0.296492 0.306517 0.296492 0.34137 0.296492 0.34137 0.296492 0.306517 0.305206 0.306517 0.305205 0.34137 0.296492 0.293447 0.296492 0.297804 0.287779 0.297804 0.287779 0.293447 0.296492 0.350083 0.296492 0.35444 0.287779 0.35444 0.287779 0.350083 0.300849 0.297804 0.305205 0.297804 0.287779 0.297804 0.296492 0.297804 0.279066 0.297804 0.283422 0.297804 0.305206 0.350083 0.300849 0.350083 0.283422 0.350083 0.279066 0.350083 0.296492 0.350083 0.287779 0.350083 0.323789 0.306799 0.315075 0.306799 0.315075 0.298085 0.323789 0.298085 0.313919 0.297804 0.313919 0.306518 0.287779 0.284734 0.296492 0.284734 0.270352 0.306517 0.270352 0.297804 0.315075 0.341652 0.323789 0.341652 0.323789 0.350363 0.315075 0.350363 0.270352 0.350083 0.270352 0.34137 0.296492 0.363153 0.287779 0.363153 0.313919 0.34137 0.313919 0.350083 </float_array>
          <technique_common>
            <accessor count="56" offset="0" source="#meshId76-tex0-array" stride="2">
              <param name="S" type="float" />
              <param name="T" type="float" />
            </accessor>
          </technique_common>
        </source>
        <vertices id="meshId76-vertices">
          <input semantic="POSITION" source="#meshId76-positions" />
          <input semantic="NORMAL" source="#meshId76-normals" />
          <input semantic="TANGENT" source="#meshId76-tangents" />
          <input semantic="BINORMAL" source="#meshId76-bitangents" />
          <input semantic="TEXCOORD" source="#meshId76-tex0"  />
        </vertices>
        <polylist count="40" material="defaultMaterial">
          <input offset="0" semantic="VERTEX" source="#meshId76-vertices" />
          <vcount>3 3 3 3 3 3 3 3 3 3 3 3 3 3 3 3 3 3 3 3 3 3 3 3 3 3 3 3 3 3 3 3 3 3 3 3 3 3 3 3 </vcount>
          <p>3 0 1 1 2 3 7 4 5 5 6 7 11 8 9 9 10 11 15 12 13 13 14 15 19 16 17 17 18 19 23 20 21 21 22 23 25 14 13 13 24 25 27 10 9 9 26 27 29 6 5 5 28 29 31 12 15 15 30 31 33 4 7 7 32 33 35 8 11 11 34 35 39 36 37 37 38 39 41 14 25 25 40 41 43 16 19 19 42 43 45 28 5 5 44 45 49 46 47 47 48 49 51 4 33 33 50 51 53 22 21 21 52 53 55 30 15 15 54 55 </p>
        </polylist>
      </mesh>
    </geometry>
    <geometry id="meshId77" name="meshId77_name" >
      <mesh>
        <source id="meshId77-positions" name="meshId77-positions">
          <float_array id="meshId77-positions-array" count="72"> -0.7414 0.823196 0.370956 0.7414 0.823196 0.370956 0.7414 0.851712 0.370956 -0.7414 0.851712 0.370956 -0.7414 0.851712 0.370956 0.7414 0.851712 0.370956 0.7414 0.851712 -0.371132 -0.7414 0.851712 -0.371132 -0.7414 0.851712 -0.371132 0.7414 0.851712 -0.371132 0.7414 0.823196 -0.371132 -0.7414 0.823196 -0.371132 -0.7414 0.823196 -0.371132 0.7414 0.823196 -0.371132 0.7414 0.823196 0.370956 -0.7414 0.823196 0.370956 0.7414 0.823196 0.370956 0.7414 0.823196 -0.371132 0.7414 0.851712 -0.371132 0.7414 0.851712 0.370956 -0.7414 0.823196 -0.371132 -0.7414 0.823196 0.370956 -0.7414 0.851712 0.370956 -0.7414 0.851712 -0.371132 </float_array>
          <technique_common>
            <accessor count="24" offset="0" source="#meshId77-positions-array" stride="3">
              <param name="X" type="float" />
              <param name="Y" type="float" />
              <param name="Z" type="float" />
            </accessor>
          </technique_common>
        </source>
        <source id="meshId77-normals" name="meshId77-normals">
          <float_array id="meshId77-normals-array" count="72"> 0 0 1 0 0 1 0 0 1 0 0 1 0 1 0 0 1 0 0 1 0 0 1 0 0 0 -1 0 0 -1 0 0 -1 0 0 -1 0 -1 0 0 -1 0 0 -1 0 0 -1 0 1 0 0 1 0 0 1 0 0 1 0 0 -1 0 0 -1 0 0 -1 0 0 -1 0 0 </float_array>
          <technique_common>
            <accessor count="24" offset="0" source="#meshId77-normals-array" stride="3">
              <param name="X" type="float" />
              <param name="Y" type="float" />
              <param name="Z" type="float" />
            </accessor>
          </technique_common>
        </source>
        <source id="meshId77-tangents" name="meshId77-tangents">
          <float_array id="meshId77-tangents-array" count="72"> 0 1 0 0 1 0 0 1 0 0 1 0 0 0 -1 0 0 -1 0 0 -1 0 0 -1 0 -1 0 0 -1 0 0 -1 0 0 -1 0 0 0 1 0 0 1 0 0 1 0 0 1 0 7.10664e-06 -1 0 1.73766e-07 -1 0 0 -1 0 6.93288e-06 -1 0 0 -1 0 0 -1 0 0 -1 0 0 -1 </float_array>
          <technique_common>
            <accessor count="24" offset="0" source="#meshId77-tangents-array" stride="3">
              <param name="X" type="float" />
              <param name="Y" type="float" />
              <param name="Z" type="float" />
            </accessor>
          </technique_common>
        </source>
        <source id="meshId77-bitangents" name="meshId77-bitangents">
          <float_array id="meshId77-bitangents-array" count="72"> -1 0 0 -1 0 0 -1 0 0 -1 0 0 -1 0 0 -1 0 0 -1 0 0 -1 0 0 -1 -0 -0 -1 -0 -0 -1 -0 -0 -1 -0 -0 -1 0 0 -1 0 0 -1 0 0 -1 0 0 -0 1 7.10664e-06 -0 1 1.73766e-07 -0 1 0 -0 1 6.93288e-06 -0 -1 -0 -0 -1 -0 -0 -1 -0 -0 -1 -0 </float_array>
          <technique_common>
            <accessor count="24" offset="0" source="#meshId77-bitangents-array" stride="3">
              <param name="X" type="float" />
              <param name="Y" type="float" />
              <param name="Z" type="float" />
            </accessor>
          </technique_common>
        </source>
        <source id="meshId77-tex0" name="meshId77-tex0">
          <float_array id="meshId77-tex0-array" count="48"> 0.309623 0.832395 0.309622 0.572827 0.314919 0.572827 0.314919 0.832395 0.314919 0.832395 0.314919 0.572827 0.439551 0.572827 0.439551 0.832395 0.439551 0.832395 0.439551 0.572827 0.44498 0.572827 0.44498 0.832395 0.447473 0.852006 0.447472 0.592438 0.572104 0.592438 0.572104 0.852006 0.314919 0.567347 0.439551 0.567346 0.439551 0.572827 0.314919 0.572827 0.439551 0.837598 0.314919 0.837598 0.314919 0.832395 0.439551 0.832395 </float_array>
          <technique_common>
            <accessor count="24" offset="0" source="#meshId77-tex0-array" stride="2">
              <param name="S" type="float" />
              <param name="T" type="float" />
            </accessor>
          </technique_common>
        </source>
        <vertices id="meshId77-vertices">
          <input semantic="POSITION" source="#meshId77-positions" />
          <input semantic="NORMAL" source="#meshId77-normals" />
          <input semantic="TANGENT" source="#meshId77-tangents" />
          <input semantic="BINORMAL" source="#meshId77-bitangents" />
          <input semantic="TEXCOORD" source="#meshId77-tex0"  />
        </vertices>
        <polylist count="12" material="defaultMaterial">
          <input offset="0" semantic="VERTEX" source="#meshId77-vertices" />
          <vcount>3 3 3 3 3 3 3 3 3 3 3 3 </vcount>
          <p>3 0 1 1 2 3 7 4 5 5 6 7 11 8 9 9 10 11 15 12 13 13 14 15 19 16 17 17 18 19 23 20 21 21 22 23 </p>
        </polylist>
      </mesh>
    </geometry>
    <geometry id="meshId78" name="meshId78_name" >
      <mesh>
        <source id="meshId78-positions" name="meshId78-positions">
          <float_array id="meshId78-positions-array" count="552"> -0.714014 -0.814646 -0.338135 -0.714014 -0.195781 -0.338135 0.711806 -0.195781 -0.338135 0.711806 -0.814646 -0.338135 -0.714014 -0.195781 -0.338135 -0.714014 -0.195781 0.342392 0.711806 -0.195781 0.342392 0.711806 -0.195781 -0.338135 -0.714014 -0.844518 0.370908 -0.714014 -0.844518 0.342392 0.711806 -0.844518 0.342392 0.711806 -0.844518 0.370908 0.740323 -0.844518 0.370908 0.740323 -0.844518 0.342392 -0.742531 -0.844518 0.342392 -0.742531 -0.844518 0.370908 0.740323 -0.844518 -0.338135 0.711806 -0.844518 -0.338135 -0.714014 -0.844518 -0.370519 -0.714014 -0.844518 -0.338135 -0.742531 -0.844518 -0.338135 -0.742531 -0.844518 -0.370519 -0.742531 -0.814646 0.342392 -0.742531 -0.844518 0.342392 -0.742531 -0.844518 0.370908 -0.742531 -0.814646 0.370908 -0.742531 -0.844518 0.370908 -0.714014 -0.844518 0.370908 -0.714014 -0.814646 0.370908 -0.742531 -0.814646 0.370908 0.711806 -0.844518 0.370908 0.711806 -0.814646 0.370908 0.740323 -0.844518 0.370908 0.740323 -0.814646 0.370908 0.740323 -0.814646 0.370908 0.740323 -0.844518 0.370908 0.740323 -0.844518 0.342392 0.740323 -0.814646 0.342392 0.740323 -0.844518 -0.338135 0.740323 -0.814646 -0.338135 0.740323 -0.844518 -0.370519 0.711806 -0.844518 -0.370519 0.711806 -0.814646 -0.370519 0.740323 -0.814646 -0.370519 -0.714014 -0.844518 -0.338135 -0.714014 -0.814646 0.342392 -0.714014 -0.814646 -0.338135 -0.714014 -0.844518 -0.370519 -0.714014 -0.814646 -0.370519 -0.714014 -0.814646 -0.338135 -0.714014 -0.844518 -0.338135 -0.742531 -0.844518 -0.370519 -0.742531 -0.814646 -0.370519 -0.714014 -0.814646 -0.370519 -0.714014 -0.844518 -0.370519 -0.742531 -0.844518 -0.370519 -0.742531 -0.844518 -0.338135 -0.742531 -0.814646 -0.338135 -0.742531 -0.814646 -0.370519 -0.714014 -0.844518 -0.370519 -0.714014 -0.814646 -0.370519 0.740323 -0.844518 -0.370519 0.711806 -0.844518 -0.370519 0.740323 -0.844518 -0.370519 0.740323 -0.814646 -0.370519 -0.714014 -0.814646 0.342392 -0.714014 -0.195781 0.370908 -0.742531 -0.195781 0.370908 -0.742531 -0.195781 0.342392 -0.742531 -0.195781 0.370908 -0.742531 -0.195781 -0.338135 -0.742531 -0.195781 -0.370519 -0.742531 -0.195781 -0.370519 -0.714014 -0.195781 -0.370519 -0.714014 -0.814646 -0.370519 -0.714014 -0.195781 -0.370519 -0.714014 -0.195781 -0.338135 -0.714014 -0.814646 -0.338135 0.711806 -0.195781 -0.370519 0.711806 -0.814646 -0.370519 0.711806 -0.814646 -0.338135 0.711806 -0.195781 -0.338135 0.740323 -0.195781 -0.370519 0.711806 -0.195781 -0.370519 0.740323 -0.195781 -0.370519 0.740323 -0.195781 -0.338135 0.740323 -0.195781 0.342392 0.740323 -0.195781 0.370908 0.740323 -0.195781 0.370908 0.711806 -0.195781 0.370908 -0.714014 -0.814646 -0.338135 0.711806 -0.814646 -0.338135 0.711806 -0.814646 -0.370519 -0.714014 -0.814646 -0.370519 -0.714014 -0.814646 -0.370519 0.711806 -0.814646 -0.370519 0.711806 -0.844518 -0.370519 -0.714014 -0.844518 -0.370519 -0.714014 -0.167265 0.370908 -0.742531 -0.167265 0.370908 -0.742531 -0.167265 0.342392 -0.742531 -0.167265 0.370908 -0.742531 -0.167265 -0.338135 -0.742531 -0.167265 -0.370519 -0.742531 -0.167265 -0.370519 -0.714014 -0.167265 -0.370519 -0.714014 -0.167265 -0.370519 -0.714014 -0.167265 -0.338135 -0.714014 -0.167265 0.342392 -0.714014 -0.195781 0.342392 -0.714014 -0.195781 -0.338135 -0.714014 -0.167265 -0.338135 -0.714014 -0.195781 0.342392 -0.714014 -0.167265 0.342392 0.711806 -0.167265 0.342392 0.711806 -0.195781 0.342392 0.711806 -0.167265 -0.338135 0.711806 -0.195781 -0.338135 0.711806 -0.195781 0.342392 0.711806 -0.167265 0.342392 0.711806 -0.167265 -0.370519 0.711806 -0.167265 -0.338135 0.740323 -0.167265 -0.370519 0.711806 -0.167265 -0.370519 0.740323 -0.167265 -0.370519 0.740323 -0.167265 -0.338135 0.740323 -0.167265 0.342392 0.740323 -0.167265 0.370908 0.740323 -0.167265 0.370908 0.711806 -0.167265 0.370908 -0.742531 -0.167265 -0.338135 -0.742531 -0.167265 0.342392 -0.714014 -0.167265 0.342392 -0.714014 -0.167265 -0.338135 0.711806 -0.167265 0.342392 -0.714014 -0.167265 0.370908 0.711806 -0.167265 0.370908 0.711806 -0.167265 -0.338135 0.740323 -0.167265 0.342392 0.740323 -0.167265 -0.338135 -0.742531 0.895456 0.370908 -0.714014 0.899995 0.370908 -0.714014 0.899995 0.370908 -0.714014 -0.167265 0.370908 -0.714014 -0.167265 0.342392 -0.714014 0.901866 0.342392 -0.714014 0.901866 0.342392 -0.714014 -0.167265 0.342392 -0.742531 -0.167265 0.342392 -0.742531 0.899937 0.342392 -0.742531 0.899937 0.342392 -0.742531 0.895456 0.370908 0.711806 0.979838 -0.342616 0.711806 -0.167265 -0.338135 0.740323 -0.167265 -0.338135 0.740323 0.97553 -0.340333 0.740323 0.97553 -0.340333 0.740323 0.978933 -0.371577 0.740323 0.978933 -0.371577 0.711806 0.982077 -0.371039 0.711806 0.982077 -0.371039 0.711806 0.979838 -0.342616 -0.742531 0.975328 -0.338135 -0.742531 -0.167265 -0.338135 -0.714014 -0.167265 -0.338135 -0.714014 0.97938 -0.337729 -0.714014 0.97938 -0.337729 -0.714014 0.981494 -0.370519 -0.714014 0.981494 -0.370519 -0.742531 0.978594 -0.370519 -0.742531 0.978594 -0.370519 -0.742531 0.975328 -0.338135 0.711806 0.904027 0.342392 0.711806 -0.167265 0.342392 0.711806 -0.167265 0.370908 0.711806 0.901999 0.370908 0.711806 0.901999 0.370908 0.740323 0.896492 0.370908 0.740323 0.896492 0.370908 0.740323 0.901354 0.342392 0.740323 0.901354 0.342392 0.740323 -0.167265 0.342392 0.711806 -0.167265 0.342392 0.711806 0.904027 0.342392 </float_array>
          <technique_common>
            <accessor count="184" offset="0" source="#meshId78-positions-array" stride="3">
              <param name="X" type="float" />
              <param name="Y" type="float" />
              <param name="Z" type="float" />
            </accessor>
          </technique_common>
        </source>
        <source id="meshId78-normals" name="meshId78-normals">
          <float_array id="meshId78-normals-array" count="552"> 0 0 -1 0 0 -1 0 0 -1 0 0 -1 0 1 0 0 1 0 0 1 0 0 1 0 0 -1 0 0 -1 0 0 -1 0 0 -1 0 0 -1 0 0 -1 0 0 -1 0 0 -1 0 0 -1 0 0 -1 0 0 -1 0 0 -1 0 0 -1 0 0 -1 0 -1 0 0 -1 0 0 -1 0 0 -1 0 0 0 0 1 0 0 1 0 0 1 0 0 1 0 0 1 0 0 1 0 0 1 0 0 1 1 0 0 1 0 0 1 0 0 1 0 0 1 0 0 1 0 0 0 0 -1 0 0 -1 0 0 -1 0 0 -1 -1 -1e-06 0 -1 -1e-06 0 -1 -1e-06 0 1 0 0 1 0 0 1 0 0 1 0 0 0 0 -1 0 0 -1 0 0 -1 0 0 -1 -1 0 0 -1 0 0 -1 0 0 -1 0 0 -1 0 0 -1 0 0 0 -1 0 0 -1 0 1 0 0 1 0 0 1 0 0 0 0 1 0 0 1 -1 0 0 -1 0 0 -1 0 0 -1 0 0 0 0 -1 0 0 -1 1 0 0 1 0 0 1 0 0 1 0 0 -1 0 0 -1 0 0 -1 0 0 -1 0 0 0 0 -1 0 0 -1 1 0 0 1 0 0 1 0 0 1 0 0 0 0 1 0 0 1 0 1 0 0 1 0 0 1 0 0 1 0 0 0 -1 0 0 -1 0 0 -1 0 0 -1 0 0 1 0 0 1 -1 0 0 -1 0 0 -1 0 0 -1 0 0 0 0 -1 0 0 -1 1 0 0 1 0 0 1 0 0 1 0 0 1 0 0 1 0 0 0 0 -1 0 0 -1 0 0 -1 0 0 -1 -1 0 0 -1 0 0 -1 0 0 -1 0 0 -1 0 0 -1 0 0 -0.009246 -0.000671 -0.999957 -0.009246 -0.000671 -0.999957 1 0 0 1 0 0 1 0 0 1 0 0 0 0 1 0 0 1 0 1 0 0 1 0 0 1 0 0 1 0 0 1 0 0 1 0 0 1 0 0 1 0 0 1 0 0 1 0 0 0 1 0 0 1 1 0 0 1 0 0 1 0 0 1 0 0 0 0 -1 0 0 -1 0 0 -1 0 0 -1 -1 0 0 -1 0 0 -0.039765 0.002914 0.999205 -0.039765 0.002914 0.999205 -0.039765 0.002914 0.999205 -0.039765 0.002914 0.999205 1 0 0 1 0 0 -0.009476 -0.000688 -0.999955 -0.009476 -0.000688 -0.999955 -1 0 0 -1 0 0 -0.007108 -0.000177 0.999975 -0.007108 -0.000177 0.999975 -0.007108 -0.000177 0.999975 -0.007108 -0.000177 0.999975 1 0 0 1 0 0 0 0 -1 0 0 -1 -1 0 0 -1 0 0 -1 0 0 -1 0 0 -1 0 0 -1 0 0 0 0 1 0 0 1 1 0 0 1 0 0 0 0 -1 0 0 -1 0 0 -1 0 0 -1 </float_array>
          <technique_common>
            <accessor count="184" offset="0" source="#meshId78-normals-array" stride="3">
              <param name="X" type="float" />
              <param name="Y" type="float" />
              <param name="Z" type="float" />
            </accessor>
          </technique_common>
        </source>
        <source id="meshId78-tangents" name="meshId78-tangents">
          <float_array id="meshId78-tangents-array" count="552"> -1 0 0 -1 0 0 -1 0 0 -1 0 0 -1 0 0 -1 0 0 -1 0 0 -1 0 0 -1 0 1.71387e-06 -1 0 1.29775e-06 -1 0 1.52701e-06 -1 0 0 -1 0 0 -1 0 0 -1 0 0 -1 0 0 -1 0 0 -1 0 1.95281e-06 -1 0 -4.74925e-05 -1 0 0 -1 0 -4.0418e-05 -1 0 -0.000175872 0 0 1 0 0 1 0 0 1 0 0 1 1 0 0 1 0 0 1 0 0 1 0 0 1 0 0 1 0 0 1 0 0 1 0 0 0 0 -1 0 0 -1 0 0 -1 0 0 -1 0 0 -1 0 0 -1 -0.997342 0.0728577 0 -1 0 0 -0.992286 0.123968 0 -0.986697 0.162573 0 1 0 0 1 0 0 1 0 0 1 0 0 1 0 0 1 0 0 1 0 0 -0.997274 -0.0737894 0 -0.986905 -0.161305 0 -0.991846 -0.127444 0 -1 0 0 0 0 1 0 0 1 0 0 1 0 0 1 1 0 0 1 0 0 -1 0 0 -1 0 1.75866e-06 0 0 -1 0 0 -1 1 0 0 1 0 0 1 0 0 0 0 1 0 0 1 0 0 1 0 0 1 -0.999884 -0.0152242 0 -1 0.0006777 0 0 -0.149211 -0.988805 0 -0.01593 -0.999873 0 0.000546422 -1 0 -0.154395 -0.988009 0 0.00135316 0.999999 0 0.154432 0.988004 0 0.149307 0.988791 0 0.0194562 0.999811 -1 0.000485758 0 -0.999841 0.0178283 0 0 0 -1 0 0 -1 0 0 -1 0 0 -1 1 0 0 1 0 0 -1 0 0 -1 0 0 -1 0 0 -1 0 0 -1 0 0 -1 0 0 -1 0 0 -1 0 0 1 0.000894944 0 1 0 0 0 0 1 0 -0.0013202 0.999999 0 -0.000601669 1 0 0 1 -0.997181 -0.0750387 0 -0.998255 -0.0590447 0 0 -0.0672137 -0.997739 0 -0.0513652 -0.99868 0 1 0.000175738 0 1 0.000180552 0 1 4.81381e-06 0 1 0 -1 3.56639e-06 0 -1 3.61238e-06 0 -1 4.5992e-08 0 -1 0 0 0 -1 0 0 -1 0 0 -1 0 0 -1 0 0 0.0551168 0.99848 0 0.0726746 0.997356 -0.998029 0.0620764 0.00918652 -0.996791 0.079518 0.00916337 0 0.000941627 -1 0 0 -1 0 0.00095605 -0.999999 0 0 -1 0.999999 -0.00160955 0 1 0 0 1 0 0 1 0 0 1 0 0 1 0 0 1 0 0 1 0 0 1 0 0 1 0 0 1 0 0 1 0 0 0.987949 0.154781 0 0.987568 0.157191 0 1 0 0 1 0 0 1 0 0 1 0 0 1 0 0 1 0 0 1 0 0 1 0 0 0 -0.152345 0.988327 0 -0.155242 0.987876 1 0 0 1 0 0 1 0 0 1 0 0 0 0.106455 -0.994318 0 0.108269 -0.994122 -0.974781 -0.222965 0.00939085 -0.973746 -0.227445 0.00938412 0 -0.314853 0.94914 0 -0.3219 0.946774 1 0 0 1 0 0 1 0 0 1 0 0 0 0.27796 -0.960593 0 0.283824 -0.958876 -0.973127 0.230268 0 -0.971882 0.235469 0 0 -0.098429 0.995144 0 -0.100348 0.994952 1 0 0 1 0 0 1 0 0 1 0 0 0.982543 -0.186038 0 0.981854 -0.189637 0 0 0.165536 -0.986204 0 0.168089 -0.985772 1 0 0 1 0 0 1 0 0 1 0 0 </float_array>
          <technique_common>
            <accessor count="184" offset="0" source="#meshId78-tangents-array" stride="3">
              <param name="X" type="float" />
              <param name="Y" type="float" />
              <param name="Z" type="float" />
            </accessor>
          </technique_common>
        </source>
        <source id="meshId78-bitangents" name="meshId78-bitangents">
          <float_array id="meshId78-bitangents-array" count="552"> 0 1 0 0 1 0 0 1 0 0 1 0 0 -0 1 0 -0 1 0 -0 1 0 -0 1 -1.71387e-06 -0 -1 -1.29775e-06 -0 -1 -1.52701e-06 -0 -1 -0 -0 -1 -0 -0 -1 -0 -0 -1 -0 -0 -1 -0 -0 -1 -0 -0 -1 -1.95281e-06 -0 -1 4.74925e-05 0 -1 -0 -0 -1 4.0418e-05 0 -1 0.000175872 0 -1 0 1 -0 0 1 -0 0 1 -0 0 1 -0 0 1 0 0 1 0 0 1 0 0 1 0 0 1 0 0 1 0 0 1 0 0 1 0 -0 1 0 -0 1 0 -0 1 0 -0 1 0 -0 1 0 -0 1 0 0.0728577 0.997342 0 0 1 0 0.123968 0.992286 0 0.162573 0.986697 0 0 -0 -1e-06 0 -0 -1e-06 0 -0 -1e-06 -0 -0 -0 -0 -0 -0 -0 -0 -0 -0 -0 -0 -0.0737894 0.997274 0 -0.161305 0.986905 0 -0.127444 0.991846 0 0 1 0 0 1 -0 0 1 -0 0 1 -0 0 1 -0 -0 -0 0 -0 -0 0 -0 -0 -1 -1.75866e-06 -0 -1 -0 1 0 -0 1 0 -0 -0 -0 0 1 0 0 1 0 0 1 -0 0 1 -0 0 1 -0 0 1 -0 -0.0152242 0.999884 0 0.0006777 1 0 0 0.988805 -0.149211 0 0.999873 -0.01593 -0 1 0.000546422 0 0.988009 -0.154395 0 0.999999 -0.00135316 0 0.988004 -0.154432 0 0.988791 -0.149307 0 0.999811 -0.0194562 0.000485758 1 0 0.0178283 0.999841 0 -0 1 0 -0 1 0 -0 1 0 -0 1 0 0 1 0 0 1 0 0 -0 1 0 -0 1 0 -0 1 0 -0 1 0 1 0 0 1 0 0 1 0 0 1 0 -0.000894944 1 0 0 1 0 0 1 -0 0 0.999999 0.0013202 0 1 0.000601669 0 1 -0 -0.0750387 0.997181 0 -0.0590447 0.998255 0 0 0.997739 -0.0672137 0 0.99868 -0.0513652 0 -0.000175738 1 0 -0.000180552 1 0 -4.81381e-06 1 0 0 1 3.56639e-06 1 0 3.61238e-06 1 0 4.5992e-08 1 0 0 1 0 0 0 1 0 0 1 0 0 1 0 0 1 0 0.99848 -0.0551168 0 0.997356 -0.0726746 0.0620676 0.998071 -0.00124364 0.0795084 0.996833 -0.00140407 -0 1 0.000941627 -0 1 0 -0 0.999999 0.00095605 -0 1 0 0.00160955 0.999999 -0 0 1 0 -0 -0 1 -0 -0 1 -0 -0 1 -0 -0 1 -0 -0 1 -0 -0 1 -0 -0 1 -0 -0 1 -0 -0 1 -0 -0 1 -0.154781 0.987949 0 -0.157191 0.987568 0 -0 -0 -0 -0 -0 -0 -0 -0 -0 -0 -0 -0 -0 1 -0 -0 1 -0 -0 1 -0 -0 1 -0 0 0.988327 0.152345 0 0.987876 0.155242 -0 -0.999205 0.002914 -0 -0.999205 0.002914 -0 -0.999205 0.002914 -0 -0.999205 0.002914 -0 0.994318 0.106455 -0 0.994122 0.108269 -0.222962 0.974826 0.00144217 -0.227441 0.973791 0.00148533 0 0.94914 0.314853 0 0.946774 0.3219 0 -0.999975 -0.000177 0 -0.999975 -0.000177 0 -0.999975 -0.000177 0 -0.999975 -0.000177 -0 0.960593 0.27796 -0 0.958876 0.283824 0.230268 0.973127 0 0.235469 0.971882 0 0 0.995144 0.098429 0 0.994952 0.100348 -0 -0 0 -0 -0 0 -0 -0 0 -0 -0 0 0.186038 0.982543 -0 0.189637 0.981854 -0 -0 0.986204 0.165536 -0 0.985772 0.168089 -0 1 -0 -0 1 -0 -0 1 -0 -0 1 -0 </float_array>
          <technique_common>
            <accessor count="184" offset="0" source="#meshId78-bitangents-array" stride="3">
              <param name="X" type="float" />
              <param name="Y" type="float" />
              <param name="Z" type="float" />
            </accessor>
          </technique_common>
        </source>
        <source id="meshId78-tex0" name="meshId78-tex0">
          <float_array id="meshId78-tex0-array" count="368"> 0.296217 0.671165 0.296217 0.792959 0.015612 0.792959 0.015612 0.671165 0.296217 0.792959 0.296217 0.926889 0.015612 0.926889 0.015612 0.792959 0.18011 0.504943 0.18011 0.510781 0.008336 0.51078 0.008336 0.504943 0.002336 0.504943 0.002335 0.51078 0.186519 0.510781 0.186519 0.504943 0.002336 0.590491 0.008335 0.590491 0.180014 0.597035 0.18011 0.590491 0.186519 0.590491 0.186519 0.597034 0.490474 0.009014 0.490474 0.001571 0.496526 0.001571 0.496526 0.009014 0.496526 0.001571 0.502842 0.001571 0.502842 0.009014 0.496526 0.009014 0.818682 0.001571 0.818682 0.009014 0.824999 0.001571 0.824999 0.009014 0.824999 0.009014 0.824999 0.001571 0.831049 0.001571 0.831049 0.009014 0.975435 0.001571 0.975435 0.009014 0.982288 0.001571 0.98831 0.001571 0.988296 0.007938 0.98229 0.009014 0 0 0 0 0 0 0 0 0 0 0 0 0 0 0.33919 0.001571 0.33919 0.009014 0.333148 0.007924 0.333148 0.001571 0.33919 0.001571 0.346062 0.001571 0.346062 0.009014 0.33919 0.009014 0 0 0 0 0.002336 0.597034 0.008431 0.597034 0.982288 0.001571 0.98229 0.009014 0 0 0.502842 0.140091 0.496526 0.140091 0.490474 0.140091 0.496526 0.140091 0.346062 0.140091 0.33919 0.140091 0.33919 0.140091 0.333148 0.140112 0.333148 0.007924 0.333148 0.140112 0.326173 0.140134 0.326172 0.006834 0.988389 0.140105 0.988296 0.007938 0.995252 0.006857 0.995367 0.140114 0.982324 0.140091 0.988389 0.140105 0.982324 0.140091 0.975435 0.140091 0.831049 0.140091 0.824999 0.140091 0.824999 0.140091 0.818682 0.140091 0.296217 0.671165 0.015612 0.671165 0.015612 0.664792 0.296217 0.664792 0.296217 0.664792 0.015612 0.664792 0.015456 0.658913 0.296373 0.658913 0.502842 0.147302 0.496526 0.147302 0.490474 0.147302 0.496526 0.147302 0.346062 0.147302 0.33919 0.147302 0.33919 0.147302 0.333148 0.146789 0.333148 0.146789 0.326172 0.146276 0.301829 0.926888 0.296217 0.926889 0.296217 0.792959 0.301829 0.792959 0.296217 0.926889 0.296217 0.9325 0.015612 0.932501 0.015612 0.926889 0.01 0.792959 0.015612 0.792959 0.015612 0.926889 0.01 0.926889 0.988393 0.146781 0.995372 0.146254 0.982326 0.147302 0.988393 0.146781 0.982326 0.147302 0.975435 0.147302 0.831049 0.147302 0.824999 0.147302 0.824999 0.147302 0.818682 0.147302 0 0 0 0 0 0 0 0 0 0 0 0 0 0 0 0 0 0 0 0 0.496526 0.389564 0.502842 0.389564 0 0 0 0 0 0 0 0 0 0 0 0 0 0 0 0 0.490474 0.389564 0.496526 0.389564 0 0 0 0 0 0 0 0 0.975901 0.389564 0.982502 0.389564 0.982502 0.389564 0.988508 0.391653 0.988508 0.391653 0.994619 0.393254 0 0 0 0 0 0 0 0 0.326085 0.393256 0.333148 0.391638 0.333148 0.391638 0.33919 0.389564 0.33919 0.389564 0.346062 0.389564 0 0 0 0 0 0 0 0 0.818682 0.389564 0.824999 0.389564 0.824999 0.389564 0.831049 0.389564 0 0 0 0 0 0 0 0 </float_array>
          <technique_common>
            <accessor count="184" offset="0" source="#meshId78-tex0-array" stride="2">
              <param name="S" type="float" />
              <param name="T" type="float" />
            </accessor>
          </technique_common>
        </source>
        <vertices id="meshId78-vertices">
          <input semantic="POSITION" source="#meshId78-positions" />
          <input semantic="NORMAL" source="#meshId78-normals" />
          <input semantic="TANGENT" source="#meshId78-tangents" />
          <input semantic="BINORMAL" source="#meshId78-bitangents" />
          <input semantic="TEXCOORD" source="#meshId78-tex0"  />
        </vertices>
        <polylist count="150" material="defaultMaterial">
          <input offset="0" semantic="VERTEX" source="#meshId78-vertices" />
          <vcount>3 3 3 3 3 3 3 3 3 3 3 3 3 3 3 3 3 3 3 3 3 3 3 3 3 3 3 3 3 3 3 3 3 3 3 3 3 3 3 3 3 3 3 3 3 3 3 3 3 3 3 3 3 3 3 3 3 3 3 3 3 3 3 3 3 3 3 3 3 3 3 3 3 3 3 3 3 3 3 3 3 3 3 3 3 3 3 3 3 3 3 3 3 3 3 3 3 3 3 3 3 3 3 3 3 3 3 3 3 3 3 3 3 3 3 3 3 3 3 3 3 3 3 3 3 3 3 3 3 3 3 3 3 3 3 3 3 3 3 3 3 3 3 3 3 3 3 3 3 3 </vcount>
          <p>0 1 2 2 3 0 4 5 6 6 7 4 8 9 10 10 11 8 12 11 10 10 13 12 14 9 8 8 15 14 16 13 10 10 17 16 18 19 20 20 21 18 22 23 24 24 25 22 26 27 28 28 29 26 28 27 30 30 31 28 32 33 31 31 30 32 34 35 36 36 37 34 38 39 37 37 36 38 40 41 42 42 43 40 44 45 46 47 48 49 49 50 47 51 52 53 53 54 51 55 56 57 57 58 55 59 44 46 46 60 59 61 16 17 17 62 61 63 64 39 39 38 63 50 49 65 19 9 14 14 20 19 56 23 22 22 57 56 29 28 66 66 67 29 68 22 25 25 69 68 70 57 22 22 68 70 71 58 57 57 70 71 52 72 73 73 53 52 74 75 76 76 77 74 78 79 80 80 81 78 82 43 42 42 83 82 64 84 85 85 39 64 39 85 86 86 37 39 87 34 37 37 86 87 33 88 89 89 31 33 66 28 31 31 89 66 9 19 17 17 10 9 90 91 92 92 93 90 94 95 96 96 97 94 18 62 17 17 19 18 67 66 98 98 99 67 100 68 69 69 101 100 102 70 68 68 100 102 103 71 70 70 102 103 72 104 105 105 73 72 75 106 107 107 76 75 108 109 110 110 111 108 112 113 114 114 115 112 116 117 118 118 119 116 120 78 81 81 121 120 122 82 83 83 123 122 84 124 125 125 85 84 85 125 126 126 86 85 127 87 86 86 126 127 88 128 129 129 89 88 98 66 89 89 129 98 130 131 132 132 133 130 134 132 135 135 136 134 137 134 138 138 139 137 140 99 98 98 141 140 142 143 144 144 145 142 146 147 148 148 149 146 150 100 101 101 151 150 152 153 154 154 155 152 156 125 124 124 157 156 158 122 123 123 159 158 160 120 121 121 161 160 162 163 164 164 165 162 166 107 106 106 167 166 168 105 104 104 169 168 170 103 102 102 171 170 172 173 174 174 175 172 176 129 128 128 177 176 178 127 126 126 179 178 180 181 182 182 183 180 </p>
        </polylist>
      </mesh>
    </geometry>
    <geometry id="meshId79" name="meshId79_name" >
      <mesh>
        <source id="meshId79-positions" name="meshId79-positions">
          <float_array id="meshId79-positions-array" count="24"> 0.720949 -0.180954 -0.339334 0.720949 -0.180954 0.339157 0.720949 0.829271 0.339157 0.720949 0.829271 -0.339334 0.733388 0.829271 -0.339334 0.733388 0.829271 0.339157 0.733388 -0.180954 0.339157 0.733388 -0.180954 -0.339334 </float_array>
          <technique_common>
            <accessor count="8" offset="0" source="#meshId79-positions-array" stride="3">
              <param name="X" type="float" />
              <param name="Y" type="float" />
              <param name="Z" type="float" />
            </accessor>
          </technique_common>
        </source>
        <source id="meshId79-normals" name="meshId79-normals">
          <float_array id="meshId79-normals-array" count="24"> -1 0 0 -1 0 0 -1 0 0 -1 0 0 1 0 0 1 0 0 1 0 0 1 0 0 </float_array>
          <technique_common>
            <accessor count="8" offset="0" source="#meshId79-normals-array" stride="3">
              <param name="X" type="float" />
              <param name="Y" type="float" />
              <param name="Z" type="float" />
            </accessor>
          </technique_common>
        </source>
        <source id="meshId79-tangents" name="meshId79-tangents">
          <float_array id="meshId79-tangents-array" count="24"> 0 0 1 0 0 1 0 0 1 0 0 1 0 0 -1 0 0 -1 0 0 -1 0 0 -1 </float_array>
          <technique_common>
            <accessor count="8" offset="0" source="#meshId79-tangents-array" stride="3">
              <param name="X" type="float" />
              <param name="Y" type="float" />
              <param name="Z" type="float" />
            </accessor>
          </technique_common>
        </source>
        <source id="meshId79-bitangents" name="meshId79-bitangents">
          <float_array id="meshId79-bitangents-array" count="24"> 0 1 -0 0 1 -0 0 1 -0 0 1 -0 -0 1 0 -0 1 0 -0 1 0 -0 1 0 </float_array>
          <technique_common>
            <accessor count="8" offset="0" source="#meshId79-bitangents-array" stride="3">
              <param name="X" type="float" />
              <param name="Y" type="float" />
              <param name="Z" type="float" />
            </accessor>
          </technique_common>
        </source>
        <source id="meshId79-tex0" name="meshId79-tex0">
          <float_array id="meshId79-tex0-array" count="16"> 0.834458 0.361366 0.970697 0.361366 0.970697 0.564216 0.834458 0.564216 0.970874 0.355728 0.834636 0.355728 0.834636 0.152877 0.970874 0.152877 </float_array>
          <technique_common>
            <accessor count="8" offset="0" source="#meshId79-tex0-array" stride="2">
              <param name="S" type="float" />
              <param name="T" type="float" />
            </accessor>
          </technique_common>
        </source>
        <vertices id="meshId79-vertices">
          <input semantic="POSITION" source="#meshId79-positions" />
          <input semantic="NORMAL" source="#meshId79-normals" />
          <input semantic="TANGENT" source="#meshId79-tangents" />
          <input semantic="BINORMAL" source="#meshId79-bitangents" />
          <input semantic="TEXCOORD" source="#meshId79-tex0"  />
        </vertices>
        <polylist count="4" material="defaultMaterial">
          <input offset="0" semantic="VERTEX" source="#meshId79-vertices" />
          <vcount>3 3 3 3 </vcount>
          <p>3 0 1 1 2 3 7 4 5 5 6 7 </p>
        </polylist>
      </mesh>
    </geometry>
    <geometry id="meshId80" name="meshId80_name" >
      <mesh>
        <source id="meshId80-positions" name="meshId80-positions">
          <float_array id="meshId80-positions-array" count="168"> -0.722303 0.509515 0.349934 -0.719541 0.509515 0.349934 -0.719541 0.538032 0.349934 -0.722303 0.538032 0.349934 -0.722303 0.538032 0.349934 -0.719541 0.538032 0.349934 -0.719541 0.538032 -0.0571209 -0.722303 0.538032 -0.0571209 -0.722303 0.509515 -0.0571209 -0.719541 0.509515 -0.0571209 -0.719541 0.509515 0.349934 -0.722303 0.509515 0.349934 0.722303 0.509515 0.349934 0.722303 0.509515 -0.0571209 0.722303 0.538032 -0.0571209 0.722303 0.538032 0.349934 -0.722303 0.509515 -0.0571209 -0.722303 0.509515 0.349934 -0.722303 0.538032 0.349934 -0.722303 0.538032 -0.0571209 -0.719541 0.538032 -0.0571209 0.718207 0.538032 -0.0571209 0.718207 0.509515 -0.0571209 -0.719541 0.509515 -0.0571209 0.718207 0.509515 -0.0571209 0.718207 0.509515 0.349934 0.718207 0.509515 0.349934 0.718207 0.538032 0.349934 0.718207 0.538032 0.349934 0.718207 0.538032 -0.0571209 0.722303 0.509515 -0.0571209 0.722303 0.509515 0.349934 0.722303 0.509515 0.349934 0.722303 0.538032 0.349934 0.722303 0.538032 0.349934 0.722303 0.538032 -0.0571209 -0.719542 0.538032 -0.342284 -0.722303 0.538032 -0.342284 -0.719541 0.538032 -0.0571209 -0.719541 0.509515 -0.0571209 -0.719542 0.509515 -0.342284 -0.719542 0.538032 -0.342284 -0.722303 0.509515 -0.342284 -0.719542 0.509515 -0.342284 -0.722303 0.538032 -0.342284 -0.722303 0.509515 -0.342284 0.722303 0.538032 -0.342284 0.718207 0.538032 -0.342284 0.722303 0.509515 -0.342284 0.722303 0.538032 -0.342284 0.718207 0.509515 -0.342284 0.722303 0.509515 -0.342284 0.718207 0.509515 -0.0571209 0.718207 0.538032 -0.0571209 0.718207 0.538032 -0.342284 0.718207 0.509515 -0.342284 </float_array>
          <technique_common>
            <accessor count="56" offset="0" source="#meshId80-positions-array" stride="3">
              <param name="X" type="float" />
              <param name="Y" type="float" />
              <param name="Z" type="float" />
            </accessor>
          </technique_common>
        </source>
        <source id="meshId80-normals" name="meshId80-normals">
          <float_array id="meshId80-normals-array" count="168"> -1e-05 0 1 0 0 1 0 0 1 -1e-05 0 1 0 1 0 0 1 0 0 1 0 0 1 0 0 -1 0 0 -1 0 0 -1 0 0 -1 0 1 0 0 1 0 0 1 0 0 1 0 0 -1 0 1e-06 -1 0 0 -1 0 0 -1 0 1e-06 0 0 -1 0 0 -1 0 0 -1 0 0 -1 0 -1 0 0 -1 0 0 0 1 0 0 1 0 1 0 0 1 0 0 -1 0 0 -1 0 0 0 1 0 0 1 0 1 0 0 1 0 0 1 0 0 1 0 1 0 -2e-06 1 0 -2e-06 1 0 -2e-06 1 0 -2e-06 0 -1 0 0 -1 0 -1 0 2e-06 -1 0 2e-06 0 1 0 0 1 0 1 0 0 1 0 0 0 -1 0 0 -1 0 -1 0 0 -1 0 0 -1 0 0 -1 0 0 </float_array>
          <technique_common>
            <accessor count="56" offset="0" source="#meshId80-normals-array" stride="3">
              <param name="X" type="float" />
              <param name="Y" type="float" />
              <param name="Z" type="float" />
            </accessor>
          </technique_common>
        </source>
        <source id="meshId80-tangents" name="meshId80-tangents">
          <float_array id="meshId80-tangents-array" count="168"> -1 0 -1e-05 -1 2.50686e-08 0 -1 0 0 -1 0 -1e-05 -1 0 0 -1 0 3.79187e-08 -1 0 1.06355e-05 -1 0 1.59592e-05 7.37993e-06 0 1 4.93995e-06 0 1 0 0 1 5.70241e-08 0 1 0 -1 0 0 -1 0 0 -1 0 0 -1 0 0 1 0 0 1 0 0 1 0 -5.66463e-12 1 -5.66463e-06 -1 0 0 -1 0 0 -1 0 0 -1 0 0 0 0 1 0 0 1 -1 1.98592e-06 0 -1 1.96085e-06 0 -1 0 1.03642e-08 -1 0 5.08908e-09 0 0 1 0 0 1 -1 0 0 -1 0 0 -1 0 0 -1 0 0 -1 0 0 -1 0 8.21762e-08 0 1 0 0 1 0 0 1 0 0 1 0 -1.7349e-05 0 1 -1.72318e-05 0 1 -3.57101e-10 1 -0.00017855 -3.34442e-10 1 -0.000167221 -1 0 0 -1 0 0 0 -1 0 0 -1 0 0 0 1 0 0 1 0 -1 0 0 -1 0 0 -1 0 0 -1 0 </float_array>
          <technique_common>
            <accessor count="56" offset="0" source="#meshId80-tangents-array" stride="3">
              <param name="X" type="float" />
              <param name="Y" type="float" />
              <param name="Z" type="float" />
            </accessor>
          </technique_common>
        </source>
        <source id="meshId80-bitangents" name="meshId80-bitangents">
          <float_array id="meshId80-bitangents-array" count="168"> -0 -1 0 -2.50686e-08 -1 0 0 -1 0 -0 -1 0 0 -0 1 3.79187e-08 -0 1 1.06355e-05 -0 1 1.59592e-05 -0 1 -1 0 7.37993e-06 -1 0 4.93995e-06 -1 0 0 -1 0 5.70241e-08 0 0 -1 0 0 -1 0 0 -1 0 0 -1 -1e-06 0 -1 0 0 -1 0 0 -1 -1e-06 -5.66463e-06 -1 0 1 0 0 1 0 0 1 0 0 1 0 -1 0 0 -1 0 0 -1.98592e-06 -1 0 -1.96085e-06 -1 0 1.03642e-08 -0 1 5.08908e-09 -0 1 -1 0 0 -1 0 0 0 -1 0 0 -1 0 0 -0 1 0 -0 1 0 -0 1 8.21762e-08 -0 1 2e-06 -0 1 2e-06 -0 1 2e-06 -0 1 2e-06 -0 1 -1 -0 -1.7349e-05 -1 -0 -1.72318e-05 -2e-06 -0.00017855 -1 -2e-06 -0.000167221 -1 0 -0 1 0 -0 1 0 0 -1 0 0 -1 -1 0 0 -1 0 0 0 0 1 0 0 1 0 0 1 0 0 1 </float_array>
          <technique_common>
            <accessor count="56" offset="0" source="#meshId80-bitangents-array" stride="3">
              <param name="X" type="float" />
              <param name="Y" type="float" />
              <param name="Z" type="float" />
            </accessor>
          </technique_common>
        </source>
        <source id="meshId80-tex0" name="meshId80-tex0">
          <float_array id="meshId80-tex0-array" count="112"> 0.264157 0.501747 0.263666 0.501747 0.263666 0.496686 0.264157 0.496686 0.264157 0.496686 0.263666 0.496686 0.263666 0.424447 0.264157 0.424447 0.703936 0.850045 0.703936 0.849555 0.776174 0.849555 0.776174 0.850046 0.504616 0.392869 0.504616 0.473811 0.498407 0.473811 0.498407 0.392869 0.498407 0.473811 0.498407 0.392869 0.504616 0.392869 0.504617 0.473811 0.263666 0.424447 0.008513 0.424447 0.008513 0.419386 0.263666 0.419386 0.703936 0.594402 0.776174 0.594402 0.008513 0.501746 0.008513 0.496686 0.008513 0.496686 0.008513 0.424447 0.703936 0.593675 0.776174 0.593675 0.007786 0.501746 0.007786 0.496686 0.007786 0.496686 0.007786 0.424447 0.263666 0.373839 0.264157 0.373839 0.504616 0.588041 0.498407 0.588041 0.498407 0.531334 0.504617 0.531334 0.653328 0.850046 0.653328 0.849555 0.504617 0.530514 0.498407 0.530515 0.007786 0.373839 0.008513 0.373839 0.504616 0.530515 0.498407 0.530515 0.653328 0.594402 0.653328 0.593675 0.504616 0.588041 0.498407 0.588041 0.498407 0.531334 0.504616 0.531334 </float_array>
          <technique_common>
            <accessor count="56" offset="0" source="#meshId80-tex0-array" stride="2">
              <param name="S" type="float" />
              <param name="T" type="float" />
            </accessor>
          </technique_common>
        </source>
        <vertices id="meshId80-vertices">
          <input semantic="POSITION" source="#meshId80-positions" />
          <input semantic="NORMAL" source="#meshId80-normals" />
          <input semantic="TANGENT" source="#meshId80-tangents" />
          <input semantic="BINORMAL" source="#meshId80-bitangents" />
          <input semantic="TEXCOORD" source="#meshId80-tex0"  />
        </vertices>
        <polylist count="40" material="defaultMaterial">
          <input offset="0" semantic="VERTEX" source="#meshId80-vertices" />
          <vcount>3 3 3 3 3 3 3 3 3 3 3 3 3 3 3 3 3 3 3 3 3 3 3 3 3 3 3 3 3 3 3 3 3 3 3 3 3 3 3 3 </vcount>
          <p>3 0 1 1 2 3 7 4 5 5 6 7 11 8 9 9 10 11 15 12 13 13 14 15 19 16 17 17 18 19 23 20 21 21 22 23 25 10 9 9 24 25 27 2 1 1 26 27 29 6 5 5 28 29 31 25 24 24 30 31 33 27 26 26 32 33 35 29 28 28 34 35 37 7 6 6 36 37 41 38 39 39 40 41 43 9 8 8 42 43 45 16 19 19 44 45 47 29 35 35 46 47 49 14 13 13 48 49 51 30 24 24 50 51 55 52 53 53 54 55 </p>
        </polylist>
      </mesh>
    </geometry>
    <geometry id="meshId81" name="meshId81_name" >
      <mesh>
        <source id="meshId81-positions" name="meshId81-positions">
          <float_array id="meshId81-positions-array" count="168"> -0.722303 0.167318 0.349934 -0.719541 0.167318 0.349934 -0.719541 0.195835 0.349934 -0.722303 0.195835 0.349934 -0.722303 0.195835 0.349934 -0.719541 0.195835 0.349934 -0.719541 0.195835 -0.0571209 -0.722303 0.195835 -0.0571209 -0.722303 0.167318 -0.0571209 -0.719541 0.167318 -0.0571209 -0.719541 0.167318 0.349934 -0.722303 0.167318 0.349934 0.722303 0.167318 0.349934 0.722303 0.167318 -0.0571209 0.722303 0.195835 -0.0571209 0.722303 0.195835 0.349934 -0.722303 0.167318 -0.0571209 -0.722303 0.167318 0.349934 -0.722303 0.195835 0.349934 -0.722303 0.195835 -0.0571209 -0.719541 0.195835 -0.0571209 0.718207 0.195835 -0.0571209 0.718207 0.167318 -0.0571209 -0.719541 0.167318 -0.0571209 0.718207 0.167318 -0.0571209 0.718207 0.167318 0.349934 0.718207 0.167318 0.349934 0.718207 0.195835 0.349934 0.718207 0.195835 0.349934 0.718207 0.195835 -0.0571209 0.722303 0.167318 -0.0571209 0.722303 0.167318 0.349934 0.722303 0.167318 0.349934 0.722303 0.195835 0.349934 0.722303 0.195835 0.349934 0.722303 0.195835 -0.0571209 -0.719542 0.195835 -0.342284 -0.722303 0.195835 -0.342284 -0.719541 0.195835 -0.0571209 -0.719541 0.167318 -0.0571209 -0.719542 0.167318 -0.342284 -0.719542 0.195835 -0.342284 -0.722303 0.167318 -0.342284 -0.719542 0.167318 -0.342284 -0.722303 0.195835 -0.342284 -0.722303 0.167318 -0.342284 0.722303 0.195835 -0.342284 0.718207 0.195835 -0.342284 0.722303 0.167318 -0.342284 0.722303 0.195835 -0.342284 0.718207 0.167318 -0.342284 0.722303 0.167318 -0.342284 0.718207 0.167318 -0.0571209 0.718207 0.195835 -0.0571209 0.718207 0.195835 -0.342284 0.718207 0.167318 -0.342284 </float_array>
          <technique_common>
            <accessor count="56" offset="0" source="#meshId81-positions-array" stride="3">
              <param name="X" type="float" />
              <param name="Y" type="float" />
              <param name="Z" type="float" />
            </accessor>
          </technique_common>
        </source>
        <source id="meshId81-normals" name="meshId81-normals">
          <float_array id="meshId81-normals-array" count="168"> -1e-05 0 1 0 0 1 0 0 1 -1e-05 0 1 0 1 0 0 1 0 0 1 0 0 1 0 0 -1 0 0 -1 0 0 -1 0 0 -1 0 1 0 0 1 0 0 1 0 0 1 0 0 -1 0 1e-06 -1 0 0 -1 0 0 -1 0 1e-06 0 0 -1 0 0 -1 0 0 -1 0 0 -1 0 -1 0 0 -1 0 0 0 1 0 0 1 0 1 0 0 1 0 0 -1 0 0 -1 0 0 0 1 0 0 1 0 1 0 0 1 0 0 1 0 0 1 0 1 0 -2e-06 1 0 -2e-06 1 0 -2e-06 1 0 -2e-06 0 -1 0 0 -1 0 -1 0 2e-06 -1 0 2e-06 0 1 0 0 1 0 1 0 0 1 0 0 0 -1 0 0 -1 0 -1 0 0 -1 0 0 -1 0 0 -1 0 0 </float_array>
          <technique_common>
            <accessor count="56" offset="0" source="#meshId81-normals-array" stride="3">
              <param name="X" type="float" />
              <param name="Y" type="float" />
              <param name="Z" type="float" />
            </accessor>
          </technique_common>
        </source>
        <source id="meshId81-tangents" name="meshId81-tangents">
          <float_array id="meshId81-tangents-array" count="168"> 0 1 0 0 1 0 0 1 0 0 1 0 0 0 -1 0 0 -1 -4.88143e-07 0 -1 -7.31566e-07 0 -1 -1 0 1.20651e-05 -1 0 4.18018e-06 -1 0 -4.39017e-06 -1 0 -8.76308e-06 0 -1 0 0 -1 0 0 -1 0 0 -1 0 0 1 0 0 1 0 0 1 0 0 1 0 -1 0 0 -1 0 0 -1 0 0 -1 0 0 -1 0 -3.45474e-09 -1 0 -2.45151e-09 -9.10011e-05 1 0 0 1 0 -6.96695e-06 0 -1 0 0 -1 -1 0 0 -1 0 0 -0.000200181 1 0 -1.81787e-05 1 0 -1.40237e-05 0 -1 -4.49344e-08 0 -1 -1.67215e-06 0 -1 -1.67087e-06 0 -1 0 -1 0 0 -1 0 0 -1 0 0 -1 0 -0.999998 0 0.00189078 -0.999998 0 0.00187921 0 1 0 0 1 0 0 0 -1 0 0 -1 0 -1 0 0 -1 0 -1 0 0 -1 0 0 0 -1 0 0 -1 0 0 -1 0 0 -1 0 </float_array>
          <technique_common>
            <accessor count="56" offset="0" source="#meshId81-tangents-array" stride="3">
              <param name="X" type="float" />
              <param name="Y" type="float" />
              <param name="Z" type="float" />
            </accessor>
          </technique_common>
        </source>
        <source id="meshId81-bitangents" name="meshId81-bitangents">
          <float_array id="meshId81-bitangents-array" count="168"> -1 0 -1e-05 -1 0 0 -1 0 0 -1 0 -1e-05 -1 0 0 -1 0 0 -1 0 4.88143e-07 -1 0 7.31566e-07 -1.20651e-05 -0 -1 -4.18018e-06 -0 -1 4.39017e-06 0 -1 8.76308e-06 0 -1 0 0 -1 0 0 -1 0 0 -1 0 0 -1 -1e-06 0 -1 0 0 -1 0 0 -1 -1e-06 0 -1 0 1 0 0 1 0 0 1 0 0 1 0 3.45474e-09 0 -1 2.45151e-09 0 -1 -1 -9.10011e-05 0 -1 0 0 -1 0 6.96695e-06 -1 0 0 -0 -0 -1 -0 -0 -1 -1 -0.000200181 0 -1 -1.81787e-05 0 -1 0 1.40237e-05 -1 0 4.49344e-08 -1 0 1.67215e-06 -1 0 1.67087e-06 -2e-06 -0 -1 -2e-06 -0 -1 -2e-06 -0 -1 -2e-06 -0 -1 -0.00189078 -0 -0.999998 -0.00187921 -0 -0.999998 -2e-06 0 -1 -2e-06 0 -1 -1 0 0 -1 0 0 0 0 -1 0 0 -1 -0 -0 -1 -0 -0 -1 0 0 1 0 0 1 0 0 1 0 0 1 </float_array>
          <technique_common>
            <accessor count="56" offset="0" source="#meshId81-bitangents-array" stride="3">
              <param name="X" type="float" />
              <param name="Y" type="float" />
              <param name="Z" type="float" />
            </accessor>
          </technique_common>
        </source>
        <source id="meshId81-tex0" name="meshId81-tex0">
          <float_array id="meshId81-tex0-array" count="112"> 0.575363 0.852211 0.575363 0.851721 0.580381 0.851721 0.580381 0.852211 0.580381 0.852211 0.580381 0.851721 0.652008 0.851721 0.652008 0.852211 0.266143 0.36354 0.265653 0.36354 0.265653 0.286909 0.266143 0.286909 0.504617 0.392869 0.504616 0.473811 0.498407 0.473811 0.498407 0.392869 0.498407 0.473811 0.498407 0.392869 0.504616 0.392869 0.504617 0.473811 0.265653 0.368908 0.010383 0.368908 0.010383 0.36354 0.265653 0.36354 0.010383 0.36354 0.010383 0.286909 0.575363 0.596452 0.580381 0.596452 0.580381 0.596452 0.652008 0.596452 0.009656 0.36354 0.009656 0.286909 0.575363 0.595725 0.580381 0.595724 0.580381 0.595725 0.652008 0.595724 0.702187 0.851721 0.702186 0.852211 0.498406 0.531334 0.504617 0.531334 0.504616 0.588041 0.498406 0.588041 0.266143 0.417224 0.265653 0.417223 0.504617 0.530514 0.498407 0.530514 0.702187 0.595724 0.702186 0.596452 0.504616 0.530514 0.498407 0.530514 0.010383 0.417224 0.009656 0.417224 0.504617 0.588041 0.498406 0.588041 0.498406 0.531334 0.504617 0.531334 </float_array>
          <technique_common>
            <accessor count="56" offset="0" source="#meshId81-tex0-array" stride="2">
              <param name="S" type="float" />
              <param name="T" type="float" />
            </accessor>
          </technique_common>
        </source>
        <vertices id="meshId81-vertices">
          <input semantic="POSITION" source="#meshId81-positions" />
          <input semantic="NORMAL" source="#meshId81-normals" />
          <input semantic="TANGENT" source="#meshId81-tangents" />
          <input semantic="BINORMAL" source="#meshId81-bitangents" />
          <input semantic="TEXCOORD" source="#meshId81-tex0"  />
        </vertices>
        <polylist count="40" material="defaultMaterial">
          <input offset="0" semantic="VERTEX" source="#meshId81-vertices" />
          <vcount>3 3 3 3 3 3 3 3 3 3 3 3 3 3 3 3 3 3 3 3 3 3 3 3 3 3 3 3 3 3 3 3 3 3 3 3 3 3 3 3 </vcount>
          <p>3 0 1 1 2 3 7 4 5 5 6 7 11 8 9 9 10 11 15 12 13 13 14 15 19 16 17 17 18 19 23 20 21 21 22 23 25 10 9 9 24 25 27 2 1 1 26 27 29 6 5 5 28 29 31 25 24 24 30 31 33 27 26 26 32 33 35 29 28 28 34 35 37 7 6 6 36 37 41 38 39 39 40 41 43 9 8 8 42 43 45 16 19 19 44 45 47 29 35 35 46 47 49 14 13 13 48 49 51 30 24 24 50 51 55 52 53 53 54 55 </p>
        </polylist>
      </mesh>
    </geometry>
  </library_geometries>
  <library_visual_scenes>
    <visual_scene id="cart_low.obj" name="cart_low.obj">
      <node id="g default" name="g default">
        <matrix>1 0 0 0 0 1 0 0 0 0 1 0 0 0 0 1</matrix>
      </node>
      <node id="g pCube2 export" name="g pCube2 export">
        <matrix>1 0 0 0 0 1 0 0 0 0 1 0 0 0 0 1</matrix>
        <instance_geometry url="#meshId0">
          <bind_material>
            <technique_common>
              <instance_material symbol="defaultMaterial" target="#lambert17SG" />
            </technique_common>
          </bind_material>
        </instance_geometry>
      </node>
      <node id="g export pCube4" name="g export pCube4">
        <matrix>1 0 0 0 0 1 0 0 0 0 1 0 0 0 0 1</matrix>
        <instance_geometry url="#meshId1">
          <bind_material>
            <technique_common>
              <instance_material symbol="defaultMaterial" target="#lambert17SG" />
            </technique_common>
          </bind_material>
        </instance_geometry>
      </node>
      <node id="g export pCylinder80" name="g export pCylinder80">
        <matrix>1 0 0 0 0 1 0 0 0 0 1 0 0 0 0 1</matrix>
        <instance_geometry url="#meshId2">
          <bind_material>
            <technique_common>
              <instance_material symbol="defaultMaterial" target="#lambert17SG" />
            </technique_common>
          </bind_material>
        </instance_geometry>
      </node>
      <node id="g export pCylinder79" name="g export pCylinder79">
        <matrix>1 0 0 0 0 1 0 0 0 0 1 0 0 0 0 1</matrix>
        <instance_geometry url="#meshId3">
          <bind_material>
            <technique_common>
              <instance_material symbol="defaultMaterial" target="#lambert17SG" />
            </technique_common>
          </bind_material>
        </instance_geometry>
      </node>
      <node id="g export pCylinder84" name="g export pCylinder84">
        <matrix>1 0 0 0 0 1 0 0 0 0 1 0 0 0 0 1</matrix>
        <instance_geometry url="#meshId4">
          <bind_material>
            <technique_common>
              <instance_material symbol="defaultMaterial" target="#lambert17SG" />
            </technique_common>
          </bind_material>
        </instance_geometry>
      </node>
      <node id="g export pCylinder83" name="g export pCylinder83">
        <matrix>1 0 0 0 0 1 0 0 0 0 1 0 0 0 0 1</matrix>
        <instance_geometry url="#meshId5">
          <bind_material>
            <technique_common>
              <instance_material symbol="defaultMaterial" target="#lambert17SG" />
            </technique_common>
          </bind_material>
        </instance_geometry>
      </node>
      <node id="g export pCylinder82" name="g export pCylinder82">
        <matrix>1 0 0 0 0 1 0 0 0 0 1 0 0 0 0 1</matrix>
        <instance_geometry url="#meshId6">
          <bind_material>
            <technique_common>
              <instance_material symbol="defaultMaterial" target="#lambert17SG" />
            </technique_common>
          </bind_material>
        </instance_geometry>
      </node>
      <node id="g export pCylinder81" name="g export pCylinder81">
        <matrix>1 0 0 0 0 1 0 0 0 0 1 0 0 0 0 1</matrix>
        <instance_geometry url="#meshId7">
          <bind_material>
            <technique_common>
              <instance_material symbol="defaultMaterial" target="#lambert17SG" />
            </technique_common>
          </bind_material>
        </instance_geometry>
      </node>
      <node id="g export pCube37" name="g export pCube37">
        <matrix>1 0 0 0 0 1 0 0 0 0 1 0 0 0 0 1</matrix>
        <instance_geometry url="#meshId8">
          <bind_material>
            <technique_common>
              <instance_material symbol="defaultMaterial" target="#lambert17SG" />
            </technique_common>
          </bind_material>
        </instance_geometry>
      </node>
      <node id="g export pCube36" name="g export pCube36">
        <matrix>1 0 0 0 0 1 0 0 0 0 1 0 0 0 0 1</matrix>
        <instance_geometry url="#meshId9">
          <bind_material>
            <technique_common>
              <instance_material symbol="defaultMaterial" target="#lambert17SG" />
            </technique_common>
          </bind_material>
        </instance_geometry>
      </node>
      <node id="g export pCube35" name="g export pCube35">
        <matrix>1 0 0 0 0 1 0 0 0 0 1 0 0 0 0 1</matrix>
        <instance_geometry url="#meshId10">
          <bind_material>
            <technique_common>
              <instance_material symbol="defaultMaterial" target="#lambert17SG" />
            </technique_common>
          </bind_material>
        </instance_geometry>
      </node>
      <node id="g export pCylinder76" name="g export pCylinder76">
        <matrix>1 0 0 0 0 1 0 0 0 0 1 0 0 0 0 1</matrix>
        <instance_geometry url="#meshId11">
          <bind_material>
            <technique_common>
              <instance_material symbol="defaultMaterial" target="#lambert17SG" />
            </technique_common>
          </bind_material>
        </instance_geometry>
      </node>
      <node id="g export pCylinder75" name="g export pCylinder75">
        <matrix>1 0 0 0 0 1 0 0 0 0 1 0 0 0 0 1</matrix>
        <instance_geometry url="#meshId12">
          <bind_material>
            <technique_common>
              <instance_material symbol="defaultMaterial" target="#lambert17SG" />
            </technique_common>
          </bind_material>
        </instance_geometry>
      </node>
      <node id="g export pCylinder74" name="g export pCylinder74">
        <matrix>1 0 0 0 0 1 0 0 0 0 1 0 0 0 0 1</matrix>
        <instance_geometry url="#meshId13">
          <bind_material>
            <technique_common>
              <instance_material symbol="defaultMaterial" target="#lambert17SG" />
            </technique_common>
          </bind_material>
        </instance_geometry>
      </node>
      <node id="g export pCube34" name="g export pCube34">
        <matrix>1 0 0 0 0 1 0 0 0 0 1 0 0 0 0 1</matrix>
        <instance_geometry url="#meshId14">
          <bind_material>
            <technique_common>
              <instance_material symbol="defaultMaterial" target="#lambert17SG" />
            </technique_common>
          </bind_material>
        </instance_geometry>
      </node>
      <node id="g export pSphere3" name="g export pSphere3">
        <matrix>1 0 0 0 0 1 0 0 0 0 1 0 0 0 0 1</matrix>
        <instance_geometry url="#meshId15">
          <bind_material>
            <technique_common>
              <instance_material symbol="defaultMaterial" target="#lambert17SG" />
            </technique_common>
          </bind_material>
        </instance_geometry>
      </node>
      <node id="g export pCylinder77" name="g export pCylinder77">
        <matrix>1 0 0 0 0 1 0 0 0 0 1 0 0 0 0 1</matrix>
        <instance_geometry url="#meshId16">
          <bind_material>
            <technique_common>
              <instance_material symbol="defaultMaterial" target="#lambert17SG" />
            </technique_common>
          </bind_material>
        </instance_geometry>
      </node>
      <node id="g export pCylinder70" name="g export pCylinder70">
        <matrix>1 0 0 0 0 1 0 0 0 0 1 0 0 0 0 1</matrix>
        <instance_geometry url="#meshId17">
          <bind_material>
            <technique_common>
              <instance_material symbol="defaultMaterial" target="#lambert17SG" />
            </technique_common>
          </bind_material>
        </instance_geometry>
      </node>
      <node id="g export pCylinder69" name="g export pCylinder69">
        <matrix>1 0 0 0 0 1 0 0 0 0 1 0 0 0 0 1</matrix>
        <instance_geometry url="#meshId18">
          <bind_material>
            <technique_common>
              <instance_material symbol="defaultMaterial" target="#lambert17SG" />
            </technique_common>
          </bind_material>
        </instance_geometry>
      </node>
      <node id="g export pCylinder73" name="g export pCylinder73">
        <matrix>1 0 0 0 0 1 0 0 0 0 1 0 0 0 0 1</matrix>
        <instance_geometry url="#meshId19">
          <bind_material>
            <technique_common>
              <instance_material symbol="defaultMaterial" target="#lambert17SG" />
            </technique_common>
          </bind_material>
        </instance_geometry>
      </node>
      <node id="g export pCylinder72" name="g export pCylinder72">
        <matrix>1 0 0 0 0 1 0 0 0 0 1 0 0 0 0 1</matrix>
        <instance_geometry url="#meshId20">
          <bind_material>
            <technique_common>
              <instance_material symbol="defaultMaterial" target="#lambert17SG" />
            </technique_common>
          </bind_material>
        </instance_geometry>
      </node>
      <node id="g export pCylinder71" name="g export pCylinder71">
        <matrix>1 0 0 0 0 1 0 0 0 0 1 0 0 0 0 1</matrix>
        <instance_geometry url="#meshId21">
          <bind_material>
            <technique_common>
              <instance_material symbol="defaultMaterial" target="#lambert17SG" />
            </technique_common>
          </bind_material>
        </instance_geometry>
      </node>
      <node id="g export pCube33" name="g export pCube33">
        <matrix>1 0 0 0 0 1 0 0 0 0 1 0 0 0 0 1</matrix>
        <instance_geometry url="#meshId22">
          <bind_material>
            <technique_common>
              <instance_material symbol="defaultMaterial" target="#lambert17SG" />
            </technique_common>
          </bind_material>
        </instance_geometry>
      </node>
      <node id="g export pCylinder68" name="g export pCylinder68">
        <matrix>1 0 0 0 0 1 0 0 0 0 1 0 0 0 0 1</matrix>
        <instance_geometry url="#meshId23">
          <bind_material>
            <technique_common>
              <instance_material symbol="defaultMaterial" target="#lambert17SG" />
            </technique_common>
          </bind_material>
        </instance_geometry>
      </node>
      <node id="g export pSphere2" name="g export pSphere2">
        <matrix>1 0 0 0 0 1 0 0 0 0 1 0 0 0 0 1</matrix>
        <instance_geometry url="#meshId24">
          <bind_material>
            <technique_common>
              <instance_material symbol="defaultMaterial" target="#lambert17SG" />
            </technique_common>
          </bind_material>
        </instance_geometry>
      </node>
      <node id="g export pSphere1" name="g export pSphere1">
        <matrix>1 0 0 0 0 1 0 0 0 0 1 0 0 0 0 1</matrix>
        <instance_geometry url="#meshId25">
          <bind_material>
            <technique_common>
              <instance_material symbol="defaultMaterial" target="#lambert17SG" />
            </technique_common>
          </bind_material>
        </instance_geometry>
      </node>
      <node id="g export pCylinder67" name="g export pCylinder67">
        <matrix>1 0 0 0 0 1 0 0 0 0 1 0 0 0 0 1</matrix>
        <instance_geometry url="#meshId26">
          <bind_material>
            <technique_common>
              <instance_material symbol="defaultMaterial" target="#lambert17SG" />
            </technique_common>
          </bind_material>
        </instance_geometry>
      </node>
      <node id="g export pCylinder66" name="g export pCylinder66">
        <matrix>1 0 0 0 0 1 0 0 0 0 1 0 0 0 0 1</matrix>
        <instance_geometry url="#meshId27">
          <bind_material>
            <technique_common>
              <instance_material symbol="defaultMaterial" target="#lambert17SG" />
            </technique_common>
          </bind_material>
        </instance_geometry>
      </node>
      <node id="g export pCylinder64" name="g export pCylinder64">
        <matrix>1 0 0 0 0 1 0 0 0 0 1 0 0 0 0 1</matrix>
        <instance_geometry url="#meshId28">
          <bind_material>
            <technique_common>
              <instance_material symbol="defaultMaterial" target="#lambert17SG" />
            </technique_common>
          </bind_material>
        </instance_geometry>
      </node>
      <node id="g export pCylinder63" name="g export pCylinder63">
        <matrix>1 0 0 0 0 1 0 0 0 0 1 0 0 0 0 1</matrix>
        <instance_geometry url="#meshId29">
          <bind_material>
            <technique_common>
              <instance_material symbol="defaultMaterial" target="#lambert17SG" />
            </technique_common>
          </bind_material>
        </instance_geometry>
      </node>
      <node id="g export pCube32" name="g export pCube32">
        <matrix>1 0 0 0 0 1 0 0 0 0 1 0 0 0 0 1</matrix>
        <instance_geometry url="#meshId30">
          <bind_material>
            <technique_common>
              <instance_material symbol="defaultMaterial" target="#lambert17SG" />
            </technique_common>
          </bind_material>
        </instance_geometry>
      </node>
      <node id="g export pCylinder65" name="g export pCylinder65">
        <matrix>1 0 0 0 0 1 0 0 0 0 1 0 0 0 0 1</matrix>
        <instance_geometry url="#meshId31">
          <bind_material>
            <technique_common>
              <instance_material symbol="defaultMaterial" target="#lambert17SG" />
            </technique_common>
          </bind_material>
        </instance_geometry>
      </node>
      <node id="g export pCylinder60" name="g export pCylinder60">
        <matrix>1 0 0 0 0 1 0 0 0 0 1 0 0 0 0 1</matrix>
        <instance_geometry url="#meshId32">
          <bind_material>
            <technique_common>
              <instance_material symbol="defaultMaterial" target="#lambert17SG" />
            </technique_common>
          </bind_material>
        </instance_geometry>
      </node>
      <node id="g export pCylinder59" name="g export pCylinder59">
        <matrix>1 0 0 0 0 1 0 0 0 0 1 0 0 0 0 1</matrix>
        <instance_geometry url="#meshId33">
          <bind_material>
            <technique_common>
              <instance_material symbol="defaultMaterial" target="#lambert17SG" />
            </technique_common>
          </bind_material>
        </instance_geometry>
      </node>
      <node id="g export pCylinder58" name="g export pCylinder58">
        <matrix>1 0 0 0 0 1 0 0 0 0 1 0 0 0 0 1</matrix>
        <instance_geometry url="#meshId34">
          <bind_material>
            <technique_common>
              <instance_material symbol="defaultMaterial" target="#lambert17SG" />
            </technique_common>
          </bind_material>
        </instance_geometry>
      </node>
      <node id="g export pCube31" name="g export pCube31">
        <matrix>1 0 0 0 0 1 0 0 0 0 1 0 0 0 0 1</matrix>
        <instance_geometry url="#meshId35">
          <bind_material>
            <technique_common>
              <instance_material symbol="defaultMaterial" target="#lambert17SG" />
            </technique_common>
          </bind_material>
        </instance_geometry>
      </node>
      <node id="g export pCylinder62" name="g export pCylinder62">
        <matrix>1 0 0 0 0 1 0 0 0 0 1 0 0 0 0 1</matrix>
        <instance_geometry url="#meshId36">
          <bind_material>
            <technique_common>
              <instance_material symbol="defaultMaterial" target="#lambert17SG" />
            </technique_common>
          </bind_material>
        </instance_geometry>
      </node>
      <node id="g export pCylinder61" name="g export pCylinder61">
        <matrix>1 0 0 0 0 1 0 0 0 0 1 0 0 0 0 1</matrix>
        <instance_geometry url="#meshId37">
          <bind_material>
            <technique_common>
              <instance_material symbol="defaultMaterial" target="#lambert17SG" />
            </technique_common>
          </bind_material>
        </instance_geometry>
      </node>
      <node id="g export pCylinder57" name="g export pCylinder57">
        <matrix>1 0 0 0 0 1 0 0 0 0 1 0 0 0 0 1</matrix>
        <instance_geometry url="#meshId38">
          <bind_material>
            <technique_common>
              <instance_material symbol="defaultMaterial" target="#lambert17SG" />
            </technique_common>
          </bind_material>
        </instance_geometry>
      </node>
      <node id="g export pCylinder56" name="g export pCylinder56">
        <matrix>1 0 0 0 0 1 0 0 0 0 1 0 0 0 0 1</matrix>
        <instance_geometry url="#meshId39">
          <bind_material>
            <technique_common>
              <instance_material symbol="defaultMaterial" target="#lambert17SG" />
            </technique_common>
          </bind_material>
        </instance_geometry>
      </node>
      <node id="g export pCylinder55" name="g export pCylinder55">
        <matrix>1 0 0 0 0 1 0 0 0 0 1 0 0 0 0 1</matrix>
        <instance_geometry url="#meshId40">
          <bind_material>
            <technique_common>
              <instance_material symbol="defaultMaterial" target="#lambert17SG" />
            </technique_common>
          </bind_material>
        </instance_geometry>
      </node>
      <node id="g export pCylinder51" name="g export pCylinder51">
        <matrix>1 0 0 0 0 1 0 0 0 0 1 0 0 0 0 1</matrix>
        <instance_geometry url="#meshId41">
          <bind_material>
            <technique_common>
              <instance_material symbol="defaultMaterial" target="#lambert17SG" />
            </technique_common>
          </bind_material>
        </instance_geometry>
      </node>
      <node id="g export pCylinder54" name="g export pCylinder54">
        <matrix>1 0 0 0 0 1 0 0 0 0 1 0 0 0 0 1</matrix>
        <instance_geometry url="#meshId42">
          <bind_material>
            <technique_common>
              <instance_material symbol="defaultMaterial" target="#lambert17SG" />
            </technique_common>
          </bind_material>
        </instance_geometry>
      </node>
      <node id="g export pCylinder53" name="g export pCylinder53">
        <matrix>1 0 0 0 0 1 0 0 0 0 1 0 0 0 0 1</matrix>
        <instance_geometry url="#meshId43">
          <bind_material>
            <technique_common>
              <instance_material symbol="defaultMaterial" target="#lambert17SG" />
            </technique_common>
          </bind_material>
        </instance_geometry>
      </node>
      <node id="g export pCylinder52" name="g export pCylinder52">
        <matrix>1 0 0 0 0 1 0 0 0 0 1 0 0 0 0 1</matrix>
        <instance_geometry url="#meshId44">
          <bind_material>
            <technique_common>
              <instance_material symbol="defaultMaterial" target="#lambert17SG" />
            </technique_common>
          </bind_material>
        </instance_geometry>
      </node>
      <node id="g export pCylinder50" name="g export pCylinder50">
        <matrix>1 0 0 0 0 1 0 0 0 0 1 0 0 0 0 1</matrix>
        <instance_geometry url="#meshId45">
          <bind_material>
            <technique_common>
              <instance_material symbol="defaultMaterial" target="#lambert17SG" />
            </technique_common>
          </bind_material>
        </instance_geometry>
      </node>
      <node id="g export pCylinder49" name="g export pCylinder49">
        <matrix>1 0 0 0 0 1 0 0 0 0 1 0 0 0 0 1</matrix>
        <instance_geometry url="#meshId46">
          <bind_material>
            <technique_common>
              <instance_material symbol="defaultMaterial" target="#lambert17SG" />
            </technique_common>
          </bind_material>
        </instance_geometry>
      </node>
      <node id="g export pCylinder48" name="g export pCylinder48">
        <matrix>1 0 0 0 0 1 0 0 0 0 1 0 0 0 0 1</matrix>
        <instance_geometry url="#meshId47">
          <bind_material>
            <technique_common>
              <instance_material symbol="defaultMaterial" target="#lambert17SG" />
            </technique_common>
          </bind_material>
        </instance_geometry>
      </node>
      <node id="g export pCylinder47" name="g export pCylinder47">
        <matrix>1 0 0 0 0 1 0 0 0 0 1 0 0 0 0 1</matrix>
        <instance_geometry url="#meshId48">
          <bind_material>
            <technique_common>
              <instance_material symbol="defaultMaterial" target="#lambert17SG" />
            </technique_common>
          </bind_material>
        </instance_geometry>
      </node>
      <node id="g export pCylinder35" name="g export pCylinder35">
        <matrix>1 0 0 0 0 1 0 0 0 0 1 0 0 0 0 1</matrix>
        <instance_geometry url="#meshId49">
          <bind_material>
            <technique_common>
              <instance_material symbol="defaultMaterial" target="#lambert17SG" />
            </technique_common>
          </bind_material>
        </instance_geometry>
      </node>
      <node id="g export pCylinder34" name="g export pCylinder34">
        <matrix>1 0 0 0 0 1 0 0 0 0 1 0 0 0 0 1</matrix>
        <instance_geometry url="#meshId50">
          <bind_material>
            <technique_common>
              <instance_material symbol="defaultMaterial" target="#lambert17SG" />
            </technique_common>
          </bind_material>
        </instance_geometry>
      </node>
      <node id="g export pCylinder33" name="g export pCylinder33">
        <matrix>1 0 0 0 0 1 0 0 0 0 1 0 0 0 0 1</matrix>
        <instance_geometry url="#meshId51">
          <bind_material>
            <technique_common>
              <instance_material symbol="defaultMaterial" target="#lambert17SG" />
            </technique_common>
          </bind_material>
        </instance_geometry>
      </node>
      <node id="g export pCylinder38" name="g export pCylinder38">
        <matrix>1 0 0 0 0 1 0 0 0 0 1 0 0 0 0 1</matrix>
        <instance_geometry url="#meshId52">
          <bind_material>
            <technique_common>
              <instance_material symbol="defaultMaterial" target="#lambert17SG" />
            </technique_common>
          </bind_material>
        </instance_geometry>
      </node>
      <node id="g export pCylinder37" name="g export pCylinder37">
        <matrix>1 0 0 0 0 1 0 0 0 0 1 0 0 0 0 1</matrix>
        <instance_geometry url="#meshId53">
          <bind_material>
            <technique_common>
              <instance_material symbol="defaultMaterial" target="#lambert17SG" />
            </technique_common>
          </bind_material>
        </instance_geometry>
      </node>
      <node id="g export pCylinder36" name="g export pCylinder36">
        <matrix>1 0 0 0 0 1 0 0 0 0 1 0 0 0 0 1</matrix>
        <instance_geometry url="#meshId54">
          <bind_material>
            <technique_common>
              <instance_material symbol="defaultMaterial" target="#lambert17SG" />
            </technique_common>
          </bind_material>
        </instance_geometry>
      </node>
      <node id="g export pCylinder27" name="g export pCylinder27">
        <matrix>1 0 0 0 0 1 0 0 0 0 1 0 0 0 0 1</matrix>
        <instance_geometry url="#meshId55">
          <bind_material>
            <technique_common>
              <instance_material symbol="defaultMaterial" target="#lambert17SG" />
            </technique_common>
          </bind_material>
        </instance_geometry>
      </node>
      <node id="g export pCylinder26" name="g export pCylinder26">
        <matrix>1 0 0 0 0 1 0 0 0 0 1 0 0 0 0 1</matrix>
        <instance_geometry url="#meshId56">
          <bind_material>
            <technique_common>
              <instance_material symbol="defaultMaterial" target="#lambert17SG" />
            </technique_common>
          </bind_material>
        </instance_geometry>
      </node>
      <node id="g export pCylinder25" name="g export pCylinder25">
        <matrix>1 0 0 0 0 1 0 0 0 0 1 0 0 0 0 1</matrix>
        <instance_geometry url="#meshId57">
          <bind_material>
            <technique_common>
              <instance_material symbol="defaultMaterial" target="#lambert17SG" />
            </technique_common>
          </bind_material>
        </instance_geometry>
      </node>
      <node id="g export pCylinder32" name="g export pCylinder32">
        <matrix>1 0 0 0 0 1 0 0 0 0 1 0 0 0 0 1</matrix>
        <instance_geometry url="#meshId58">
          <bind_material>
            <technique_common>
              <instance_material symbol="defaultMaterial" target="#lambert17SG" />
            </technique_common>
          </bind_material>
        </instance_geometry>
      </node>
      <node id="g export pCylinder30" name="g export pCylinder30">
        <matrix>1 0 0 0 0 1 0 0 0 0 1 0 0 0 0 1</matrix>
        <instance_geometry url="#meshId59">
          <bind_material>
            <technique_common>
              <instance_material symbol="defaultMaterial" target="#lambert17SG" />
            </technique_common>
          </bind_material>
        </instance_geometry>
      </node>
      <node id="g export pCylinder29" name="g export pCylinder29">
        <matrix>1 0 0 0 0 1 0 0 0 0 1 0 0 0 0 1</matrix>
        <instance_geometry url="#meshId60">
          <bind_material>
            <technique_common>
              <instance_material symbol="defaultMaterial" target="#lambert17SG" />
            </technique_common>
          </bind_material>
        </instance_geometry>
      </node>
      <node id="g export pCylinder28" name="g export pCylinder28">
        <matrix>1 0 0 0 0 1 0 0 0 0 1 0 0 0 0 1</matrix>
        <instance_geometry url="#meshId61">
          <bind_material>
            <technique_common>
              <instance_material symbol="defaultMaterial" target="#lambert17SG" />
            </technique_common>
          </bind_material>
        </instance_geometry>
      </node>
      <node id="g export pCylinder24" name="g export pCylinder24">
        <matrix>1 0 0 0 0 1 0 0 0 0 1 0 0 0 0 1</matrix>
        <instance_geometry url="#meshId62">
          <bind_material>
            <technique_common>
              <instance_material symbol="defaultMaterial" target="#lambert17SG" />
            </technique_common>
          </bind_material>
        </instance_geometry>
      </node>
      <node id="g export pCylinder17" name="g export pCylinder17">
        <matrix>1 0 0 0 0 1 0 0 0 0 1 0 0 0 0 1</matrix>
        <instance_geometry url="#meshId63">
          <bind_material>
            <technique_common>
              <instance_material symbol="defaultMaterial" target="#lambert17SG" />
            </technique_common>
          </bind_material>
        </instance_geometry>
      </node>
      <node id="g export pCylinder16" name="g export pCylinder16">
        <matrix>1 0 0 0 0 1 0 0 0 0 1 0 0 0 0 1</matrix>
        <instance_geometry url="#meshId64">
          <bind_material>
            <technique_common>
              <instance_material symbol="defaultMaterial" target="#lambert17SG" />
            </technique_common>
          </bind_material>
        </instance_geometry>
      </node>
      <node id="g export pCylinder15" name="g export pCylinder15">
        <matrix>1 0 0 0 0 1 0 0 0 0 1 0 0 0 0 1</matrix>
        <instance_geometry url="#meshId65">
          <bind_material>
            <technique_common>
              <instance_material symbol="defaultMaterial" target="#lambert17SG" />
            </technique_common>
          </bind_material>
        </instance_geometry>
      </node>
      <node id="g export pCylinder14" name="g export pCylinder14">
        <matrix>1 0 0 0 0 1 0 0 0 0 1 0 0 0 0 1</matrix>
        <instance_geometry url="#meshId66">
          <bind_material>
            <technique_common>
              <instance_material symbol="defaultMaterial" target="#lambert17SG" />
            </technique_common>
          </bind_material>
        </instance_geometry>
      </node>
      <node id="g export pCylinder13" name="g export pCylinder13">
        <matrix>1 0 0 0 0 1 0 0 0 0 1 0 0 0 0 1</matrix>
        <instance_geometry url="#meshId67">
          <bind_material>
            <technique_common>
              <instance_material symbol="defaultMaterial" target="#lambert17SG" />
            </technique_common>
          </bind_material>
        </instance_geometry>
      </node>
      <node id="g export pCylinder12" name="g export pCylinder12">
        <matrix>1 0 0 0 0 1 0 0 0 0 1 0 0 0 0 1</matrix>
        <instance_geometry url="#meshId68">
          <bind_material>
            <technique_common>
              <instance_material symbol="defaultMaterial" target="#lambert17SG" />
            </technique_common>
          </bind_material>
        </instance_geometry>
      </node>
      <node id="g export pCylinder11" name="g export pCylinder11">
        <matrix>1 0 0 0 0 1 0 0 0 0 1 0 0 0 0 1</matrix>
        <instance_geometry url="#meshId69">
          <bind_material>
            <technique_common>
              <instance_material symbol="defaultMaterial" target="#lambert17SG" />
            </technique_common>
          </bind_material>
        </instance_geometry>
      </node>
      <node id="g export pCylinder10" name="g export pCylinder10">
        <matrix>1 0 0 0 0 1 0 0 0 0 1 0 0 0 0 1</matrix>
        <instance_geometry url="#meshId70">
          <bind_material>
            <technique_common>
              <instance_material symbol="defaultMaterial" target="#lambert17SG" />
            </technique_common>
          </bind_material>
        </instance_geometry>
      </node>
      <node id="g export pCube16" name="g export pCube16">
        <matrix>1 0 0 0 0 1 0 0 0 0 1 0 0 0 0 1</matrix>
        <instance_geometry url="#meshId71">
          <bind_material>
            <technique_common>
              <instance_material symbol="defaultMaterial" target="#lambert17SG" />
            </technique_common>
          </bind_material>
        </instance_geometry>
      </node>
      <node id="g export pCube15" name="g export pCube15">
        <matrix>1 0 0 0 0 1 0 0 0 0 1 0 0 0 0 1</matrix>
        <instance_geometry url="#meshId72">
          <bind_material>
            <technique_common>
              <instance_material symbol="defaultMaterial" target="#lambert17SG" />
            </technique_common>
          </bind_material>
        </instance_geometry>
      </node>
      <node id="g export pCube14" name="g export pCube14">
        <matrix>1 0 0 0 0 1 0 0 0 0 1 0 0 0 0 1</matrix>
        <instance_geometry url="#meshId73">
          <bind_material>
            <technique_common>
              <instance_material symbol="defaultMaterial" target="#lambert17SG" />
            </technique_common>
          </bind_material>
        </instance_geometry>
      </node>
      <node id="g export pCube13" name="g export pCube13">
        <matrix>1 0 0 0 0 1 0 0 0 0 1 0 0 0 0 1</matrix>
        <instance_geometry url="#meshId74">
          <bind_material>
            <technique_common>
              <instance_material symbol="defaultMaterial" target="#lambert17SG" />
            </technique_common>
          </bind_material>
        </instance_geometry>
      </node>
      <node id="g export pCube12" name="g export pCube12">
        <matrix>1 0 0 0 0 1 0 0 0 0 1 0 0 0 0 1</matrix>
        <instance_geometry url="#meshId75">
          <bind_material>
            <technique_common>
              <instance_material symbol="defaultMaterial" target="#lambert17SG" />
            </technique_common>
          </bind_material>
        </instance_geometry>
      </node>
      <node id="g export pCube11" name="g export pCube11">
        <matrix>1 0 0 0 0 1 0 0 0 0 1 0 0 0 0 1</matrix>
        <instance_geometry url="#meshId76">
          <bind_material>
            <technique_common>
              <instance_material symbol="defaultMaterial" target="#lambert17SG" />
            </technique_common>
          </bind_material>
        </instance_geometry>
      </node>
      <node id="g export pCube1" name="g export pCube1">
        <matrix>1 0 0 0 0 1 0 0 0 0 1 0 0 0 0 1</matrix>
        <instance_geometry url="#meshId77">
          <bind_material>
            <technique_common>
              <instance_material symbol="defaultMaterial" target="#lambert17SG" />
            </technique_common>
          </bind_material>
        </instance_geometry>
      </node>
      <node id="g export pPlane6" name="g export pPlane6">
        <matrix>1 0 0 0 0 1 0 0 0 0 1 0 0 0 0 1</matrix>
        <instance_geometry url="#meshId78">
          <bind_material>
            <technique_common>
              <instance_material symbol="defaultMaterial" target="#lambert17SG" />
            </technique_common>
          </bind_material>
        </instance_geometry>
      </node>
      <node id="g export pCube3" name="g export pCube3">
        <matrix>1 0 0 0 0 1 0 0 0 0 1 0 0 0 0 1</matrix>
        <instance_geometry url="#meshId79">
          <bind_material>
            <technique_common>
              <instance_material symbol="defaultMaterial" target="#lambert17SG" />
            </technique_common>
          </bind_material>
        </instance_geometry>
      </node>
      <node id="g export polySurface5" name="g export polySurface5">
        <matrix>1 0 0 0 0 1 0 0 0 0 1 0 0 0 0 1</matrix>
        <instance_geometry url="#meshId80">
          <bind_material>
            <technique_common>
              <instance_material symbol="defaultMaterial" target="#lambert17SG" />
            </technique_common>
          </bind_material>
        </instance_geometry>
      </node>
      <node id="g export polySurface6" name="g export polySurface6">
        <matrix>1 0 0 0 0 1 0 0 0 0 1 0 0 0 0 1</matrix>
        <instance_geometry url="#meshId81">
          <bind_material>
            <technique_common>
              <instance_material symbol="defaultMaterial" target="#lambert17SG" />
            </technique_common>
          </bind_material>
        </instance_geometry>
      </node>
    </visual_scene>
  </library_visual_scenes>
  <scene>
    <instance_visual_scene url="#cart_low.obj" />
  </scene>
</COLLADA>
